feature,d,type,score
first_12,12,genuine,9351.0
first_12,12,genuine,84819.0
first_12,12,genuine,84819.0
first_12,12,genuine,12654.0
first_12,12,genuine,14830.0
first_12,12,genuine,14726.0
first_12,12,genuine,14261.0
first_12,12,genuine,92876.0
first_12,12,genuine,92876.0
first_12,12,genuine,28329.0
first_12,12,genuine,30975.0
first_12,12,genuine,34731.0
first_12,12,genuine,28532.0
first_12,12,genuine,0.0
first_12,12,genuine,88049.0
first_12,12,genuine,86519.0
first_12,12,genuine,82747.0
first_12,12,genuine,87902.0
first_12,12,genuine,88049.0
first_12,12,genuine,86519.0
first_12,12,genuine,82747.0
first_12,12,genuine,87902.0
first_12,12,genuine,702.0
first_12,12,genuine,2326.0
first_12,12,genuine,3229.0
first_12,12,genuine,1516.0
first_12,12,genuine,1869.0
first_12,12,genuine,4677.0
first_12,12,genuine,3534.0
first_12,12,genuine,28420.0
first_12,12,genuine,4661.0
first_12,12,genuine,6884.0
first_12,12,genuine,4163.0
first_12,12,genuine,1946.0
first_12,12,genuine,2802.0
first_12,12,genuine,29908.0
first_12,12,genuine,147.0
first_12,12,genuine,5476.0
first_12,12,genuine,251.0
first_12,12,genuine,3908.0
first_12,12,genuine,108.0
first_12,12,genuine,31455.0
first_12,12,genuine,22676.0
first_12,12,genuine,32479.0
first_12,12,genuine,23386.0
first_12,12,genuine,28816.0
first_12,12,genuine,5749.0
first_12,12,genuine,146.0
first_12,12,genuine,4685.0
first_12,12,genuine,507.0
first_12,12,genuine,6505.0
first_12,12,genuine,5130.0
first_12,12,genuine,5476.0
first_12,12,genuine,3999.0
first_12,12,genuine,575.0
first_12,12,genuine,3476.0
first_12,12,genuine,7030.0
first_12,12,genuine,7591.0
first_12,12,genuine,4532.0
first_12,12,genuine,17323.0
first_12,12,genuine,14433.0
first_12,12,genuine,17323.0
first_12,12,genuine,10723.0
first_12,12,genuine,4717.0
first_12,12,genuine,12192.0
first_12,12,genuine,36343.0
first_12,12,genuine,32575.0
first_12,12,genuine,36343.0
first_12,12,genuine,20559.0
first_12,12,genuine,7599.0
first_12,12,genuine,31608.0
first_12,12,genuine,28810.0
first_12,12,genuine,31608.0
first_12,12,genuine,14992.0
first_12,12,genuine,19457.0
first_12,12,genuine,16687.0
first_12,12,genuine,19457.0
first_12,12,genuine,16115.0
first_12,12,genuine,838.0
first_12,12,genuine,0.0
first_12,12,genuine,18382.0
first_12,12,genuine,838.0
first_12,12,genuine,18376.0
first_12,12,genuine,18382.0
first_12,12,genuine,6983.0
first_12,12,genuine,7300.0
first_12,12,genuine,10233.0
first_12,12,genuine,27806.0
first_12,12,genuine,27669.0
first_12,12,genuine,28139.0
first_12,12,genuine,27806.0
first_12,12,genuine,3025.0
first_12,12,genuine,5292.0
first_12,12,genuine,17783.0
first_12,12,genuine,17642.0
first_12,12,genuine,18016.0
first_12,12,genuine,17783.0
first_12,12,genuine,2683.0
first_12,12,genuine,26458.0
first_12,12,genuine,26335.0
first_12,12,genuine,27141.0
first_12,12,genuine,26458.0
first_12,12,genuine,31225.0
first_12,12,genuine,31030.0
first_12,12,genuine,28164.0
first_12,12,genuine,31225.0
first_12,12,genuine,3.0
first_12,12,genuine,3153.0
first_12,12,genuine,0.0
first_12,12,genuine,3026.0
first_12,12,genuine,3.0
first_12,12,genuine,3153.0
first_12,12,genuine,7201.0
first_12,12,genuine,233.0
first_12,12,genuine,78312.0
first_12,12,genuine,100937.0
first_12,12,genuine,78312.0
first_12,12,genuine,17158.0
first_12,12,genuine,100937.0
first_12,12,genuine,7254.0
first_12,12,genuine,93743.0
first_12,12,genuine,100440.0
first_12,12,genuine,93743.0
first_12,12,genuine,18613.0
first_12,12,genuine,100440.0
first_12,12,genuine,81099.0
first_12,12,genuine,104810.0
first_12,12,genuine,81099.0
first_12,12,genuine,19297.0
first_12,12,genuine,104810.0
first_12,12,genuine,98283.0
first_12,12,genuine,0.0
first_12,12,genuine,62060.0
first_12,12,genuine,98283.0
first_12,12,genuine,98283.0
first_12,12,genuine,79255.0
first_12,12,genuine,0.0
first_12,12,genuine,62060.0
first_12,12,genuine,98283.0
first_12,12,genuine,79255.0
first_12,12,genuine,1097.0
first_12,12,genuine,2651.0
first_12,12,genuine,7467.0
first_12,12,genuine,10362.0
first_12,12,genuine,21103.0
first_12,12,genuine,45663.0
first_12,12,genuine,13310.0
first_12,12,genuine,5800.0
first_12,12,genuine,12418.0
first_12,12,genuine,14011.0
first_12,12,genuine,24064.0
first_12,12,genuine,50286.0
first_12,12,genuine,15709.0
first_12,12,genuine,7636.0
first_12,12,genuine,6231.0
first_12,12,genuine,17032.0
first_12,12,genuine,43086.0
first_12,12,genuine,10675.0
first_12,12,genuine,10309.0
first_12,12,genuine,20890.0
first_12,12,genuine,42286.0
first_12,12,genuine,14553.0
first_12,12,genuine,3549.0
first_12,12,genuine,37597.0
first_12,12,genuine,1584.0
first_12,12,genuine,33324.0
first_12,12,genuine,1427.0
first_12,12,genuine,38025.0
first_12,12,genuine,91913.0
first_12,12,genuine,70302.0
first_12,12,genuine,85667.0
first_12,12,genuine,92852.0
first_12,12,genuine,94413.0
first_12,12,genuine,65134.0
first_12,12,genuine,69864.0
first_12,12,genuine,45337.0
first_12,12,genuine,7368.0
first_12,12,genuine,8727.0
first_12,12,genuine,2594.0
first_12,12,genuine,49661.0
first_12,12,genuine,17913.0
first_12,12,genuine,34677.0
first_12,12,genuine,41764.0
first_12,12,genuine,47729.0
first_12,12,genuine,32962.0
first_12,12,genuine,23268.0
first_12,12,genuine,10337.0
first_12,12,genuine,11050.0
first_12,12,genuine,45113.0
first_12,12,genuine,16689.0
first_12,12,genuine,8501.0
first_12,12,genuine,35300.0
first_12,12,genuine,21044.0
first_12,12,genuine,48735.0
first_12,12,genuine,26337.0
first_12,12,genuine,26768.0
first_12,12,genuine,7315.0
first_12,12,genuine,1407.0
first_12,12,genuine,37353.0
first_12,12,genuine,24216.0
first_12,12,genuine,13413.0
first_12,12,genuine,8000.0
first_12,12,genuine,2908.0
first_12,12,genuine,8386.0
first_12,12,genuine,42474.0
first_12,12,genuine,17377.0
first_12,12,genuine,14528.0
first_12,12,genuine,8341.0
first_12,12,genuine,7487.0
first_12,12,genuine,34968.0
first_12,12,genuine,22293.0
first_12,12,genuine,8410.0
first_12,12,genuine,5867.0
first_12,12,genuine,3107.0
first_12,12,genuine,18723.0
first_12,12,genuine,39070.0
first_12,12,genuine,35611.0
first_12,12,genuine,31811.0
first_12,12,genuine,24649.0
first_12,12,genuine,20550.0
first_12,12,genuine,24094.0
first_12,12,genuine,5933.0
first_12,12,genuine,7229.0
first_12,12,genuine,4958.0
first_12,12,genuine,11767.0
first_12,12,genuine,722.0
first_12,12,genuine,8730.0
first_12,12,genuine,13250.0
first_12,12,genuine,3091.0
first_12,12,genuine,4813.0
first_12,12,genuine,4044.0
first_12,12,genuine,13187.0
first_12,12,genuine,8963.0
first_12,12,genuine,18431.0
first_12,12,genuine,11362.0
first_12,12,genuine,21572.0
first_12,12,genuine,17791.0
first_12,12,genuine,10596.0
first_12,12,genuine,15318.0
first_12,12,genuine,5343.0
first_12,12,genuine,7151.0
first_12,12,genuine,5104.0
first_12,12,genuine,4094.0
first_12,12,genuine,4347.0
first_12,12,genuine,9923.0
first_12,12,genuine,8716.0
first_12,12,genuine,7217.0
first_12,12,genuine,8545.0
first_12,12,genuine,10034.0
first_12,12,genuine,4740.0
first_12,12,genuine,5115.0
first_12,12,genuine,3515.0
first_12,12,genuine,70203.0
first_12,12,genuine,35017.0
first_12,12,genuine,60247.0
first_12,12,genuine,62715.0
first_12,12,genuine,61655.0
first_12,12,genuine,61817.0
first_12,12,genuine,66079.0
first_12,12,genuine,21658.0
first_12,12,genuine,4402.0
first_12,12,genuine,3576.0
first_12,12,genuine,3406.0
first_12,12,genuine,3516.0
first_12,12,genuine,4498.0
first_12,12,genuine,12838.0
first_12,12,genuine,17174.0
first_12,12,genuine,18632.0
first_12,12,genuine,18604.0
first_12,12,genuine,19332.0
first_12,12,genuine,1878.0
first_12,12,genuine,1814.0
first_12,12,genuine,1780.0
first_12,12,genuine,2402.0
first_12,12,genuine,302.0
first_12,12,genuine,268.0
first_12,12,genuine,218.0
first_12,12,genuine,4.0
first_12,12,genuine,588.0
first_12,12,genuine,508.0
first_12,12,impostor,6599.0
first_12,12,impostor,10609.0
first_12,12,impostor,15685.0
first_12,12,impostor,12114.0
first_12,12,impostor,12123.0
first_12,12,impostor,11548.0
first_12,12,impostor,5011.0
first_12,12,impostor,9553.0
first_12,12,impostor,3721.0
first_12,12,impostor,12353.0
first_12,12,impostor,8150.0
first_12,12,impostor,7713.0
first_12,12,impostor,14726.0
first_12,12,impostor,14320.0
first_12,12,impostor,14726.0
first_12,12,impostor,9070.0
first_12,12,impostor,5004.0
first_12,12,impostor,3841.0
first_12,12,impostor,6854.0
first_12,12,impostor,10205.0
first_12,12,impostor,14726.0
first_12,12,impostor,14675.0
first_12,12,impostor,16749.0
first_12,12,impostor,14726.0
first_12,12,impostor,9791.0
first_12,12,impostor,7884.0
first_12,12,impostor,10814.0
first_12,12,impostor,80837.0
first_12,12,impostor,86810.0
first_12,12,impostor,80837.0
first_12,12,impostor,20215.0
first_12,12,impostor,86810.0
first_12,12,impostor,3630.0
first_12,12,impostor,6013.0
first_12,12,impostor,3307.0
first_12,12,impostor,10535.0
first_12,12,impostor,8900.0
first_12,12,impostor,17637.0
first_12,12,impostor,38773.0
first_12,12,impostor,11170.0
first_12,12,impostor,84819.0
first_12,12,impostor,6200.0
first_12,12,impostor,42959.0
first_12,12,impostor,9170.0
first_12,12,impostor,13521.0
first_12,12,impostor,9500.0
first_12,12,impostor,43293.0
first_12,12,impostor,16339.0
first_12,12,impostor,8833.0
first_12,12,impostor,13594.0
first_12,12,impostor,7872.0
first_12,12,impostor,35406.0
first_12,12,impostor,23849.0
first_12,12,impostor,7060.0
first_12,12,impostor,4749.0
first_12,12,impostor,5097.0
first_12,12,impostor,9178.0
first_12,12,impostor,12051.0
first_12,12,impostor,11218.0
first_12,12,impostor,6594.0
first_12,12,impostor,7122.0
first_12,12,impostor,8307.0
first_12,12,impostor,8745.0
first_12,12,impostor,7438.0
first_12,12,impostor,64541.0
first_12,12,impostor,5582.0
first_12,12,impostor,18972.0
first_12,12,impostor,9236.0
first_12,12,impostor,9950.0
first_12,12,impostor,9398.0
first_12,12,impostor,9630.0
first_12,12,impostor,12114.0
first_12,12,impostor,2456.0
first_12,12,impostor,4006.0
first_12,12,impostor,30698.0
first_12,12,impostor,4573.0
first_12,12,impostor,10890.0
first_12,12,impostor,3893.0
first_12,12,impostor,3434.0
first_12,12,impostor,3754.0
first_12,12,impostor,9314.0
first_12,12,impostor,4678.0
first_12,12,impostor,3455.0
first_12,12,impostor,10214.0
first_12,12,impostor,34731.0
first_12,12,impostor,31277.0
first_12,12,impostor,34731.0
first_12,12,impostor,23655.0
first_12,12,impostor,4909.0
first_12,12,impostor,9450.0
first_12,12,impostor,3533.0
first_12,12,impostor,4976.0
first_12,12,impostor,34731.0
first_12,12,impostor,34602.0
first_12,12,impostor,35264.0
first_12,12,impostor,34731.0
first_12,12,impostor,3746.0
first_12,12,impostor,12751.0
first_12,12,impostor,3523.0
first_12,12,impostor,78758.0
first_12,12,impostor,97401.0
first_12,12,impostor,78758.0
first_12,12,impostor,22430.0
first_12,12,impostor,97401.0
first_12,12,impostor,3933.0
first_12,12,impostor,5508.0
first_12,12,impostor,8386.0
first_12,12,impostor,11644.0
first_12,12,impostor,21535.0
first_12,12,impostor,33796.0
first_12,12,impostor,52136.0
first_12,12,impostor,24577.0
first_12,12,impostor,92876.0
first_12,12,impostor,9493.0
first_12,12,impostor,45398.0
first_12,12,impostor,8849.0
first_12,12,impostor,4992.0
first_12,12,impostor,9165.0
first_12,12,impostor,48448.0
first_12,12,impostor,26910.0
first_12,12,impostor,1696.0
first_12,12,impostor,10469.0
first_12,12,impostor,3131.0
first_12,12,impostor,46199.0
first_12,12,impostor,28946.0
first_12,12,impostor,14965.0
first_12,12,impostor,10318.0
first_12,12,impostor,5502.0
first_12,12,impostor,4083.0
first_12,12,impostor,11404.0
first_12,12,impostor,4213.0
first_12,12,impostor,10001.0
first_12,12,impostor,15829.0
first_12,12,impostor,7030.0
first_12,12,impostor,13236.0
first_12,12,impostor,11197.0
first_12,12,impostor,60110.0
first_12,12,impostor,8341.0
first_12,12,impostor,10631.0
first_12,12,impostor,2031.0
first_12,12,impostor,3713.0
first_12,12,impostor,3733.0
first_12,12,impostor,3719.0
first_12,12,impostor,4573.0
first_12,12,impostor,88238.0
first_12,12,impostor,96222.0
first_12,12,impostor,79080.0
first_12,12,impostor,98581.0
first_12,12,impostor,94540.0
first_12,12,impostor,97663.0
first_12,12,impostor,91786.0
first_12,12,impostor,94434.0
first_12,12,impostor,92058.0
first_12,12,impostor,98942.0
first_12,12,impostor,90705.0
first_12,12,impostor,91530.0
first_12,12,impostor,82747.0
first_12,12,impostor,85597.0
first_12,12,impostor,82747.0
first_12,12,impostor,75413.0
first_12,12,impostor,92443.0
first_12,12,impostor,91528.0
first_12,12,impostor,93319.0
first_12,12,impostor,87802.0
first_12,12,impostor,82747.0
first_12,12,impostor,82774.0
first_12,12,impostor,75596.0
first_12,12,impostor,82747.0
first_12,12,impostor,94602.0
first_12,12,impostor,94105.0
first_12,12,impostor,95941.0
first_12,12,impostor,65522.0
first_12,12,impostor,32761.0
first_12,12,impostor,65522.0
first_12,12,impostor,78350.0
first_12,12,impostor,32761.0
first_12,12,impostor,92131.0
first_12,12,impostor,93996.0
first_12,12,impostor,91546.0
first_12,12,impostor,83476.0
first_12,12,impostor,89945.0
first_12,12,impostor,88634.0
first_12,12,impostor,67906.0
first_12,12,impostor,89599.0
first_12,12,impostor,0.0
first_12,12,impostor,91913.0
first_12,12,impostor,70302.0
first_12,12,impostor,85667.0
first_12,12,impostor,92852.0
first_12,12,impostor,94413.0
first_12,12,impostor,65134.0
first_12,12,impostor,69864.0
first_12,12,impostor,89780.0
first_12,12,impostor,92399.0
first_12,12,impostor,88195.0
first_12,12,impostor,65643.0
first_12,12,impostor,70916.0
first_12,12,impostor,92003.0
first_12,12,impostor,89684.0
first_12,12,impostor,90844.0
first_12,12,impostor,92551.0
first_12,12,impostor,84612.0
first_12,12,impostor,97197.0
first_12,12,impostor,89493.0
first_12,12,impostor,91871.0
first_12,12,impostor,91724.0
first_12,12,impostor,87546.0
first_12,12,impostor,90849.0
first_12,12,impostor,65354.0
first_12,12,impostor,92265.0
first_12,12,impostor,79615.0
first_12,12,impostor,93905.0
first_12,12,impostor,96109.0
first_12,12,impostor,94157.0
first_12,12,impostor,94319.0
first_12,12,impostor,98581.0
first_12,12,impostor,88238.0
first_12,12,impostor,96222.0
first_12,12,impostor,79080.0
first_12,12,impostor,98581.0
first_12,12,impostor,94540.0
first_12,12,impostor,97663.0
first_12,12,impostor,91786.0
first_12,12,impostor,94434.0
first_12,12,impostor,92058.0
first_12,12,impostor,98942.0
first_12,12,impostor,90705.0
first_12,12,impostor,91530.0
first_12,12,impostor,82747.0
first_12,12,impostor,85597.0
first_12,12,impostor,82747.0
first_12,12,impostor,75413.0
first_12,12,impostor,92443.0
first_12,12,impostor,91528.0
first_12,12,impostor,93319.0
first_12,12,impostor,87802.0
first_12,12,impostor,82747.0
first_12,12,impostor,82774.0
first_12,12,impostor,75596.0
first_12,12,impostor,82747.0
first_12,12,impostor,94602.0
first_12,12,impostor,94105.0
first_12,12,impostor,95941.0
first_12,12,impostor,65522.0
first_12,12,impostor,32761.0
first_12,12,impostor,65522.0
first_12,12,impostor,78350.0
first_12,12,impostor,32761.0
first_12,12,impostor,92131.0
first_12,12,impostor,93996.0
first_12,12,impostor,91546.0
first_12,12,impostor,83476.0
first_12,12,impostor,89945.0
first_12,12,impostor,88634.0
first_12,12,impostor,67906.0
first_12,12,impostor,89599.0
first_12,12,impostor,0.0
first_12,12,impostor,91913.0
first_12,12,impostor,70302.0
first_12,12,impostor,85667.0
first_12,12,impostor,92852.0
first_12,12,impostor,94413.0
first_12,12,impostor,65134.0
first_12,12,impostor,69864.0
first_12,12,impostor,89780.0
first_12,12,impostor,92399.0
first_12,12,impostor,88195.0
first_12,12,impostor,65643.0
first_12,12,impostor,70916.0
first_12,12,impostor,92003.0
first_12,12,impostor,89684.0
first_12,12,impostor,90844.0
first_12,12,impostor,92551.0
first_12,12,impostor,84612.0
first_12,12,impostor,97197.0
first_12,12,impostor,89493.0
first_12,12,impostor,91871.0
first_12,12,impostor,91724.0
first_12,12,impostor,87546.0
first_12,12,impostor,90849.0
first_12,12,impostor,65354.0
first_12,12,impostor,92265.0
first_12,12,impostor,79615.0
first_12,12,impostor,93905.0
first_12,12,impostor,96109.0
first_12,12,impostor,94157.0
first_12,12,impostor,94319.0
first_12,12,impostor,98581.0
first_12,12,impostor,23865.0
first_12,12,impostor,27361.0
first_12,12,impostor,23497.0
first_12,12,impostor,28418.0
first_12,12,impostor,29193.0
first_12,12,impostor,27908.0
first_12,12,impostor,22833.0
first_12,12,impostor,26689.0
first_12,12,impostor,11181.0
first_12,12,impostor,28593.0
first_12,12,impostor,25256.0
first_12,12,impostor,13335.0
first_12,12,impostor,2326.0
first_12,12,impostor,844.0
first_12,12,impostor,2326.0
first_12,12,impostor,16870.0
first_12,12,impostor,21710.0
first_12,12,impostor,11949.0
first_12,12,impostor,19828.0
first_12,12,impostor,24547.0
first_12,12,impostor,2326.0
first_12,12,impostor,2243.0
first_12,12,impostor,3749.0
first_12,12,impostor,2326.0
first_12,12,impostor,26869.0
first_12,12,impostor,12086.0
first_12,12,impostor,27158.0
first_12,12,impostor,81895.0
first_12,12,impostor,91488.0
first_12,12,impostor,81895.0
first_12,12,impostor,28287.0
first_12,12,impostor,91488.0
first_12,12,impostor,16256.0
first_12,12,impostor,19107.0
first_12,12,impostor,12547.0
first_12,12,impostor,17513.0
first_12,12,impostor,1838.0
first_12,12,impostor,813.0
first_12,12,impostor,34239.0
first_12,12,impostor,806.0
first_12,12,impostor,88049.0
first_12,12,impostor,11512.0
first_12,12,impostor,38115.0
first_12,12,impostor,19418.0
first_12,12,impostor,29927.0
first_12,12,impostor,14658.0
first_12,12,impostor,64623.0
first_12,12,impostor,21465.0
first_12,12,impostor,26503.0
first_12,12,impostor,31060.0
first_12,12,impostor,22626.0
first_12,12,impostor,29242.0
first_12,12,impostor,31591.0
first_12,12,impostor,11124.0
first_12,12,impostor,15177.0
first_12,12,impostor,14427.0
first_12,12,impostor,26662.0
first_12,12,impostor,23845.0
first_12,12,impostor,27778.0
first_12,12,impostor,10854.0
first_12,12,impostor,8376.0
first_12,12,impostor,21455.0
first_12,12,impostor,22351.0
first_12,12,impostor,17792.0
first_12,12,impostor,72641.0
first_12,12,impostor,17124.0
first_12,12,impostor,29390.0
first_12,12,impostor,24114.0
first_12,12,impostor,26232.0
first_12,12,impostor,26598.0
first_12,12,impostor,26772.0
first_12,12,impostor,28418.0
first_12,12,impostor,26127.0
first_12,12,impostor,30211.0
first_12,12,impostor,22769.0
first_12,12,impostor,31450.0
first_12,12,impostor,32155.0
first_12,12,impostor,30888.0
first_12,12,impostor,25291.0
first_12,12,impostor,29383.0
first_12,12,impostor,13671.0
first_12,12,impostor,31651.0
first_12,12,impostor,28372.0
first_12,12,impostor,15909.0
first_12,12,impostor,1516.0
first_12,12,impostor,130.0
first_12,12,impostor,1516.0
first_12,12,impostor,18458.0
first_12,12,impostor,24258.0
first_12,12,impostor,14339.0
first_12,12,impostor,22546.0
first_12,12,impostor,26881.0
first_12,12,impostor,1516.0
first_12,12,impostor,1419.0
first_12,12,impostor,2609.0
first_12,12,impostor,1516.0
first_12,12,impostor,29587.0
first_12,12,impostor,14550.0
first_12,12,impostor,30018.0
first_12,12,impostor,81089.0
first_12,12,impostor,88148.0
first_12,12,impostor,81089.0
first_12,12,impostor,31183.0
first_12,12,impostor,88148.0
first_12,12,impostor,18844.0
first_12,12,impostor,21773.0
first_12,12,impostor,15105.0
first_12,12,impostor,19555.0
first_12,12,impostor,3234.0
first_12,12,impostor,501.0
first_12,12,impostor,33921.0
first_12,12,impostor,860.0
first_12,12,impostor,86519.0
first_12,12,impostor,14312.0
first_12,12,impostor,36891.0
first_12,12,impostor,21642.0
first_12,12,impostor,32369.0
first_12,12,impostor,17494.0
first_12,12,impostor,65583.0
first_12,12,impostor,23009.0
first_12,12,impostor,28793.0
first_12,12,impostor,33536.0
first_12,12,impostor,25526.0
first_12,12,impostor,28318.0
first_12,12,impostor,33345.0
first_12,12,impostor,15094.0
first_12,12,impostor,16063.0
first_12,12,impostor,16495.0
first_12,12,impostor,29254.0
first_12,12,impostor,25275.0
first_12,12,impostor,30706.0
first_12,12,impostor,12434.0
first_12,12,impostor,9066.0
first_12,12,impostor,23929.0
first_12,12,impostor,24569.0
first_12,12,impostor,19924.0
first_12,12,impostor,74061.0
first_12,12,impostor,19516.0
first_12,12,impostor,33230.0
first_12,12,impostor,27206.0
first_12,12,impostor,29352.0
first_12,12,impostor,29266.0
first_12,12,impostor,29464.0
first_12,12,impostor,31450.0
first_12,12,impostor,29571.0
first_12,12,impostor,34487.0
first_12,12,impostor,21381.0
first_12,12,impostor,36090.0
first_12,12,impostor,36275.0
first_12,12,impostor,35476.0
first_12,12,impostor,28787.0
first_12,12,impostor,33347.0
first_12,12,impostor,17323.0
first_12,12,impostor,36343.0
first_12,12,impostor,31608.0
first_12,12,impostor,19457.0
first_12,12,impostor,0.0
first_12,12,impostor,838.0
first_12,12,impostor,0.0
first_12,12,impostor,18382.0
first_12,12,impostor,27806.0
first_12,12,impostor,17783.0
first_12,12,impostor,26458.0
first_12,12,impostor,31225.0
first_12,12,impostor,0.0
first_12,12,impostor,3.0
first_12,12,impostor,3153.0
first_12,12,impostor,0.0
first_12,12,impostor,33603.0
first_12,12,impostor,18566.0
first_12,12,impostor,34398.0
first_12,12,impostor,77317.0
first_12,12,impostor,86548.0
first_12,12,impostor,77317.0
first_12,12,impostor,31015.0
first_12,12,impostor,86548.0
first_12,12,impostor,22444.0
first_12,12,impostor,25789.0
first_12,12,impostor,18601.0
first_12,12,impostor,23991.0
first_12,12,impostor,6418.0
first_12,12,impostor,2845.0
first_12,12,impostor,31449.0
first_12,12,impostor,3540.0
first_12,12,impostor,82747.0
first_12,12,impostor,16972.0
first_12,12,impostor,38523.0
first_12,12,impostor,26842.0
first_12,12,impostor,36073.0
first_12,12,impostor,21562.0
first_12,12,impostor,61895.0
first_12,12,impostor,20097.0
first_12,12,impostor,32281.0
first_12,12,impostor,37136.0
first_12,12,impostor,29926.0
first_12,12,impostor,26266.0
first_12,12,impostor,31733.0
first_12,12,impostor,18746.0
first_12,12,impostor,19091.0
first_12,12,impostor,19835.0
first_12,12,impostor,33010.0
first_12,12,impostor,23607.0
first_12,12,impostor,35138.0
first_12,12,impostor,15770.0
first_12,12,impostor,12562.0
first_12,12,impostor,27425.0
first_12,12,impostor,28521.0
first_12,12,impostor,23316.0
first_12,12,impostor,70289.0
first_12,12,impostor,23116.0
first_12,12,impostor,35958.0
first_12,12,impostor,31118.0
first_12,12,impostor,33680.0
first_12,12,impostor,33178.0
first_12,12,impostor,33428.0
first_12,12,impostor,36090.0
first_12,12,impostor,25380.0
first_12,12,impostor,29536.0
first_12,12,impostor,19838.0
first_12,12,impostor,30845.0
first_12,12,impostor,32750.0
first_12,12,impostor,30209.0
first_12,12,impostor,23646.0
first_12,12,impostor,28648.0
first_12,12,impostor,12668.0
first_12,12,impostor,31056.0
first_12,12,impostor,26313.0
first_12,12,impostor,12598.0
first_12,12,impostor,4677.0
first_12,12,impostor,2319.0
first_12,12,impostor,4677.0
first_12,12,impostor,19131.0
first_12,12,impostor,21263.0
first_12,12,impostor,13316.0
first_12,12,impostor,21613.0
first_12,12,impostor,24208.0
first_12,12,impostor,4677.0
first_12,12,impostor,4514.0
first_12,12,impostor,3942.0
first_12,12,impostor,4677.0
first_12,12,impostor,28850.0
first_12,12,impostor,15821.0
first_12,12,impostor,29455.0
first_12,12,impostor,86816.0
first_12,12,impostor,87359.0
first_12,12,impostor,86816.0
first_12,12,impostor,34426.0
first_12,12,impostor,87359.0
first_12,12,impostor,16779.0
first_12,12,impostor,20940.0
first_12,12,impostor,11844.0
first_12,12,impostor,15096.0
first_12,12,impostor,2873.0
first_12,12,impostor,2970.0
first_12,12,impostor,35612.0
first_12,12,impostor,2087.0
first_12,12,impostor,87902.0
first_12,12,impostor,13861.0
first_12,12,impostor,37650.0
first_12,12,impostor,19673.0
first_12,12,impostor,28420.0
first_12,12,impostor,14375.0
first_12,12,impostor,58874.0
first_12,12,impostor,26096.0
first_12,12,impostor,27594.0
first_12,12,impostor,32919.0
first_12,12,impostor,24569.0
first_12,12,impostor,31737.0
first_12,12,impostor,37564.0
first_12,12,impostor,15727.0
first_12,12,impostor,14508.0
first_12,12,impostor,15900.0
first_12,12,impostor,28075.0
first_12,12,impostor,25098.0
first_12,12,impostor,30061.0
first_12,12,impostor,9705.0
first_12,12,impostor,5965.0
first_12,12,impostor,21640.0
first_12,12,impostor,22584.0
first_12,12,impostor,20935.0
first_12,12,impostor,80208.0
first_12,12,impostor,19227.0
first_12,12,impostor,33619.0
first_12,12,impostor,26381.0
first_12,12,impostor,28907.0
first_12,12,impostor,28521.0
first_12,12,impostor,28717.0
first_12,12,impostor,30845.0
first_12,12,impostor,6550.0
first_12,12,impostor,4846.0
first_12,12,impostor,4245.0
first_12,12,impostor,12042.0
first_12,12,impostor,29571.0
first_12,12,impostor,26481.0
first_12,12,impostor,29571.0
first_12,12,impostor,15237.0
first_12,12,impostor,5031.0
first_12,12,impostor,6440.0
first_12,12,impostor,2935.0
first_12,12,impostor,4594.0
first_12,12,impostor,29571.0
first_12,12,impostor,29398.0
first_12,12,impostor,28302.0
first_12,12,impostor,29571.0
first_12,12,impostor,2930.0
first_12,12,impostor,8073.0
first_12,12,impostor,3377.0
first_12,12,impostor,75568.0
first_12,12,impostor,89505.0
first_12,12,impostor,75568.0
first_12,12,impostor,17888.0
first_12,12,impostor,89505.0
first_12,12,impostor,3487.0
first_12,12,impostor,3816.0
first_12,12,impostor,8454.0
first_12,12,impostor,10966.0
first_12,12,impostor,18625.0
first_12,12,impostor,28350.0
first_12,12,impostor,48114.0
first_12,12,impostor,19767.0
first_12,12,impostor,88238.0
first_12,12,impostor,9445.0
first_12,12,impostor,41022.0
first_12,12,impostor,4835.0
first_12,12,impostor,9128.0
first_12,12,impostor,12233.0
first_12,12,impostor,50854.0
first_12,12,impostor,22052.0
first_12,12,impostor,1052.0
first_12,12,impostor,7651.0
first_12,12,impostor,1383.0
first_12,12,impostor,38509.0
first_12,12,impostor,23708.0
first_12,12,impostor,12027.0
first_12,12,impostor,6272.0
first_12,12,impostor,3392.0
first_12,12,impostor,3259.0
first_12,12,impostor,14380.0
first_12,12,impostor,3981.0
first_12,12,impostor,10069.0
first_12,12,impostor,14859.0
first_12,12,impostor,7240.0
first_12,12,impostor,8772.0
first_12,12,impostor,5593.0
first_12,12,impostor,57256.0
first_12,12,impostor,4761.0
first_12,12,impostor,13543.0
first_12,12,impostor,3053.0
first_12,12,impostor,3301.0
first_12,12,impostor,2701.0
first_12,12,impostor,2823.0
first_12,12,impostor,4661.0
first_12,12,impostor,6262.0
first_12,12,impostor,192.0
first_12,12,impostor,3565.0
first_12,12,impostor,11328.0
first_12,12,impostor,34487.0
first_12,12,impostor,31039.0
first_12,12,impostor,34487.0
first_12,12,impostor,18191.0
first_12,12,impostor,8595.0
first_12,12,impostor,6116.0
first_12,12,impostor,1107.0
first_12,12,impostor,4350.0
first_12,12,impostor,34487.0
first_12,12,impostor,34378.0
first_12,12,impostor,35520.0
first_12,12,impostor,34487.0
first_12,12,impostor,76.0
first_12,12,impostor,7209.0
first_12,12,impostor,101.0
first_12,12,impostor,79932.0
first_12,12,impostor,104367.0
first_12,12,impostor,79932.0
first_12,12,impostor,18628.0
first_12,12,impostor,104367.0
first_12,12,impostor,3777.0
first_12,12,impostor,2400.0
first_12,12,impostor,10978.0
first_12,12,impostor,14664.0
first_12,12,impostor,21685.0
first_12,12,impostor,33072.0
first_12,12,impostor,60714.0
first_12,12,impostor,22941.0
first_12,12,impostor,96222.0
first_12,12,impostor,7607.0
first_12,12,impostor,43312.0
first_12,12,impostor,6007.0
first_12,12,impostor,5622.0
first_12,12,impostor,12129.0
first_12,12,impostor,51210.0
first_12,12,impostor,22530.0
first_12,12,impostor,2532.0
first_12,12,impostor,3371.0
first_12,12,impostor,2903.0
first_12,12,impostor,42555.0
first_12,12,impostor,22480.0
first_12,12,impostor,10967.0
first_12,12,impostor,6558.0
first_12,12,impostor,3898.0
first_12,12,impostor,515.0
first_12,12,impostor,12788.0
first_12,12,impostor,27.0
first_12,12,impostor,10203.0
first_12,12,impostor,15021.0
first_12,12,impostor,5046.0
first_12,12,impostor,6758.0
first_12,12,impostor,4771.0
first_12,12,impostor,63720.0
first_12,12,impostor,3805.0
first_12,12,impostor,18835.0
first_12,12,impostor,1961.0
first_12,12,impostor,113.0
first_12,12,impostor,147.0
first_12,12,impostor,109.0
first_12,12,impostor,147.0
first_12,12,impostor,22364.0
first_12,12,impostor,31700.0
first_12,12,impostor,23139.0
first_12,12,impostor,25982.0
first_12,12,impostor,21381.0
first_12,12,impostor,21735.0
first_12,12,impostor,21381.0
first_12,12,impostor,16685.0
first_12,12,impostor,20741.0
first_12,12,impostor,23314.0
first_12,12,impostor,27253.0
first_12,12,impostor,33686.0
first_12,12,impostor,21381.0
first_12,12,impostor,21384.0
first_12,12,impostor,23010.0
first_12,12,impostor,21381.0
first_12,12,impostor,29094.0
first_12,12,impostor,27713.0
first_12,12,impostor,31617.0
first_12,12,impostor,62790.0
first_12,12,impostor,87949.0
first_12,12,impostor,62790.0
first_12,12,impostor,42020.0
first_12,12,impostor,87949.0
first_12,12,impostor,23467.0
first_12,12,impostor,27164.0
first_12,12,impostor,17848.0
first_12,12,impostor,28380.0
first_12,12,impostor,21237.0
first_12,12,impostor,26850.0
first_12,12,impostor,42638.0
first_12,12,impostor,22145.0
first_12,12,impostor,79080.0
first_12,12,impostor,25269.0
first_12,12,impostor,30800.0
first_12,12,impostor,30173.0
first_12,12,impostor,30090.0
first_12,12,impostor,26589.0
first_12,12,impostor,34062.0
first_12,12,impostor,28976.0
first_12,12,impostor,32540.0
first_12,12,impostor,24037.0
first_12,12,impostor,31243.0
first_12,12,impostor,42997.0
first_12,12,impostor,22210.0
first_12,12,impostor,25047.0
first_12,12,impostor,16538.0
first_12,12,impostor,26426.0
first_12,12,impostor,28405.0
first_12,12,impostor,27042.0
first_12,12,impostor,30535.0
first_12,12,impostor,24331.0
first_12,12,impostor,19173.0
first_12,12,impostor,30894.0
first_12,12,impostor,22836.0
first_12,12,impostor,29721.0
first_12,12,impostor,62062.0
first_12,12,impostor,26847.0
first_12,12,impostor,38045.0
first_12,12,impostor,33979.0
first_12,12,impostor,29163.0
first_12,12,impostor,28655.0
first_12,12,impostor,28927.0
first_12,12,impostor,31455.0
first_12,12,impostor,6913.0
first_12,12,impostor,3.0
first_12,12,impostor,4552.0
first_12,12,impostor,12063.0
first_12,12,impostor,36090.0
first_12,12,impostor,32362.0
first_12,12,impostor,36090.0
first_12,12,impostor,20242.0
first_12,12,impostor,9330.0
first_12,12,impostor,6935.0
first_12,12,impostor,1548.0
first_12,12,impostor,5295.0
first_12,12,impostor,36090.0
first_12,12,impostor,35995.0
first_12,12,impostor,37473.0
first_12,12,impostor,36090.0
first_12,12,impostor,433.0
first_12,12,impostor,7566.0
first_12,12,impostor,164.0
first_12,12,impostor,82291.0
first_12,12,impostor,109260.0
first_12,12,impostor,82291.0
first_12,12,impostor,20777.0
first_12,12,impostor,109260.0
first_12,12,impostor,4470.0
first_12,12,impostor,2757.0
first_12,12,impostor,11755.0
first_12,12,impostor,16127.0
first_12,12,impostor,22714.0
first_12,12,impostor,34353.0
first_12,12,impostor,63563.0
first_12,12,impostor,23998.0
first_12,12,impostor,98581.0
first_12,12,impostor,7922.0
first_12,12,impostor,44789.0
first_12,12,impostor,6924.0
first_12,12,impostor,6231.0
first_12,12,impostor,12444.0
first_12,12,impostor,53667.0
first_12,12,impostor,24455.0
first_12,12,impostor,3505.0
first_12,12,impostor,4064.0
first_12,12,impostor,3708.0
first_12,12,impostor,44662.0
first_12,12,impostor,23971.0
first_12,12,impostor,11618.0
first_12,12,impostor,7713.0
first_12,12,impostor,4801.0
first_12,12,impostor,1082.0
first_12,12,impostor,13803.0
first_12,12,impostor,48.0
first_12,12,impostor,11204.0
first_12,12,impostor,15798.0
first_12,12,impostor,5823.0
first_12,12,impostor,7759.0
first_12,12,impostor,5632.0
first_12,12,impostor,66079.0
first_12,12,impostor,4498.0
first_12,12,impostor,19332.0
first_12,12,impostor,2402.0
first_12,12,impostor,218.0
first_12,12,impostor,588.0
first_12,12,impostor,508.0
first_12,12,impostor,0.0
first_12,12,impostor,9934.0
first_12,12,impostor,5812.0
first_12,12,impostor,9109.0
first_12,12,impostor,21550.0
first_12,12,impostor,36275.0
first_12,12,impostor,32653.0
first_12,12,impostor,36275.0
first_12,12,impostor,16533.0
first_12,12,impostor,8509.0
first_12,12,impostor,10744.0
first_12,12,impostor,7789.0
first_12,12,impostor,15220.0
first_12,12,impostor,36275.0
first_12,12,impostor,36160.0
first_12,12,impostor,37158.0
first_12,12,impostor,36275.0
first_12,12,impostor,5570.0
first_12,12,impostor,9493.0
first_12,12,impostor,6173.0
first_12,12,impostor,78974.0
first_12,12,impostor,101599.0
first_12,12,impostor,78974.0
first_12,12,impostor,29638.0
first_12,12,impostor,101599.0
first_12,12,impostor,9357.0
first_12,12,impostor,6950.0
first_12,12,impostor,13086.0
first_12,12,impostor,23824.0
first_12,12,impostor,24437.0
first_12,12,impostor,34530.0
first_12,12,impostor,63096.0
first_12,12,impostor,25085.0
first_12,12,impostor,94540.0
first_12,12,impostor,15311.0
first_12,12,impostor,43702.0
first_12,12,impostor,11785.0
first_12,12,impostor,17772.0
first_12,12,impostor,20669.0
first_12,12,impostor,60014.0
first_12,12,impostor,31578.0
first_12,12,impostor,10212.0
first_12,12,impostor,4927.0
first_12,12,impostor,8751.0
first_12,12,impostor,51953.0
first_12,12,impostor,22190.0
first_12,12,impostor,13409.0
first_12,12,impostor,7832.0
first_12,12,impostor,10794.0
first_12,12,impostor,6761.0
first_12,12,impostor,25684.0
first_12,12,impostor,5557.0
first_12,12,impostor,20105.0
first_12,12,impostor,20323.0
first_12,12,impostor,15534.0
first_12,12,impostor,8860.0
first_12,12,impostor,8327.0
first_12,12,impostor,65968.0
first_12,12,impostor,7923.0
first_12,12,impostor,24659.0
first_12,12,impostor,11271.0
first_12,12,impostor,4803.0
first_12,12,impostor,5497.0
first_12,12,impostor,5585.0
first_12,12,impostor,5749.0
first_12,12,impostor,6547.0
first_12,12,impostor,155.0
first_12,12,impostor,4784.0
first_12,12,impostor,11617.0
first_12,12,impostor,35476.0
first_12,12,impostor,31776.0
first_12,12,impostor,35476.0
first_12,12,impostor,21278.0
first_12,12,impostor,8428.0
first_12,12,impostor,6483.0
first_12,12,impostor,1482.0
first_12,12,impostor,4545.0
first_12,12,impostor,35476.0
first_12,12,impostor,35379.0
first_12,12,impostor,36809.0
first_12,12,impostor,35476.0
first_12,12,impostor,507.0
first_12,12,impostor,7858.0
first_12,12,impostor,88.0
first_12,12,impostor,82821.0
first_12,12,impostor,107980.0
first_12,12,impostor,82821.0
first_12,12,impostor,21215.0
first_12,12,impostor,107980.0
first_12,12,impostor,3816.0
first_12,12,impostor,2133.0
first_12,12,impostor,11149.0
first_12,12,impostor,15753.0
first_12,12,impostor,22246.0
first_12,12,impostor,33721.0
first_12,12,impostor,61001.0
first_12,12,impostor,23632.0
first_12,12,impostor,97663.0
first_12,12,impostor,7922.0
first_12,12,impostor,45307.0
first_12,12,impostor,6522.0
first_12,12,impostor,6033.0
first_12,12,impostor,12346.0
first_12,12,impostor,53915.0
first_12,12,impostor,24049.0
first_12,12,impostor,2971.0
first_12,12,impostor,5292.0
first_12,12,impostor,2998.0
first_12,12,impostor,44478.0
first_12,12,impostor,24953.0
first_12,12,impostor,11148.0
first_12,12,impostor,7373.0
first_12,12,impostor,4583.0
first_12,12,impostor,966.0
first_12,12,impostor,13709.0
first_12,12,impostor,170.0
first_12,12,impostor,10694.0
first_12,12,impostor,14830.0
first_12,12,impostor,4865.0
first_12,12,impostor,7529.0
first_12,12,impostor,5276.0
first_12,12,impostor,65867.0
first_12,12,impostor,3922.0
first_12,12,impostor,17946.0
first_12,12,impostor,1740.0
first_12,12,impostor,262.0
first_12,12,impostor,650.0
first_12,12,impostor,576.0
first_12,12,impostor,146.0
first_12,12,impostor,4760.0
first_12,12,impostor,4820.0
first_12,12,impostor,5289.0
first_12,12,impostor,11676.0
first_12,12,impostor,28787.0
first_12,12,impostor,25605.0
first_12,12,impostor,28787.0
first_12,12,impostor,17537.0
first_12,12,impostor,1467.0
first_12,12,impostor,4922.0
first_12,12,impostor,3799.0
first_12,12,impostor,6428.0
first_12,12,impostor,28787.0
first_12,12,impostor,28648.0
first_12,12,impostor,29070.0
first_12,12,impostor,28787.0
first_12,12,impostor,3604.0
first_12,12,impostor,8889.0
first_12,12,impostor,3821.0
first_12,12,impostor,81288.0
first_12,12,impostor,94501.0
first_12,12,impostor,81288.0
first_12,12,impostor,25846.0
first_12,12,impostor,94501.0
first_12,12,impostor,2087.0
first_12,12,impostor,1954.0
first_12,12,impostor,5228.0
first_12,12,impostor,13760.0
first_12,12,impostor,17001.0
first_12,12,impostor,27770.0
first_12,12,impostor,46924.0
first_12,12,impostor,19287.0
first_12,12,impostor,91786.0
first_12,12,impostor,9869.0
first_12,12,impostor,43608.0
first_12,12,impostor,6371.0
first_12,12,impostor,9942.0
first_12,12,impostor,12713.0
first_12,12,impostor,50992.0
first_12,12,impostor,24610.0
first_12,12,impostor,3832.0
first_12,12,impostor,8847.0
first_12,12,impostor,2579.0
first_12,12,impostor,45671.0
first_12,12,impostor,25740.0
first_12,12,impostor,8707.0
first_12,12,impostor,3698.0
first_12,12,impostor,5246.0
first_12,12,impostor,3471.0
first_12,12,impostor,17372.0
first_12,12,impostor,4205.0
first_12,12,impostor,10425.0
first_12,12,impostor,10527.0
first_12,12,impostor,6098.0
first_12,12,impostor,5850.0
first_12,12,impostor,5485.0
first_12,12,impostor,64068.0
first_12,12,impostor,3229.0
first_12,12,impostor,14837.0
first_12,12,impostor,4269.0
first_12,12,impostor,3233.0
first_12,12,impostor,3425.0
first_12,12,impostor,3547.0
first_12,12,impostor,4685.0
first_12,12,impostor,5938.0
first_12,12,impostor,588.0
first_12,12,impostor,2953.0
first_12,12,impostor,10932.0
first_12,12,impostor,33347.0
first_12,12,impostor,30139.0
first_12,12,impostor,33347.0
first_12,12,impostor,16667.0
first_12,12,impostor,8199.0
first_12,12,impostor,5648.0
first_12,12,impostor,963.0
first_12,12,impostor,3774.0
first_12,12,impostor,33347.0
first_12,12,impostor,33226.0
first_12,12,impostor,34080.0
first_12,12,impostor,33347.0
first_12,12,impostor,4.0
first_12,12,impostor,7137.0
first_12,12,impostor,281.0
first_12,12,impostor,78144.0
first_12,12,impostor,100407.0
first_12,12,impostor,78144.0
first_12,12,impostor,17020.0
first_12,12,impostor,100407.0
first_12,12,impostor,3417.0
first_12,12,impostor,2328.0
first_12,12,impostor,10546.0
first_12,12,impostor,13644.0
first_12,12,impostor,21037.0
first_12,12,impostor,32208.0
first_12,12,impostor,58506.0
first_12,12,impostor,22269.0
first_12,12,impostor,94434.0
first_12,12,impostor,7571.0
first_12,12,impostor,42280.0
first_12,12,impostor,5455.0
first_12,12,impostor,5334.0
first_12,12,impostor,12093.0
first_12,12,impostor,49338.0
first_12,12,impostor,21114.0
first_12,12,impostor,1932.0
first_12,12,impostor,3011.0
first_12,12,impostor,2447.0
first_12,12,impostor,40983.0
first_12,12,impostor,21436.0
first_12,12,impostor,10643.0
first_12,12,impostor,5802.0
first_12,12,impostor,3358.0
first_12,12,impostor,263.0
first_12,12,impostor,12152.0
first_12,12,impostor,243.0
first_12,12,impostor,9579.0
first_12,12,impostor,14589.0
first_12,12,impostor,4614.0
first_12,12,impostor,6134.0
first_12,12,impostor,4267.0
first_12,12,impostor,61932.0
first_12,12,impostor,3445.0
first_12,12,impostor,18643.0
first_12,12,impostor,1817.0
first_12,12,impostor,257.0
first_12,12,impostor,3.0
first_12,12,impostor,1.0
first_12,12,impostor,507.0
first_12,12,impostor,6263.0
first_12,12,impostor,158.0
first_12,12,impostor,3131.0
first_12,12,impostor,6274.0
first_12,12,impostor,17323.0
first_12,12,impostor,17190.0
first_12,12,impostor,17756.0
first_12,12,impostor,17323.0
first_12,12,impostor,6048.0
first_12,12,impostor,2573.0
first_12,12,impostor,6323.0
first_12,12,impostor,90248.0
first_12,12,impostor,95859.0
first_12,12,impostor,90248.0
first_12,12,impostor,19970.0
first_12,12,impostor,95859.0
first_12,12,impostor,1449.0
first_12,12,impostor,1996.0
first_12,12,impostor,2972.0
first_12,12,impostor,8380.0
first_12,12,impostor,6505.0
first_12,12,impostor,15516.0
first_12,12,impostor,47810.0
first_12,12,impostor,8553.0
first_12,12,impostor,92058.0
first_12,12,impostor,2841.0
first_12,12,impostor,43784.0
first_12,12,impostor,4077.0
first_12,12,impostor,10820.0
first_12,12,impostor,6821.0
first_12,12,impostor,51864.0
first_12,12,impostor,18672.0
first_12,12,impostor,7616.0
first_12,12,impostor,10205.0
first_12,12,impostor,5119.0
first_12,12,impostor,36665.0
first_12,12,impostor,26724.0
first_12,12,impostor,2755.0
first_12,12,impostor,2894.0
first_12,12,impostor,2266.0
first_12,12,impostor,5701.0
first_12,12,impostor,14998.0
first_12,12,impostor,6505.0
first_12,12,impostor,3505.0
first_12,12,impostor,3881.0
first_12,12,impostor,4272.0
first_12,12,impostor,4370.0
first_12,12,impostor,2835.0
first_12,12,impostor,74456.0
first_12,12,impostor,1489.0
first_12,12,impostor,21319.0
first_12,12,impostor,6057.0
first_12,12,impostor,5813.0
first_12,12,impostor,5905.0
first_12,12,impostor,6009.0
first_12,12,impostor,6913.0
first_12,12,impostor,9459.0
first_12,12,impostor,7076.0
first_12,12,impostor,1635.0
first_12,12,impostor,5454.0
first_12,12,impostor,36343.0
first_12,12,impostor,36250.0
first_12,12,impostor,37776.0
first_12,12,impostor,36343.0
first_12,12,impostor,508.0
first_12,12,impostor,7641.0
first_12,12,impostor,197.0
first_12,12,impostor,82652.0
first_12,12,impostor,109983.0
first_12,12,impostor,82652.0
first_12,12,impostor,21108.0
first_12,12,impostor,109983.0
first_12,12,impostor,4593.0
first_12,12,impostor,2832.0
first_12,12,impostor,11890.0
first_12,12,impostor,16360.0
first_12,12,impostor,22885.0
first_12,12,impostor,34560.0
first_12,12,impostor,63994.0
first_12,12,impostor,24173.0
first_12,12,impostor,98942.0
first_12,12,impostor,7991.0
first_12,12,impostor,45024.0
first_12,12,impostor,7079.0
first_12,12,impostor,6342.0
first_12,12,impostor,12513.0
first_12,12,impostor,54042.0
first_12,12,impostor,24754.0
first_12,12,impostor,3668.0
first_12,12,impostor,4187.0
first_12,12,impostor,3847.0
first_12,12,impostor,44987.0
first_12,12,impostor,24208.0
first_12,12,impostor,11735.0
first_12,12,impostor,7902.0
first_12,12,impostor,4954.0
first_12,12,impostor,1187.0
first_12,12,impostor,13972.0
first_12,12,impostor,75.0
first_12,12,impostor,11371.0
first_12,12,impostor,15933.0
first_12,12,impostor,5958.0
first_12,12,impostor,7926.0
first_12,12,impostor,5779.0
first_12,12,impostor,66440.0
first_12,12,impostor,4621.0
first_12,12,impostor,19427.0
first_12,12,impostor,2489.0
first_12,12,impostor,257.0
first_12,12,impostor,675.0
first_12,12,impostor,589.0
first_12,12,impostor,3.0
first_12,12,impostor,7736.0
first_12,12,impostor,7299.0
first_12,12,impostor,2698.0
first_12,12,impostor,4425.0
first_12,12,impostor,31608.0
first_12,12,impostor,31459.0
first_12,12,impostor,31641.0
first_12,12,impostor,31608.0
first_12,12,impostor,3005.0
first_12,12,impostor,11030.0
first_12,12,impostor,4100.0
first_12,12,impostor,69347.0
first_12,12,impostor,91610.0
first_12,12,impostor,69347.0
first_12,12,impostor,13863.0
first_12,12,impostor,91610.0
first_12,12,impostor,3978.0
first_12,12,impostor,6065.0
first_12,12,impostor,8173.0
first_12,12,impostor,8859.0
first_12,12,impostor,18342.0
first_12,12,impostor,30721.0
first_12,12,impostor,50913.0
first_12,12,impostor,22050.0
first_12,12,impostor,90705.0
first_12,12,impostor,7640.0
first_12,12,impostor,37697.0
first_12,12,impostor,7602.0
first_12,12,impostor,2763.0
first_12,12,impostor,8350.0
first_12,12,impostor,37539.0
first_12,12,impostor,19655.0
first_12,12,impostor,3205.0
first_12,12,impostor,4492.0
first_12,12,impostor,4074.0
first_12,12,impostor,40046.0
first_12,12,impostor,19151.0
first_12,12,impostor,10388.0
first_12,12,impostor,7755.0
first_12,12,impostor,4465.0
first_12,12,impostor,2746.0
first_12,12,impostor,9375.0
first_12,12,impostor,3952.0
first_12,12,impostor,7508.0
first_12,12,impostor,14392.0
first_12,12,impostor,5767.0
first_12,12,impostor,8607.0
first_12,12,impostor,9518.0
first_12,12,impostor,54213.0
first_12,12,impostor,7430.0
first_12,12,impostor,14932.0
first_12,12,impostor,3232.0
first_12,12,impostor,3418.0
first_12,12,impostor,2872.0
first_12,12,impostor,2918.0
first_12,12,impostor,4552.0
first_12,12,impostor,11405.0
first_12,12,impostor,4518.0
first_12,12,impostor,5889.0
first_12,12,impostor,6616.0
first_12,12,impostor,19457.0
first_12,12,impostor,19320.0
first_12,12,impostor,19790.0
first_12,12,impostor,19457.0
first_12,12,impostor,10948.0
first_12,12,impostor,8987.0
first_12,12,impostor,11243.0
first_12,12,impostor,90444.0
first_12,12,impostor,94607.0
first_12,12,impostor,90444.0
first_12,12,impostor,17754.0
first_12,12,impostor,94607.0
first_12,12,impostor,4237.0
first_12,12,impostor,8262.0
first_12,12,impostor,4424.0
first_12,12,impostor,3904.0
first_12,12,impostor,6955.0
first_12,12,impostor,17862.0
first_12,12,impostor,48388.0
first_12,12,impostor,11453.0
first_12,12,impostor,91530.0
first_12,12,impostor,2379.0
first_12,12,impostor,45568.0
first_12,12,impostor,8465.0
first_12,12,impostor,6550.0
first_12,12,impostor,1735.0
first_12,12,impostor,42724.0
first_12,12,impostor,19694.0
first_12,12,impostor,10240.0
first_12,12,impostor,15977.0
first_12,12,impostor,9425.0
first_12,12,impostor,36713.0
first_12,12,impostor,32128.0
first_12,12,impostor,7185.0
first_12,12,impostor,10150.0
first_12,12,impostor,4534.0
first_12,12,impostor,10117.0
first_12,12,impostor,9740.0
first_12,12,impostor,11607.0
first_12,12,impostor,751.0
first_12,12,impostor,5521.0
first_12,12,impostor,5310.0
first_12,12,impostor,11954.0
first_12,12,impostor,11591.0
first_12,12,impostor,74820.0
first_12,12,impostor,8667.0
first_12,12,impostor,20375.0
first_12,12,impostor,7503.0
first_12,12,impostor,11135.0
first_12,12,impostor,10887.0
first_12,12,impostor,10897.0
first_12,12,impostor,12063.0
first_12,12,impostor,27806.0
first_12,12,impostor,17783.0
first_12,12,impostor,26458.0
first_12,12,impostor,31225.0
first_12,12,impostor,0.0
first_12,12,impostor,3.0
first_12,12,impostor,3153.0
first_12,12,impostor,0.0
first_12,12,impostor,33603.0
first_12,12,impostor,18566.0
first_12,12,impostor,34398.0
first_12,12,impostor,77317.0
first_12,12,impostor,86548.0
first_12,12,impostor,77317.0
first_12,12,impostor,31015.0
first_12,12,impostor,86548.0
first_12,12,impostor,22444.0
first_12,12,impostor,25789.0
first_12,12,impostor,18601.0
first_12,12,impostor,23991.0
first_12,12,impostor,6418.0
first_12,12,impostor,2845.0
first_12,12,impostor,31449.0
first_12,12,impostor,3540.0
first_12,12,impostor,82747.0
first_12,12,impostor,16972.0
first_12,12,impostor,38523.0
first_12,12,impostor,26842.0
first_12,12,impostor,36073.0
first_12,12,impostor,21562.0
first_12,12,impostor,61895.0
first_12,12,impostor,20097.0
first_12,12,impostor,32281.0
first_12,12,impostor,37136.0
first_12,12,impostor,29926.0
first_12,12,impostor,26266.0
first_12,12,impostor,31733.0
first_12,12,impostor,18746.0
first_12,12,impostor,19091.0
first_12,12,impostor,19835.0
first_12,12,impostor,33010.0
first_12,12,impostor,23607.0
first_12,12,impostor,35138.0
first_12,12,impostor,15770.0
first_12,12,impostor,12562.0
first_12,12,impostor,27425.0
first_12,12,impostor,28521.0
first_12,12,impostor,23316.0
first_12,12,impostor,70289.0
first_12,12,impostor,23116.0
first_12,12,impostor,35958.0
first_12,12,impostor,31118.0
first_12,12,impostor,33680.0
first_12,12,impostor,33178.0
first_12,12,impostor,33428.0
first_12,12,impostor,36090.0
first_12,12,impostor,24374.0
first_12,12,impostor,15121.0
first_12,12,impostor,23312.0
first_12,12,impostor,27905.0
first_12,12,impostor,838.0
first_12,12,impostor,769.0
first_12,12,impostor,2511.0
first_12,12,impostor,838.0
first_12,12,impostor,30357.0
first_12,12,impostor,15446.0
first_12,12,impostor,30852.0
first_12,12,impostor,79443.0
first_12,12,impostor,87950.0
first_12,12,impostor,79443.0
first_12,12,impostor,31399.0
first_12,12,impostor,87950.0
first_12,12,impostor,19430.0
first_12,12,impostor,22553.0
first_12,12,impostor,15451.0
first_12,12,impostor,20489.0
first_12,12,impostor,3778.0
first_12,12,impostor,855.0
first_12,12,impostor,32581.0
first_12,12,impostor,1312.0
first_12,12,impostor,85597.0
first_12,12,impostor,14824.0
first_12,12,impostor,36851.0
first_12,12,impostor,22868.0
first_12,12,impostor,33125.0
first_12,12,impostor,18138.0
first_12,12,impostor,64487.0
first_12,12,impostor,22399.0
first_12,12,impostor,29307.0
first_12,12,impostor,34322.0
first_12,12,impostor,26294.0
first_12,12,impostor,27920.0
first_12,12,impostor,32671.0
first_12,12,impostor,15916.0
first_12,12,impostor,16613.0
first_12,12,impostor,17159.0
first_12,12,impostor,30028.0
first_12,12,impostor,24603.0
first_12,12,impostor,31570.0
first_12,12,impostor,13202.0
first_12,12,impostor,9778.0
first_12,12,impostor,24825.0
first_12,12,impostor,25607.0
first_12,12,impostor,20806.0
first_12,12,impostor,72345.0
first_12,12,impostor,20332.0
first_12,12,impostor,32948.0
first_12,12,impostor,27902.0
first_12,12,impostor,30136.0
first_12,12,impostor,30010.0
first_12,12,impostor,30222.0
first_12,12,impostor,32362.0
first_12,12,impostor,27806.0
first_12,12,impostor,17783.0
first_12,12,impostor,26458.0
first_12,12,impostor,31225.0
first_12,12,impostor,0.0
first_12,12,impostor,3.0
first_12,12,impostor,3153.0
first_12,12,impostor,0.0
first_12,12,impostor,33603.0
first_12,12,impostor,18566.0
first_12,12,impostor,34398.0
first_12,12,impostor,77317.0
first_12,12,impostor,86548.0
first_12,12,impostor,77317.0
first_12,12,impostor,31015.0
first_12,12,impostor,86548.0
first_12,12,impostor,22444.0
first_12,12,impostor,25789.0
first_12,12,impostor,18601.0
first_12,12,impostor,23991.0
first_12,12,impostor,6418.0
first_12,12,impostor,2845.0
first_12,12,impostor,31449.0
first_12,12,impostor,3540.0
first_12,12,impostor,82747.0
first_12,12,impostor,16972.0
first_12,12,impostor,38523.0
first_12,12,impostor,26842.0
first_12,12,impostor,36073.0
first_12,12,impostor,21562.0
first_12,12,impostor,61895.0
first_12,12,impostor,20097.0
first_12,12,impostor,32281.0
first_12,12,impostor,37136.0
first_12,12,impostor,29926.0
first_12,12,impostor,26266.0
first_12,12,impostor,31733.0
first_12,12,impostor,18746.0
first_12,12,impostor,19091.0
first_12,12,impostor,19835.0
first_12,12,impostor,33010.0
first_12,12,impostor,23607.0
first_12,12,impostor,35138.0
first_12,12,impostor,15770.0
first_12,12,impostor,12562.0
first_12,12,impostor,27425.0
first_12,12,impostor,28521.0
first_12,12,impostor,23316.0
first_12,12,impostor,70289.0
first_12,12,impostor,23116.0
first_12,12,impostor,35958.0
first_12,12,impostor,31118.0
first_12,12,impostor,33680.0
first_12,12,impostor,33178.0
first_12,12,impostor,33428.0
first_12,12,impostor,36090.0
first_12,12,impostor,20686.0
first_12,12,impostor,10591.0
first_12,12,impostor,14028.0
first_12,12,impostor,17679.0
first_12,12,impostor,18382.0
first_12,12,impostor,18273.0
first_12,12,impostor,15771.0
first_12,12,impostor,18382.0
first_12,12,impostor,16981.0
first_12,12,impostor,9676.0
first_12,12,impostor,19580.0
first_12,12,impostor,72155.0
first_12,12,impostor,81386.0
first_12,12,impostor,72155.0
first_12,12,impostor,13919.0
first_12,12,impostor,81386.0
first_12,12,impostor,14558.0
first_12,12,impostor,16439.0
first_12,12,impostor,15061.0
first_12,12,impostor,13219.0
first_12,12,impostor,14376.0
first_12,12,impostor,20839.0
first_12,12,impostor,48283.0
first_12,12,impostor,14398.0
first_12,12,impostor,75413.0
first_12,12,impostor,12150.0
first_12,12,impostor,34757.0
first_12,12,impostor,11574.0
first_12,12,impostor,23421.0
first_12,12,impostor,18320.0
first_12,12,impostor,39615.0
first_12,12,impostor,14045.0
first_12,12,impostor,17921.0
first_12,12,impostor,12676.0
first_12,12,impostor,16608.0
first_12,12,impostor,23618.0
first_12,12,impostor,17411.0
first_12,12,impostor,14322.0
first_12,12,impostor,11335.0
first_12,12,impostor,10717.0
first_12,12,impostor,16826.0
first_12,12,impostor,19529.0
first_12,12,impostor,19034.0
first_12,12,impostor,13486.0
first_12,12,impostor,17756.0
first_12,12,impostor,19197.0
first_12,12,impostor,12663.0
first_12,12,impostor,11758.0
first_12,12,impostor,61025.0
first_12,12,impostor,13392.0
first_12,12,impostor,34012.0
first_12,12,impostor,20738.0
first_12,12,impostor,18308.0
first_12,12,impostor,16434.0
first_12,12,impostor,16742.0
first_12,12,impostor,20242.0
first_12,12,impostor,8335.0
first_12,12,impostor,12186.0
first_12,12,impostor,8376.0
first_12,12,impostor,85565.0
first_12,12,impostor,95520.0
first_12,12,impostor,85565.0
first_12,12,impostor,33073.0
first_12,12,impostor,95520.0
first_12,12,impostor,3364.0
first_12,12,impostor,4869.0
first_12,12,impostor,2937.0
first_12,12,impostor,13777.0
first_12,12,impostor,15098.0
first_12,12,impostor,26607.0
first_12,12,impostor,43969.0
first_12,12,impostor,18982.0
first_12,12,impostor,92443.0
first_12,12,impostor,11334.0
first_12,12,impostor,45965.0
first_12,12,impostor,9830.0
first_12,12,impostor,12589.0
first_12,12,impostor,11346.0
first_12,12,impostor,50977.0
first_12,12,impostor,29711.0
first_12,12,impostor,7819.0
first_12,12,impostor,14580.0
first_12,12,impostor,5818.0
first_12,12,impostor,51114.0
first_12,12,impostor,31245.0
first_12,12,impostor,9658.0
first_12,12,impostor,6133.0
first_12,12,impostor,8417.0
first_12,12,impostor,8154.0
first_12,12,impostor,20305.0
first_12,12,impostor,8874.0
first_12,12,impostor,11246.0
first_12,12,impostor,9508.0
first_12,12,impostor,9265.0
first_12,12,impostor,9477.0
first_12,12,impostor,10640.0
first_12,12,impostor,68597.0
first_12,12,impostor,6830.0
first_12,12,impostor,13702.0
first_12,12,impostor,7764.0
first_12,12,impostor,7418.0
first_12,12,impostor,8154.0
first_12,12,impostor,8284.0
first_12,12,impostor,9330.0
first_12,12,impostor,5774.0
first_12,12,impostor,3167.0
first_12,12,impostor,6219.0
first_12,12,impostor,88994.0
first_12,12,impostor,93881.0
first_12,12,impostor,88994.0
first_12,12,impostor,18220.0
first_12,12,impostor,93881.0
first_12,12,impostor,1411.0
first_12,12,impostor,1886.0
first_12,12,impostor,3758.0
first_12,12,impostor,8180.0
first_12,12,impostor,7251.0
first_12,12,impostor,16204.0
first_12,12,impostor,46828.0
first_12,12,impostor,9233.0
first_12,12,impostor,91528.0
first_12,12,impostor,3237.0
first_12,12,impostor,43412.0
first_12,12,impostor,3687.0
first_12,12,impostor,10072.0
first_12,12,impostor,7683.0
first_12,12,impostor,50132.0
first_12,12,impostor,16932.0
first_12,12,impostor,7104.0
first_12,12,impostor,9921.0
first_12,12,impostor,4761.0
first_12,12,impostor,35291.0
first_12,12,impostor,25870.0
first_12,12,impostor,2757.0
first_12,12,impostor,2540.0
first_12,12,impostor,2076.0
first_12,12,impostor,5111.0
first_12,12,impostor,14356.0
first_12,12,impostor,6431.0
first_12,12,impostor,3215.0
first_12,12,impostor,3951.0
first_12,12,impostor,3238.0
first_12,12,impostor,3600.0
first_12,12,impostor,2273.0
first_12,12,impostor,73034.0
first_12,12,impostor,1097.0
first_12,12,impostor,21853.0
first_12,12,impostor,5645.0
first_12,12,impostor,5801.0
first_12,12,impostor,5591.0
first_12,12,impostor,5711.0
first_12,12,impostor,6935.0
first_12,12,impostor,967.0
first_12,12,impostor,4342.0
first_12,12,impostor,1112.0
first_12,12,impostor,81373.0
first_12,12,impostor,98930.0
first_12,12,impostor,81373.0
first_12,12,impostor,14795.0
first_12,12,impostor,98930.0
first_12,12,impostor,1592.0
first_12,12,impostor,1789.0
first_12,12,impostor,6845.0
first_12,12,impostor,8791.0
first_12,12,impostor,14390.0
first_12,12,impostor,25025.0
first_12,12,impostor,54611.0
first_12,12,impostor,16100.0
first_12,12,impostor,93319.0
first_12,12,impostor,3392.0
first_12,12,impostor,42003.0
first_12,12,impostor,3866.0
first_12,12,impostor,4507.0
first_12,12,impostor,6768.0
first_12,12,impostor,48553.0
first_12,12,impostor,18887.0
first_12,12,impostor,1969.0
first_12,12,impostor,4870.0
first_12,12,impostor,2140.0
first_12,12,impostor,37040.0
first_12,12,impostor,23049.0
first_12,12,impostor,7644.0
first_12,12,impostor,5241.0
first_12,12,impostor,1023.0
first_12,12,impostor,1196.0
first_12,12,impostor,9505.0
first_12,12,impostor,1260.0
first_12,12,impostor,4972.0
first_12,12,impostor,10252.0
first_12,12,impostor,3227.0
first_12,12,impostor,6369.0
first_12,12,impostor,3726.0
first_12,12,impostor,64699.0
first_12,12,impostor,2636.0
first_12,12,impostor,17042.0
first_12,12,impostor,1216.0
first_12,12,impostor,1156.0
first_12,12,impostor,960.0
first_12,12,impostor,958.0
first_12,12,impostor,1548.0
first_12,12,impostor,3812.0
first_12,12,impostor,10317.0
first_12,12,impostor,4173.0
first_12,12,impostor,76580.0
first_12,12,impostor,93413.0
first_12,12,impostor,76580.0
first_12,12,impostor,13620.0
first_12,12,impostor,93413.0
first_12,12,impostor,3251.0
first_12,12,impostor,4178.0
first_12,12,impostor,9914.0
first_12,12,impostor,6218.0
first_12,12,impostor,17933.0
first_12,12,impostor,29020.0
first_12,12,impostor,46540.0
first_12,12,impostor,20561.0
first_12,12,impostor,87802.0
first_12,12,impostor,7461.0
first_12,12,impostor,38422.0
first_12,12,impostor,2673.0
first_12,12,impostor,3722.0
first_12,12,impostor,9925.0
first_12,12,impostor,40052.0
first_12,12,impostor,15914.0
first_12,12,impostor,2362.0
first_12,12,impostor,9583.0
first_12,12,impostor,1863.0
first_12,12,impostor,31849.0
first_12,12,impostor,24256.0
first_12,12,impostor,10199.0
first_12,12,impostor,7466.0
first_12,12,impostor,3298.0
first_12,12,impostor,2853.0
first_12,12,impostor,11254.0
first_12,12,impostor,4719.0
first_12,12,impostor,5219.0
first_12,12,impostor,11395.0
first_12,12,impostor,1908.0
first_12,12,impostor,6722.0
first_12,12,impostor,6321.0
first_12,12,impostor,58604.0
first_12,12,impostor,4743.0
first_12,12,impostor,15273.0
first_12,12,impostor,1947.0
first_12,12,impostor,4623.0
first_12,12,impostor,3699.0
first_12,12,impostor,3731.0
first_12,12,impostor,5295.0
first_12,12,impostor,33603.0
first_12,12,impostor,18566.0
first_12,12,impostor,34398.0
first_12,12,impostor,77317.0
first_12,12,impostor,86548.0
first_12,12,impostor,77317.0
first_12,12,impostor,31015.0
first_12,12,impostor,86548.0
first_12,12,impostor,22444.0
first_12,12,impostor,25789.0
first_12,12,impostor,18601.0
first_12,12,impostor,23991.0
first_12,12,impostor,6418.0
first_12,12,impostor,2845.0
first_12,12,impostor,31449.0
first_12,12,impostor,3540.0
first_12,12,impostor,82747.0
first_12,12,impostor,16972.0
first_12,12,impostor,38523.0
first_12,12,impostor,26842.0
first_12,12,impostor,36073.0
first_12,12,impostor,21562.0
first_12,12,impostor,61895.0
first_12,12,impostor,20097.0
first_12,12,impostor,32281.0
first_12,12,impostor,37136.0
first_12,12,impostor,29926.0
first_12,12,impostor,26266.0
first_12,12,impostor,31733.0
first_12,12,impostor,18746.0
first_12,12,impostor,19091.0
first_12,12,impostor,19835.0
first_12,12,impostor,33010.0
first_12,12,impostor,23607.0
first_12,12,impostor,35138.0
first_12,12,impostor,15770.0
first_12,12,impostor,12562.0
first_12,12,impostor,27425.0
first_12,12,impostor,28521.0
first_12,12,impostor,23316.0
first_12,12,impostor,70289.0
first_12,12,impostor,23116.0
first_12,12,impostor,35958.0
first_12,12,impostor,31118.0
first_12,12,impostor,33680.0
first_12,12,impostor,33178.0
first_12,12,impostor,33428.0
first_12,12,impostor,36090.0
first_12,12,impostor,33484.0
first_12,12,impostor,18447.0
first_12,12,impostor,34293.0
first_12,12,impostor,77344.0
first_12,12,impostor,86213.0
first_12,12,impostor,77344.0
first_12,12,impostor,30900.0
first_12,12,impostor,86213.0
first_12,12,impostor,22309.0
first_12,12,impostor,25670.0
first_12,12,impostor,18462.0
first_12,12,impostor,23738.0
first_12,12,impostor,6267.0
first_12,12,impostor,2706.0
first_12,12,impostor,31366.0
first_12,12,impostor,3409.0
first_12,12,impostor,82774.0
first_12,12,impostor,16919.0
first_12,12,impostor,38396.0
first_12,12,impostor,26611.0
first_12,12,impostor,35942.0
first_12,12,impostor,21445.0
first_12,12,impostor,61908.0
first_12,12,impostor,20130.0
first_12,12,impostor,32122.0
first_12,12,impostor,37001.0
first_12,12,impostor,29743.0
first_12,12,impostor,26241.0
first_12,12,impostor,31752.0
first_12,12,impostor,18613.0
first_12,12,impostor,18934.0
first_12,12,impostor,19690.0
first_12,12,impostor,32881.0
first_12,12,impostor,23678.0
first_12,12,impostor,35035.0
first_12,12,impostor,15615.0
first_12,12,impostor,12423.0
first_12,12,impostor,27286.0
first_12,12,impostor,28338.0
first_12,12,impostor,23173.0
first_12,12,impostor,70316.0
first_12,12,impostor,22981.0
first_12,12,impostor,35883.0
first_12,12,impostor,30995.0
first_12,12,impostor,33573.0
first_12,12,impostor,33055.0
first_12,12,impostor,33307.0
first_12,12,impostor,35995.0
first_12,12,impostor,34386.0
first_12,12,impostor,19349.0
first_12,12,impostor,35531.0
first_12,12,impostor,70166.0
first_12,12,impostor,81931.0
first_12,12,impostor,70166.0
first_12,12,impostor,29616.0
first_12,12,impostor,81931.0
first_12,12,impostor,22827.0
first_12,12,impostor,26572.0
first_12,12,impostor,18884.0
first_12,12,impostor,18130.0
first_12,12,impostor,6401.0
first_12,12,impostor,3038.0
first_12,12,impostor,24528.0
first_12,12,impostor,3943.0
first_12,12,impostor,75596.0
first_12,12,impostor,19165.0
first_12,12,impostor,28670.0
first_12,12,impostor,21369.0
first_12,12,impostor,36556.0
first_12,12,impostor,22395.0
first_12,12,impostor,54842.0
first_12,12,impostor,18520.0
first_12,12,impostor,31514.0
first_12,12,impostor,37519.0
first_12,12,impostor,27381.0
first_12,12,impostor,18291.0
first_12,12,impostor,29700.0
first_12,12,impostor,19179.0
first_12,12,impostor,18924.0
first_12,12,impostor,19968.0
first_12,12,impostor,33543.0
first_12,12,impostor,28310.0
first_12,12,impostor,36321.0
first_12,12,impostor,15437.0
first_12,12,impostor,12845.0
first_12,12,impostor,27708.0
first_12,12,impostor,26354.0
first_12,12,impostor,23499.0
first_12,12,impostor,63138.0
first_12,12,impostor,23499.0
first_12,12,impostor,32695.0
first_12,12,impostor,31801.0
first_12,12,impostor,34763.0
first_12,12,impostor,33861.0
first_12,12,impostor,34161.0
first_12,12,impostor,37473.0
first_12,12,impostor,33603.0
first_12,12,impostor,18566.0
first_12,12,impostor,34398.0
first_12,12,impostor,77317.0
first_12,12,impostor,86548.0
first_12,12,impostor,77317.0
first_12,12,impostor,31015.0
first_12,12,impostor,86548.0
first_12,12,impostor,22444.0
first_12,12,impostor,25789.0
first_12,12,impostor,18601.0
first_12,12,impostor,23991.0
first_12,12,impostor,6418.0
first_12,12,impostor,2845.0
first_12,12,impostor,31449.0
first_12,12,impostor,3540.0
first_12,12,impostor,82747.0
first_12,12,impostor,16972.0
first_12,12,impostor,38523.0
first_12,12,impostor,26842.0
first_12,12,impostor,36073.0
first_12,12,impostor,21562.0
first_12,12,impostor,61895.0
first_12,12,impostor,20097.0
first_12,12,impostor,32281.0
first_12,12,impostor,37136.0
first_12,12,impostor,29926.0
first_12,12,impostor,26266.0
first_12,12,impostor,31733.0
first_12,12,impostor,18746.0
first_12,12,impostor,19091.0
first_12,12,impostor,19835.0
first_12,12,impostor,33010.0
first_12,12,impostor,23607.0
first_12,12,impostor,35138.0
first_12,12,impostor,15770.0
first_12,12,impostor,12562.0
first_12,12,impostor,27425.0
first_12,12,impostor,28521.0
first_12,12,impostor,23316.0
first_12,12,impostor,70289.0
first_12,12,impostor,23116.0
first_12,12,impostor,35958.0
first_12,12,impostor,31118.0
first_12,12,impostor,33680.0
first_12,12,impostor,33178.0
first_12,12,impostor,33428.0
first_12,12,impostor,36090.0
first_12,12,impostor,3495.0
first_12,12,impostor,2382.0
first_12,12,impostor,10672.0
first_12,12,impostor,13756.0
first_12,12,impostor,21201.0
first_12,12,impostor,32422.0
first_12,12,impostor,58908.0
first_12,12,impostor,22447.0
first_12,12,impostor,94602.0
first_12,12,impostor,7557.0
first_12,12,impostor,42428.0
first_12,12,impostor,5563.0
first_12,12,impostor,5266.0
first_12,12,impostor,12041.0
first_12,12,impostor,49520.0
first_12,12,impostor,21314.0
first_12,12,impostor,1984.0
first_12,12,impostor,3063.0
first_12,12,impostor,2519.0
first_12,12,impostor,41183.0
first_12,12,impostor,21604.0
first_12,12,impostor,10767.0
first_12,12,impostor,6006.0
first_12,12,impostor,3434.0
first_12,12,impostor,287.0
first_12,12,impostor,12128.0
first_12,12,impostor,193.0
first_12,12,impostor,9645.0
first_12,12,impostor,14719.0
first_12,12,impostor,4658.0
first_12,12,impostor,6310.0
first_12,12,impostor,4409.0
first_12,12,impostor,62100.0
first_12,12,impostor,3561.0
first_12,12,impostor,18621.0
first_12,12,impostor,1789.0
first_12,12,impostor,229.0
first_12,12,impostor,13.0
first_12,12,impostor,3.0
first_12,12,impostor,433.0
first_12,12,impostor,5674.0
first_12,12,impostor,5091.0
first_12,12,impostor,8307.0
first_12,12,impostor,12109.0
first_12,12,impostor,9128.0
first_12,12,impostor,16257.0
first_12,12,impostor,59413.0
first_12,12,impostor,8860.0
first_12,12,impostor,94105.0
first_12,12,impostor,3426.0
first_12,12,impostor,46859.0
first_12,12,impostor,5948.0
first_12,12,impostor,16051.0
first_12,12,impostor,9066.0
first_12,12,impostor,63901.0
first_12,12,impostor,22271.0
first_12,12,impostor,9451.0
first_12,12,impostor,9690.0
first_12,12,impostor,7942.0
first_12,12,impostor,35982.0
first_12,12,impostor,28095.0
first_12,12,impostor,7168.0
first_12,12,impostor,7105.0
first_12,12,impostor,2957.0
first_12,12,impostor,8226.0
first_12,12,impostor,17233.0
first_12,12,impostor,7326.0
first_12,12,impostor,7322.0
first_12,12,impostor,10318.0
first_12,12,impostor,10093.0
first_12,12,impostor,9339.0
first_12,12,impostor,3500.0
first_12,12,impostor,78287.0
first_12,12,impostor,4226.0
first_12,12,impostor,26488.0
first_12,12,impostor,8790.0
first_12,12,impostor,7046.0
first_12,12,impostor,7146.0
first_12,12,impostor,7204.0
first_12,12,impostor,7566.0
first_12,12,impostor,3654.0
first_12,12,impostor,2225.0
first_12,12,impostor,10937.0
first_12,12,impostor,14739.0
first_12,12,impostor,21626.0
first_12,12,impostor,32823.0
first_12,12,impostor,60245.0
first_12,12,impostor,22824.0
first_12,12,impostor,95941.0
first_12,12,impostor,7492.0
first_12,12,impostor,44315.0
first_12,12,impostor,6030.0
first_12,12,impostor,5771.0
first_12,12,impostor,11858.0
first_12,12,impostor,52949.0
first_12,12,impostor,23081.0
first_12,12,impostor,2277.0
first_12,12,impostor,4536.0
first_12,12,impostor,2634.0
first_12,12,impostor,42830.0
first_12,12,impostor,23899.0
first_12,12,impostor,11182.0
first_12,12,impostor,7063.0
first_12,12,impostor,3851.0
first_12,12,impostor,730.0
first_12,12,impostor,12791.0
first_12,12,impostor,92.0
first_12,12,impostor,10152.0
first_12,12,impostor,14938.0
first_12,12,impostor,4907.0
first_12,12,impostor,7483.0
first_12,12,impostor,4886.0
first_12,12,impostor,64243.0
first_12,12,impostor,3818.0
first_12,12,impostor,17760.0
first_12,12,impostor,1532.0
first_12,12,impostor,174.0
first_12,12,impostor,332.0
first_12,12,impostor,278.0
first_12,12,impostor,164.0
first_12,12,impostor,84529.0
first_12,12,impostor,86394.0
first_12,12,impostor,90460.0
first_12,12,impostor,80218.0
first_12,12,impostor,88135.0
first_12,12,impostor,81756.0
first_12,12,impostor,39308.0
first_12,12,impostor,84169.0
first_12,12,impostor,65522.0
first_12,12,impostor,89379.0
first_12,12,impostor,17812.0
first_12,12,impostor,78789.0
first_12,12,impostor,75114.0
first_12,12,impostor,92603.0
first_12,12,impostor,47396.0
first_12,12,impostor,47058.0
first_12,12,impostor,75662.0
first_12,12,impostor,73213.0
first_12,12,impostor,74077.0
first_12,12,impostor,42113.0
first_12,12,impostor,25666.0
first_12,12,impostor,84401.0
first_12,12,impostor,77014.0
first_12,12,impostor,82518.0
first_12,12,impostor,76985.0
first_12,12,impostor,68322.0
first_12,12,impostor,80907.0
first_12,12,impostor,84787.0
first_12,12,impostor,89337.0
first_12,12,impostor,84122.0
first_12,12,impostor,79944.0
first_12,12,impostor,86867.0
first_12,12,impostor,4900.0
first_12,12,impostor,86835.0
first_12,12,impostor,53189.0
first_12,12,impostor,79063.0
first_12,12,impostor,79095.0
first_12,12,impostor,77867.0
first_12,12,impostor,78029.0
first_12,12,impostor,82291.0
first_12,12,impostor,95570.0
first_12,12,impostor,100331.0
first_12,12,impostor,94261.0
first_12,12,impostor,87639.0
first_12,12,impostor,90488.0
first_12,12,impostor,88091.0
first_12,12,impostor,84377.0
first_12,12,impostor,90866.0
first_12,12,impostor,32761.0
first_12,12,impostor,101506.0
first_12,12,impostor,100529.0
first_12,12,impostor,94898.0
first_12,12,impostor,97015.0
first_12,12,impostor,101110.0
first_12,12,impostor,95361.0
first_12,12,impostor,89231.0
first_12,12,impostor,92133.0
first_12,12,impostor,95838.0
first_12,12,impostor,94530.0
first_12,12,impostor,96956.0
first_12,12,impostor,93179.0
first_12,12,impostor,95804.0
first_12,12,impostor,89141.0
first_12,12,impostor,92473.0
first_12,12,impostor,97076.0
first_12,12,impostor,95291.0
first_12,12,impostor,106428.0
first_12,12,impostor,90760.0
first_12,12,impostor,94586.0
first_12,12,impostor,94439.0
first_12,12,impostor,91347.0
first_12,12,impostor,92840.0
first_12,12,impostor,98115.0
first_12,12,impostor,95704.0
first_12,12,impostor,102240.0
first_12,12,impostor,99516.0
first_12,12,impostor,104616.0
first_12,12,impostor,99768.0
first_12,12,impostor,100292.0
first_12,12,impostor,109260.0
first_12,12,impostor,84529.0
first_12,12,impostor,86394.0
first_12,12,impostor,90460.0
first_12,12,impostor,80218.0
first_12,12,impostor,88135.0
first_12,12,impostor,81756.0
first_12,12,impostor,39308.0
first_12,12,impostor,84169.0
first_12,12,impostor,65522.0
first_12,12,impostor,89379.0
first_12,12,impostor,17812.0
first_12,12,impostor,78789.0
first_12,12,impostor,75114.0
first_12,12,impostor,92603.0
first_12,12,impostor,47396.0
first_12,12,impostor,47058.0
first_12,12,impostor,75662.0
first_12,12,impostor,73213.0
first_12,12,impostor,74077.0
first_12,12,impostor,42113.0
first_12,12,impostor,25666.0
first_12,12,impostor,84401.0
first_12,12,impostor,77014.0
first_12,12,impostor,82518.0
first_12,12,impostor,76985.0
first_12,12,impostor,68322.0
first_12,12,impostor,80907.0
first_12,12,impostor,84787.0
first_12,12,impostor,89337.0
first_12,12,impostor,84122.0
first_12,12,impostor,79944.0
first_12,12,impostor,86867.0
first_12,12,impostor,4900.0
first_12,12,impostor,86835.0
first_12,12,impostor,53189.0
first_12,12,impostor,79063.0
first_12,12,impostor,79095.0
first_12,12,impostor,77867.0
first_12,12,impostor,78029.0
first_12,12,impostor,82291.0
first_12,12,impostor,19653.0
first_12,12,impostor,21854.0
first_12,12,impostor,27894.0
first_12,12,impostor,15588.0
first_12,12,impostor,26337.0
first_12,12,impostor,32492.0
first_12,12,impostor,52508.0
first_12,12,impostor,26705.0
first_12,12,impostor,78350.0
first_12,12,impostor,15691.0
first_12,12,impostor,39490.0
first_12,12,impostor,16305.0
first_12,12,impostor,16526.0
first_12,12,impostor,21537.0
first_12,12,impostor,41434.0
first_12,12,impostor,10446.0
first_12,12,impostor,14698.0
first_12,12,impostor,16177.0
first_12,12,impostor,16727.0
first_12,12,impostor,21747.0
first_12,12,impostor,18232.0
first_12,12,impostor,21409.0
first_12,12,impostor,22554.0
first_12,12,impostor,12396.0
first_12,12,impostor,16369.0
first_12,12,impostor,12248.0
first_12,12,impostor,19513.0
first_12,12,impostor,15401.0
first_12,12,impostor,29669.0
first_12,12,impostor,17118.0
first_12,12,impostor,21976.0
first_12,12,impostor,17151.0
first_12,12,impostor,46730.0
first_12,12,impostor,19547.0
first_12,12,impostor,29989.0
first_12,12,impostor,15855.0
first_12,12,impostor,19431.0
first_12,12,impostor,16773.0
first_12,12,impostor,16905.0
first_12,12,impostor,20777.0
first_12,12,impostor,95570.0
first_12,12,impostor,100331.0
first_12,12,impostor,94261.0
first_12,12,impostor,87639.0
first_12,12,impostor,90488.0
first_12,12,impostor,88091.0
first_12,12,impostor,84377.0
first_12,12,impostor,90866.0
first_12,12,impostor,32761.0
first_12,12,impostor,101506.0
first_12,12,impostor,100529.0
first_12,12,impostor,94898.0
first_12,12,impostor,97015.0
first_12,12,impostor,101110.0
first_12,12,impostor,95361.0
first_12,12,impostor,89231.0
first_12,12,impostor,92133.0
first_12,12,impostor,95838.0
first_12,12,impostor,94530.0
first_12,12,impostor,96956.0
first_12,12,impostor,93179.0
first_12,12,impostor,95804.0
first_12,12,impostor,89141.0
first_12,12,impostor,92473.0
first_12,12,impostor,97076.0
first_12,12,impostor,95291.0
first_12,12,impostor,106428.0
first_12,12,impostor,90760.0
first_12,12,impostor,94586.0
first_12,12,impostor,94439.0
first_12,12,impostor,91347.0
first_12,12,impostor,92840.0
first_12,12,impostor,98115.0
first_12,12,impostor,95704.0
first_12,12,impostor,102240.0
first_12,12,impostor,99516.0
first_12,12,impostor,104616.0
first_12,12,impostor,99768.0
first_12,12,impostor,100292.0
first_12,12,impostor,109260.0
first_12,12,impostor,92131.0
first_12,12,impostor,3846.0
first_12,12,impostor,42621.0
first_12,12,impostor,3924.0
first_12,12,impostor,5971.0
first_12,12,impostor,6104.0
first_12,12,impostor,46465.0
first_12,12,impostor,19131.0
first_12,12,impostor,3653.0
first_12,12,impostor,9082.0
first_12,12,impostor,2332.0
first_12,12,impostor,38858.0
first_12,12,impostor,25897.0
first_12,12,impostor,4786.0
first_12,12,impostor,3215.0
first_12,12,impostor,1919.0
first_12,12,impostor,3002.0
first_12,12,impostor,11781.0
first_12,12,impostor,4038.0
first_12,12,impostor,3594.0
first_12,12,impostor,5396.0
first_12,12,impostor,2229.0
first_12,12,impostor,4865.0
first_12,12,impostor,4202.0
first_12,12,impostor,67393.0
first_12,12,impostor,1832.0
first_12,12,impostor,15258.0
first_12,12,impostor,2480.0
first_12,12,impostor,3356.0
first_12,12,impostor,3378.0
first_12,12,impostor,3450.0
first_12,12,impostor,4470.0
first_12,12,impostor,93996.0
first_12,12,impostor,5841.0
first_12,12,impostor,44382.0
first_12,12,impostor,4039.0
first_12,12,impostor,8418.0
first_12,12,impostor,10675.0
first_12,12,impostor,53000.0
first_12,12,impostor,20358.0
first_12,12,impostor,4194.0
first_12,12,impostor,7991.0
first_12,12,impostor,2321.0
first_12,12,impostor,40803.0
first_12,12,impostor,25558.0
first_12,12,impostor,5269.0
first_12,12,impostor,2928.0
first_12,12,impostor,3004.0
first_12,12,impostor,2095.0
first_12,12,impostor,15236.0
first_12,12,impostor,2517.0
first_12,12,impostor,6945.0
first_12,12,impostor,7485.0
first_12,12,impostor,2706.0
first_12,12,impostor,3572.0
first_12,12,impostor,2119.0
first_12,12,impostor,69258.0
first_12,12,impostor,551.0
first_12,12,impostor,18043.0
first_12,12,impostor,2787.0
first_12,12,impostor,2043.0
first_12,12,impostor,2337.0
first_12,12,impostor,2385.0
first_12,12,impostor,2757.0
first_12,12,impostor,91546.0
first_12,12,impostor,5483.0
first_12,12,impostor,45000.0
first_12,12,impostor,8511.0
first_12,12,impostor,11776.0
first_12,12,impostor,4827.0
first_12,12,impostor,47728.0
first_12,12,impostor,25248.0
first_12,12,impostor,10464.0
first_12,12,impostor,15815.0
first_12,12,impostor,7957.0
first_12,12,impostor,44179.0
first_12,12,impostor,31920.0
first_12,12,impostor,5537.0
first_12,12,impostor,6054.0
first_12,12,impostor,6042.0
first_12,12,impostor,10275.0
first_12,12,impostor,16818.0
first_12,12,impostor,11275.0
first_12,12,impostor,4887.0
first_12,12,impostor,4163.0
first_12,12,impostor,8040.0
first_12,12,impostor,9346.0
first_12,12,impostor,10301.0
first_12,12,impostor,74836.0
first_12,12,impostor,6683.0
first_12,12,impostor,17101.0
first_12,12,impostor,9075.0
first_12,12,impostor,9943.0
first_12,12,impostor,10495.0
first_12,12,impostor,10615.0
first_12,12,impostor,11755.0
first_12,12,impostor,83476.0
first_12,12,impostor,7229.0
first_12,12,impostor,36514.0
first_12,12,impostor,5699.0
first_12,12,impostor,9760.0
first_12,12,impostor,5175.0
first_12,12,impostor,36328.0
first_12,12,impostor,19094.0
first_12,12,impostor,10106.0
first_12,12,impostor,17701.0
first_12,12,impostor,8773.0
first_12,12,impostor,28303.0
first_12,12,impostor,29886.0
first_12,12,impostor,12223.0
first_12,12,impostor,12872.0
first_12,12,impostor,6324.0
first_12,12,impostor,13013.0
first_12,12,impostor,14460.0
first_12,12,impostor,15255.0
first_12,12,impostor,3571.0
first_12,12,impostor,10711.0
first_12,12,impostor,9608.0
first_12,12,impostor,13938.0
first_12,12,impostor,14531.0
first_12,12,impostor,64090.0
first_12,12,impostor,12377.0
first_12,12,impostor,17815.0
first_12,12,impostor,10387.0
first_12,12,impostor,14609.0
first_12,12,impostor,13495.0
first_12,12,impostor,13601.0
first_12,12,impostor,16127.0
first_12,12,impostor,89945.0
first_12,12,impostor,7382.0
first_12,12,impostor,40391.0
first_12,12,impostor,13688.0
first_12,12,impostor,22171.0
first_12,12,impostor,8258.0
first_12,12,impostor,57709.0
first_12,12,impostor,22495.0
first_12,12,impostor,20795.0
first_12,12,impostor,25322.0
first_12,12,impostor,16998.0
first_12,12,impostor,33498.0
first_12,12,impostor,33007.0
first_12,12,impostor,7020.0
first_12,12,impostor,11213.0
first_12,12,impostor,10029.0
first_12,12,impostor,20750.0
first_12,12,impostor,21265.0
first_12,12,impostor,22090.0
first_12,12,impostor,5806.0
first_12,12,impostor,4438.0
first_12,12,impostor,15337.0
first_12,12,impostor,16507.0
first_12,12,impostor,14452.0
first_12,12,impostor,76851.0
first_12,12,impostor,12690.0
first_12,12,impostor,25848.0
first_12,12,impostor,18446.0
first_12,12,impostor,20638.0
first_12,12,impostor,20950.0
first_12,12,impostor,21108.0
first_12,12,impostor,22714.0
first_12,12,impostor,88634.0
first_12,12,impostor,16733.0
first_12,12,impostor,37570.0
first_12,12,impostor,23109.0
first_12,12,impostor,35456.0
first_12,12,impostor,19543.0
first_12,12,impostor,70590.0
first_12,12,impostor,25388.0
first_12,12,impostor,31364.0
first_12,12,impostor,36539.0
first_12,12,impostor,27141.0
first_12,12,impostor,30097.0
first_12,12,impostor,35334.0
first_12,12,impostor,15367.0
first_12,12,impostor,18436.0
first_12,12,impostor,18652.0
first_12,12,impostor,32059.0
first_12,12,impostor,29696.0
first_12,12,impostor,33585.0
first_12,12,impostor,14397.0
first_12,12,impostor,10945.0
first_12,12,impostor,26276.0
first_12,12,impostor,26598.0
first_12,12,impostor,21859.0
first_12,12,impostor,74588.0
first_12,12,impostor,21591.0
first_12,12,impostor,33849.0
first_12,12,impostor,29433.0
first_12,12,impostor,31951.0
first_12,12,impostor,32085.0
first_12,12,impostor,32293.0
first_12,12,impostor,34353.0
first_12,12,impostor,67906.0
first_12,12,impostor,53617.0
first_12,12,impostor,23850.0
first_12,12,impostor,45249.0
first_12,12,impostor,55022.0
first_12,12,impostor,54561.0
first_12,12,impostor,44500.0
first_12,12,impostor,27158.0
first_12,12,impostor,51366.0
first_12,12,impostor,67003.0
first_12,12,impostor,44263.0
first_12,12,impostor,29201.0
first_12,12,impostor,33444.0
first_12,12,impostor,41603.0
first_12,12,impostor,41886.0
first_12,12,impostor,50030.0
first_12,12,impostor,55529.0
first_12,12,impostor,50346.0
first_12,12,impostor,61899.0
first_12,12,impostor,43887.0
first_12,12,impostor,37735.0
first_12,12,impostor,47052.0
first_12,12,impostor,47214.0
first_12,12,impostor,52685.0
first_12,12,impostor,31412.0
first_12,12,impostor,49115.0
first_12,12,impostor,28093.0
first_12,12,impostor,51527.0
first_12,12,impostor,58611.0
first_12,12,impostor,58159.0
first_12,12,impostor,58555.0
first_12,12,impostor,63563.0
first_12,12,impostor,89599.0
first_12,12,impostor,9490.0
first_12,12,impostor,37329.0
first_12,12,impostor,15250.0
first_12,12,impostor,26309.0
first_12,12,impostor,12672.0
first_12,12,impostor,63911.0
first_12,12,impostor,21685.0
first_12,12,impostor,22211.0
first_12,12,impostor,26166.0
first_12,12,impostor,19084.0
first_12,12,impostor,28726.0
first_12,12,impostor,31249.0
first_12,12,impostor,10680.0
first_12,12,impostor,11639.0
first_12,12,impostor,10971.0
first_12,12,impostor,22406.0
first_12,12,impostor,22165.0
first_12,12,impostor,23358.0
first_12,12,impostor,8450.0
first_12,12,impostor,6516.0
first_12,12,impostor,18419.0
first_12,12,impostor,18693.0
first_12,12,impostor,14086.0
first_12,12,impostor,74985.0
first_12,12,impostor,13768.0
first_12,12,impostor,29644.0
first_12,12,impostor,20806.0
first_12,12,impostor,22208.0
first_12,12,impostor,22178.0
first_12,12,impostor,22350.0
first_12,12,impostor,23998.0
first_12,12,impostor,89780.0
first_12,12,impostor,92399.0
first_12,12,impostor,88195.0
first_12,12,impostor,65643.0
first_12,12,impostor,70916.0
first_12,12,impostor,92003.0
first_12,12,impostor,89684.0
first_12,12,impostor,90844.0
first_12,12,impostor,92551.0
first_12,12,impostor,84612.0
first_12,12,impostor,97197.0
first_12,12,impostor,89493.0
first_12,12,impostor,91871.0
first_12,12,impostor,91724.0
first_12,12,impostor,87546.0
first_12,12,impostor,90849.0
first_12,12,impostor,65354.0
first_12,12,impostor,92265.0
first_12,12,impostor,79615.0
first_12,12,impostor,93905.0
first_12,12,impostor,96109.0
first_12,12,impostor,94157.0
first_12,12,impostor,94319.0
first_12,12,impostor,98581.0
first_12,12,impostor,8447.0
first_12,12,impostor,11748.0
first_12,12,impostor,8098.0
first_12,12,impostor,33608.0
first_12,12,impostor,27683.0
first_12,12,impostor,6838.0
first_12,12,impostor,8879.0
first_12,12,impostor,2331.0
first_12,12,impostor,7896.0
first_12,12,impostor,8165.0
first_12,12,impostor,7706.0
first_12,12,impostor,2414.0
first_12,12,impostor,7430.0
first_12,12,impostor,6489.0
first_12,12,impostor,11375.0
first_12,12,impostor,7450.0
first_12,12,impostor,73419.0
first_12,12,impostor,6096.0
first_12,12,impostor,20816.0
first_12,12,impostor,6178.0
first_12,12,impostor,7496.0
first_12,12,impostor,7586.0
first_12,12,impostor,7566.0
first_12,12,impostor,7922.0
first_12,12,impostor,42130.0
first_12,12,impostor,40111.0
first_12,12,impostor,37519.0
first_12,12,impostor,16919.0
first_12,12,impostor,12120.0
first_12,12,impostor,42065.0
first_12,12,impostor,35582.0
first_12,12,impostor,41358.0
first_12,12,impostor,41599.0
first_12,12,impostor,41440.0
first_12,12,impostor,43909.0
first_12,12,impostor,40273.0
first_12,12,impostor,40363.0
first_12,12,impostor,44368.0
first_12,12,impostor,38342.0
first_12,12,impostor,44965.0
first_12,12,impostor,19268.0
first_12,12,impostor,44085.0
first_12,12,impostor,30323.0
first_12,12,impostor,43767.0
first_12,12,impostor,42693.0
first_12,12,impostor,42129.0
first_12,12,impostor,42271.0
first_12,12,impostor,44789.0
first_12,12,impostor,5129.0
first_12,12,impostor,9758.0
first_12,12,impostor,2374.0
first_12,12,impostor,28054.0
first_12,12,impostor,23301.0
first_12,12,impostor,7972.0
first_12,12,impostor,5731.0
first_12,12,impostor,3375.0
first_12,12,impostor,5214.0
first_12,12,impostor,17843.0
first_12,12,impostor,6364.0
first_12,12,impostor,6352.0
first_12,12,impostor,10044.0
first_12,12,impostor,5347.0
first_12,12,impostor,4849.0
first_12,12,impostor,4170.0
first_12,12,impostor,61821.0
first_12,12,impostor,3610.0
first_12,12,impostor,17578.0
first_12,12,impostor,5554.0
first_12,12,impostor,5982.0
first_12,12,impostor,5384.0
first_12,12,impostor,5486.0
first_12,12,impostor,6924.0
first_12,12,impostor,5212.0
first_12,12,impostor,9173.0
first_12,12,impostor,6999.0
first_12,12,impostor,41563.0
first_12,12,impostor,25602.0
first_12,12,impostor,14595.0
first_12,12,impostor,11698.0
first_12,12,impostor,6832.0
first_12,12,impostor,4367.0
first_12,12,impostor,7300.0
first_12,12,impostor,5847.0
first_12,12,impostor,6863.0
first_12,12,impostor,14629.0
first_12,12,impostor,4322.0
first_12,12,impostor,11936.0
first_12,12,impostor,13511.0
first_12,12,impostor,60232.0
first_12,12,impostor,10441.0
first_12,12,impostor,17777.0
first_12,12,impostor,3619.0
first_12,12,impostor,5997.0
first_12,12,impostor,5307.0
first_12,12,impostor,5233.0
first_12,12,impostor,6231.0
first_12,12,impostor,11033.0
first_12,12,impostor,17074.0
first_12,12,impostor,11044.0
first_12,12,impostor,41252.0
first_12,12,impostor,35403.0
first_12,12,impostor,11006.0
first_12,12,impostor,14049.0
first_12,12,impostor,5745.0
first_12,12,impostor,12460.0
first_12,12,impostor,10645.0
first_12,12,impostor,12228.0
first_12,12,impostor,3236.0
first_12,12,impostor,9392.0
first_12,12,impostor,10177.0
first_12,12,impostor,17571.0
first_12,12,impostor,15426.0
first_12,12,impostor,76811.0
first_12,12,impostor,12282.0
first_12,12,impostor,18486.0
first_12,12,impostor,8734.0
first_12,12,impostor,11738.0
first_12,12,impostor,12108.0
first_12,12,impostor,12050.0
first_12,12,impostor,12444.0
first_12,12,impostor,47724.0
first_12,12,impostor,46089.0
first_12,12,impostor,47157.0
first_12,12,impostor,37055.0
first_12,12,impostor,28756.0
first_12,12,impostor,52107.0
first_12,12,impostor,46462.0
first_12,12,impostor,49794.0
first_12,12,impostor,45931.0
first_12,12,impostor,34770.0
first_12,12,impostor,52227.0
first_12,12,impostor,42767.0
first_12,12,impostor,48879.0
first_12,12,impostor,43074.0
first_12,12,impostor,42970.0
first_12,12,impostor,57797.0
first_12,12,impostor,41432.0
first_12,12,impostor,53329.0
first_12,12,impostor,44215.0
first_12,12,impostor,49163.0
first_12,12,impostor,51645.0
first_12,12,impostor,49047.0
first_12,12,impostor,49223.0
first_12,12,impostor,53667.0
first_12,12,impostor,20362.0
first_12,12,impostor,23053.0
first_12,12,impostor,18555.0
first_12,12,impostor,9251.0
first_12,12,impostor,9578.0
first_12,12,impostor,18113.0
first_12,12,impostor,17416.0
first_12,12,impostor,16580.0
first_12,12,impostor,19303.0
first_12,12,impostor,13498.0
first_12,12,impostor,23319.0
first_12,12,impostor,16075.0
first_12,12,impostor,20633.0
first_12,12,impostor,16118.0
first_12,12,impostor,17540.0
first_12,12,impostor,17487.0
first_12,12,impostor,35214.0
first_12,12,impostor,17895.0
first_12,12,impostor,25517.0
first_12,12,impostor,19909.0
first_12,12,impostor,22723.0
first_12,12,impostor,20899.0
first_12,12,impostor,21093.0
first_12,12,impostor,24455.0
first_12,12,impostor,2059.0
first_12,12,impostor,10434.0
first_12,12,impostor,2913.0
first_12,12,impostor,8577.0
first_12,12,impostor,15681.0
first_12,12,impostor,5068.0
first_12,12,impostor,9752.0
first_12,12,impostor,6425.0
first_12,12,impostor,57014.0
first_12,12,impostor,5439.0
first_12,12,impostor,13919.0
first_12,12,impostor,1189.0
first_12,12,impostor,2703.0
first_12,12,impostor,1853.0
first_12,12,impostor,1899.0
first_12,12,impostor,3505.0
first_12,12,impostor,3482.0
first_12,12,impostor,15801.0
first_12,12,impostor,3632.0
first_12,12,impostor,14456.0
first_12,12,impostor,20548.0
first_12,12,impostor,10841.0
first_12,12,impostor,7737.0
first_12,12,impostor,7802.0
first_12,12,impostor,61523.0
first_12,12,impostor,8170.0
first_12,12,impostor,28376.0
first_12,12,impostor,8368.0
first_12,12,impostor,3806.0
first_12,12,impostor,2972.0
first_12,12,impostor,3018.0
first_12,12,impostor,4064.0
first_12,12,impostor,2332.0
first_12,12,impostor,14631.0
first_12,12,impostor,3212.0
first_12,12,impostor,7888.0
first_12,12,impostor,12136.0
first_12,12,impostor,3979.0
first_12,12,impostor,6169.0
first_12,12,impostor,4630.0
first_12,12,impostor,55429.0
first_12,12,impostor,3250.0
first_12,12,impostor,11206.0
first_12,12,impostor,1574.0
first_12,12,impostor,2562.0
first_12,12,impostor,2392.0
first_12,12,impostor,2458.0
first_12,12,impostor,3708.0
first_12,12,impostor,40140.0
first_12,12,impostor,29229.0
first_12,12,impostor,43422.0
first_12,12,impostor,30630.0
first_12,12,impostor,36862.0
first_12,12,impostor,37575.0
first_12,12,impostor,37891.0
first_12,12,impostor,35396.0
first_12,12,impostor,34413.0
first_12,12,impostor,37618.0
first_12,12,impostor,36818.0
first_12,12,impostor,39390.0
first_12,12,impostor,43146.0
first_12,12,impostor,40742.0
first_12,12,impostor,40936.0
first_12,12,impostor,44662.0
first_12,12,impostor,20953.0
first_12,12,impostor,22380.0
first_12,12,impostor,23083.0
first_12,12,impostor,28371.0
first_12,12,impostor,31853.0
first_12,12,impostor,26494.0
first_12,12,impostor,20932.0
first_12,12,impostor,23955.0
first_12,12,impostor,20374.0
first_12,12,impostor,24563.0
first_12,12,impostor,25379.0
first_12,12,impostor,25231.0
first_12,12,impostor,22143.0
first_12,12,impostor,21283.0
first_12,12,impostor,21445.0
first_12,12,impostor,23971.0
first_12,12,impostor,9726.0
first_12,12,impostor,20749.0
first_12,12,impostor,11210.0
first_12,12,impostor,6934.0
first_12,12,impostor,5716.0
first_12,12,impostor,6527.0
first_12,12,impostor,5449.0
first_12,12,impostor,6288.0
first_12,12,impostor,69225.0
first_12,12,impostor,4406.0
first_12,12,impostor,20896.0
first_12,12,impostor,9830.0
first_12,12,impostor,9790.0
first_12,12,impostor,10610.0
first_12,12,impostor,10728.0
first_12,12,impostor,11618.0
first_12,12,impostor,5023.0
first_12,12,impostor,17074.0
first_12,12,impostor,7017.0
first_12,12,impostor,7297.0
first_12,12,impostor,5069.0
first_12,12,impostor,5348.0
first_12,12,impostor,2236.0
first_12,12,impostor,3269.0
first_12,12,impostor,65072.0
first_12,12,impostor,2091.0
first_12,12,impostor,23349.0
first_12,12,impostor,8071.0
first_12,12,impostor,6283.0
first_12,12,impostor,5697.0
first_12,12,impostor,5895.0
first_12,12,impostor,7713.0
first_12,12,impostor,3523.0
first_12,12,impostor,9024.0
first_12,12,impostor,4249.0
first_12,12,impostor,2909.0
first_12,12,impostor,8311.0
first_12,12,impostor,4024.0
first_12,12,impostor,7424.0
first_12,12,impostor,3337.0
first_12,12,impostor,65900.0
first_12,12,impostor,2875.0
first_12,12,impostor,18505.0
first_12,12,impostor,2835.0
first_12,12,impostor,4007.0
first_12,12,impostor,3289.0
first_12,12,impostor,3359.0
first_12,12,impostor,4801.0
first_12,12,impostor,60941.0
first_12,12,impostor,2966.0
first_12,12,impostor,18808.0
first_12,12,impostor,1690.0
first_12,12,impostor,694.0
first_12,12,impostor,242.0
first_12,12,impostor,260.0
first_12,12,impostor,1082.0
first_12,12,impostor,54364.0
first_12,12,impostor,16235.0
first_12,12,impostor,21783.0
first_12,12,impostor,9707.0
first_12,12,impostor,13459.0
first_12,12,impostor,12067.0
first_12,12,impostor,12037.0
first_12,12,impostor,13803.0
first_12,12,impostor,64695.0
first_12,12,impostor,4066.0
first_12,12,impostor,19012.0
first_12,12,impostor,2114.0
first_12,12,impostor,122.0
first_12,12,impostor,300.0
first_12,12,impostor,244.0
first_12,12,impostor,48.0
first_12,12,impostor,70283.0
first_12,12,impostor,6674.0
first_12,12,impostor,20512.0
first_12,12,impostor,6794.0
first_12,12,impostor,10218.0
first_12,12,impostor,9496.0
first_12,12,impostor,9556.0
first_12,12,impostor,11204.0
first_12,12,impostor,77787.0
first_12,12,impostor,6948.0
first_12,12,impostor,24706.0
first_12,12,impostor,12868.0
first_12,12,impostor,14396.0
first_12,12,impostor,14538.0
first_12,12,impostor,14662.0
first_12,12,impostor,15798.0
first_12,12,impostor,66986.0
first_12,12,impostor,2923.0
first_12,12,impostor,19375.0
first_12,12,impostor,2811.0
first_12,12,impostor,5107.0
first_12,12,impostor,4563.0
first_12,12,impostor,4601.0
first_12,12,impostor,5823.0
first_12,12,impostor,66532.0
first_12,12,impostor,2439.0
first_12,12,impostor,26077.0
first_12,12,impostor,9003.0
first_12,12,impostor,6555.0
first_12,12,impostor,6051.0
first_12,12,impostor,6221.0
first_12,12,impostor,7759.0
first_12,12,impostor,70571.0
first_12,12,impostor,728.0
first_12,12,impostor,25864.0
first_12,12,impostor,6196.0
first_12,12,impostor,4800.0
first_12,12,impostor,4204.0
first_12,12,impostor,4340.0
first_12,12,impostor,5632.0
first_64,64,genuine,18776.0
first_64,64,genuine,37267.0
first_64,64,genuine,45265.0
first_64,64,genuine,32029.0
first_64,64,genuine,33964.0
first_64,64,genuine,35877.0
first_64,64,genuine,32523.0
first_64,64,genuine,40003.0
first_64,64,genuine,40327.0
first_64,64,genuine,23157.0
first_64,64,genuine,27380.0
first_64,64,genuine,29377.0
first_64,64,genuine,30307.0
first_64,64,genuine,8738.0
first_64,64,genuine,57136.0
first_64,64,genuine,57531.0
first_64,64,genuine,56246.0
first_64,64,genuine,57198.0
first_64,64,genuine,53730.0
first_64,64,genuine,54931.0
first_64,64,genuine,56360.0
first_64,64,genuine,54076.0
first_64,64,genuine,13721.0
first_64,64,genuine,16114.0
first_64,64,genuine,20588.0
first_64,64,genuine,8523.0
first_64,64,genuine,22409.0
first_64,64,genuine,22462.0
first_64,64,genuine,25195.0
first_64,64,genuine,30003.0
first_64,64,genuine,18228.0
first_64,64,genuine,14713.0
first_64,64,genuine,22830.0
first_64,64,genuine,21457.0
first_64,64,genuine,25031.0
first_64,64,genuine,33914.0
first_64,64,genuine,12099.0
first_64,64,genuine,18356.0
first_64,64,genuine,13741.0
first_64,64,genuine,24084.0
first_64,64,genuine,11832.0
first_64,64,genuine,27887.0
first_64,64,genuine,21448.0
first_64,64,genuine,30713.0
first_64,64,genuine,19740.0
first_64,64,genuine,30136.0
first_64,64,genuine,13475.0
first_64,64,genuine,10590.0
first_64,64,genuine,21349.0
first_64,64,genuine,10201.0
first_64,64,genuine,8803.0
first_64,64,genuine,12258.0
first_64,64,genuine,17888.0
first_64,64,genuine,17199.0
first_64,64,genuine,11667.0
first_64,64,genuine,16898.0
first_64,64,genuine,19422.0
first_64,64,genuine,14071.0
first_64,64,genuine,15461.0
first_64,64,genuine,30477.0
first_64,64,genuine,27780.0
first_64,64,genuine,26403.0
first_64,64,genuine,28234.0
first_64,64,genuine,16833.0
first_64,64,genuine,24975.0
first_64,64,genuine,26069.0
first_64,64,genuine,29012.0
first_64,64,genuine,28393.0
first_64,64,genuine,32276.0
first_64,64,genuine,23820.0
first_64,64,genuine,23610.0
first_64,64,genuine,22985.0
first_64,64,genuine,21754.0
first_64,64,genuine,32741.0
first_64,64,genuine,32690.0
first_64,64,genuine,28265.0
first_64,64,genuine,27764.0
first_64,64,genuine,28385.0
first_64,64,genuine,10683.0
first_64,64,genuine,5254.0
first_64,64,genuine,30979.0
first_64,64,genuine,6387.0
first_64,64,genuine,27220.0
first_64,64,genuine,26693.0
first_64,64,genuine,18607.0
first_64,64,genuine,19440.0
first_64,64,genuine,15682.0
first_64,64,genuine,23379.0
first_64,64,genuine,22335.0
first_64,64,genuine,29532.0
first_64,64,genuine,25060.0
first_64,64,genuine,10127.0
first_64,64,genuine,19947.0
first_64,64,genuine,27066.0
first_64,64,genuine,29472.0
first_64,64,genuine,29115.0
first_64,64,genuine,21753.0
first_64,64,genuine,20256.0
first_64,64,genuine,23937.0
first_64,64,genuine,28693.0
first_64,64,genuine,27950.0
first_64,64,genuine,20004.0
first_64,64,genuine,25281.0
first_64,64,genuine,26799.0
first_64,64,genuine,29584.0
first_64,64,genuine,29170.0
first_64,64,genuine,3854.0
first_64,64,genuine,10565.0
first_64,64,genuine,6325.0
first_64,64,genuine,9177.0
first_64,64,genuine,6459.0
first_64,64,genuine,9318.0
first_64,64,genuine,18121.0
first_64,64,genuine,21656.0
first_64,64,genuine,45101.0
first_64,64,genuine,103005.0
first_64,64,genuine,63049.0
first_64,64,genuine,36760.0
first_64,64,genuine,68386.0
first_64,64,genuine,25945.0
first_64,64,genuine,42550.0
first_64,64,genuine,96666.0
first_64,64,genuine,61134.0
first_64,64,genuine,32489.0
first_64,64,genuine,62745.0
first_64,64,genuine,51497.0
first_64,64,genuine,110637.0
first_64,64,genuine,61759.0
first_64,64,genuine,45834.0
first_64,64,genuine,76380.0
first_64,64,genuine,95556.0
first_64,64,genuine,31214.0
first_64,64,genuine,56243.0
first_64,64,genuine,65987.0
first_64,64,genuine,77574.0
first_64,64,genuine,86141.0
first_64,64,genuine,41617.0
first_64,64,genuine,45283.0
first_64,64,genuine,46425.0
first_64,64,genuine,49196.0
first_64,64,genuine,11559.0
first_64,64,genuine,15765.0
first_64,64,genuine,15153.0
first_64,64,genuine,33595.0
first_64,64,genuine,29129.0
first_64,64,genuine,43295.0
first_64,64,genuine,27876.0
first_64,64,genuine,14708.0
first_64,64,genuine,18300.0
first_64,64,genuine,32228.0
first_64,64,genuine,29518.0
first_64,64,genuine,50172.0
first_64,64,genuine,26477.0
first_64,64,genuine,17900.0
first_64,64,genuine,29278.0
first_64,64,genuine,22164.0
first_64,64,genuine,50988.0
first_64,64,genuine,27115.0
first_64,64,genuine,35294.0
first_64,64,genuine,31102.0
first_64,64,genuine,51676.0
first_64,64,genuine,32541.0
first_64,64,genuine,22414.0
first_64,64,genuine,43584.0
first_64,64,genuine,17041.0
first_64,64,genuine,55526.0
first_64,64,genuine,15461.0
first_64,64,genuine,51065.0
first_64,64,genuine,42491.0
first_64,64,genuine,30929.0
first_64,64,genuine,37554.0
first_64,64,genuine,44293.0
first_64,64,genuine,48858.0
first_64,64,genuine,34285.0
first_64,64,genuine,39691.0
first_64,64,genuine,30514.0
first_64,64,genuine,12177.0
first_64,64,genuine,14958.0
first_64,64,genuine,22807.0
first_64,64,genuine,32812.0
first_64,64,genuine,21022.0
first_64,64,genuine,25527.0
first_64,64,genuine,29954.0
first_64,64,genuine,34543.0
first_64,64,genuine,20188.0
first_64,64,genuine,23744.0
first_64,64,genuine,19243.0
first_64,64,genuine,25652.0
first_64,64,genuine,30843.0
first_64,64,genuine,22103.0
first_64,64,genuine,12475.0
first_64,64,genuine,22774.0
first_64,64,genuine,14008.0
first_64,64,genuine,25253.0
first_64,64,genuine,17569.0
first_64,64,genuine,15496.0
first_64,64,genuine,17935.0
first_64,64,genuine,16516.0
first_64,64,genuine,40095.0
first_64,64,genuine,32384.0
first_64,64,genuine,19723.0
first_64,64,genuine,14275.0
first_64,64,genuine,10286.0
first_64,64,genuine,17229.0
first_64,64,genuine,25078.0
first_64,64,genuine,22327.0
first_64,64,genuine,22178.0
first_64,64,genuine,20720.0
first_64,64,genuine,13539.0
first_64,64,genuine,35153.0
first_64,64,genuine,18894.0
first_64,64,genuine,13989.0
first_64,64,genuine,11499.0
first_64,64,genuine,10564.0
first_64,64,genuine,20783.0
first_64,64,genuine,37610.0
first_64,64,genuine,36098.0
first_64,64,genuine,32763.0
first_64,64,genuine,23651.0
first_64,64,genuine,20923.0
first_64,64,genuine,20318.0
first_64,64,genuine,14464.0
first_64,64,genuine,11527.0
first_64,64,genuine,12185.0
first_64,64,genuine,17675.0
first_64,64,genuine,6991.0
first_64,64,genuine,9503.0
first_64,64,genuine,14545.0
first_64,64,genuine,19953.0
first_64,64,genuine,12167.0
first_64,64,genuine,10901.0
first_64,64,genuine,17232.0
first_64,64,genuine,15058.0
first_64,64,genuine,14686.0
first_64,64,genuine,15814.0
first_64,64,genuine,23686.0
first_64,64,genuine,22308.0
first_64,64,genuine,10984.0
first_64,64,genuine,15744.0
first_64,64,genuine,20604.0
first_64,64,genuine,12394.0
first_64,64,genuine,12482.0
first_64,64,genuine,8236.0
first_64,64,genuine,18154.0
first_64,64,genuine,14476.0
first_64,64,genuine,11816.0
first_64,64,genuine,21174.0
first_64,64,genuine,17780.0
first_64,64,genuine,13914.0
first_64,64,genuine,17604.0
first_64,64,genuine,19636.0
first_64,64,genuine,9776.0
first_64,64,genuine,35163.0
first_64,64,genuine,19910.0
first_64,64,genuine,34456.0
first_64,64,genuine,41417.0
first_64,64,genuine,44321.0
first_64,64,genuine,35336.0
first_64,64,genuine,29553.0
first_64,64,genuine,21961.0
first_64,64,genuine,17431.0
first_64,64,genuine,18444.0
first_64,64,genuine,16172.0
first_64,64,genuine,12635.0
first_64,64,genuine,13178.0
first_64,64,genuine,16704.0
first_64,64,genuine,25941.0
first_64,64,genuine,20523.0
first_64,64,genuine,23816.0
first_64,64,genuine,22573.0
first_64,64,genuine,15507.0
first_64,64,genuine,14921.0
first_64,64,genuine,17024.0
first_64,64,genuine,12353.0
first_64,64,genuine,11462.0
first_64,64,genuine,14769.0
first_64,64,genuine,12424.0
first_64,64,genuine,12301.0
first_64,64,genuine,12352.0
first_64,64,genuine,9325.0
first_64,64,impostor,21148.0
first_64,64,impostor,33565.0
first_64,64,impostor,16009.0
first_64,64,impostor,26020.0
first_64,64,impostor,18957.0
first_64,64,impostor,27980.0
first_64,64,impostor,10299.0
first_64,64,impostor,26943.0
first_64,64,impostor,13807.0
first_64,64,impostor,26289.0
first_64,64,impostor,21302.0
first_64,64,impostor,24668.0
first_64,64,impostor,38016.0
first_64,64,impostor,27575.0
first_64,64,impostor,31988.0
first_64,64,impostor,30719.0
first_64,64,impostor,22995.0
first_64,64,impostor,26376.0
first_64,64,impostor,19261.0
first_64,64,impostor,24231.0
first_64,64,impostor,23316.0
first_64,64,impostor,23428.0
first_64,64,impostor,22999.0
first_64,64,impostor,23763.0
first_64,64,impostor,28672.0
first_64,64,impostor,16237.0
first_64,64,impostor,39940.0
first_64,64,impostor,40917.0
first_64,64,impostor,91285.0
first_64,64,impostor,60413.0
first_64,64,impostor,37788.0
first_64,64,impostor,65142.0
first_64,64,impostor,10337.0
first_64,64,impostor,17824.0
first_64,64,impostor,18090.0
first_64,64,impostor,15750.0
first_64,64,impostor,32040.0
first_64,64,impostor,29372.0
first_64,64,impostor,46616.0
first_64,64,impostor,31727.0
first_64,64,impostor,42207.0
first_64,64,impostor,12950.0
first_64,64,impostor,27690.0
first_64,64,impostor,13597.0
first_64,64,impostor,20072.0
first_64,64,impostor,27505.0
first_64,64,impostor,32968.0
first_64,64,impostor,25910.0
first_64,64,impostor,21945.0
first_64,64,impostor,16940.0
first_64,64,impostor,16159.0
first_64,64,impostor,31588.0
first_64,64,impostor,18117.0
first_64,64,impostor,20056.0
first_64,64,impostor,18498.0
first_64,64,impostor,13803.0
first_64,64,impostor,20193.0
first_64,64,impostor,15294.0
first_64,64,impostor,22640.0
first_64,64,impostor,13304.0
first_64,64,impostor,13624.0
first_64,64,impostor,22976.0
first_64,64,impostor,22698.0
first_64,64,impostor,17160.0
first_64,64,impostor,35939.0
first_64,64,impostor,12760.0
first_64,64,impostor,23523.0
first_64,64,impostor,19067.0
first_64,64,impostor,29746.0
first_64,64,impostor,29762.0
first_64,64,impostor,19797.0
first_64,64,impostor,23632.0
first_64,64,impostor,19458.0
first_64,64,impostor,17601.0
first_64,64,impostor,24735.0
first_64,64,impostor,15192.0
first_64,64,impostor,14141.0
first_64,64,impostor,15598.0
first_64,64,impostor,14187.0
first_64,64,impostor,13811.0
first_64,64,impostor,15711.0
first_64,64,impostor,12479.0
first_64,64,impostor,15012.0
first_64,64,impostor,18808.0
first_64,64,impostor,33838.0
first_64,64,impostor,29585.0
first_64,64,impostor,30064.0
first_64,64,impostor,36373.0
first_64,64,impostor,22021.0
first_64,64,impostor,15588.0
first_64,64,impostor,11365.0
first_64,64,impostor,21409.0
first_64,64,impostor,27892.0
first_64,64,impostor,28448.0
first_64,64,impostor,26491.0
first_64,64,impostor,23295.0
first_64,64,impostor,16088.0
first_64,64,impostor,14071.0
first_64,64,impostor,26340.0
first_64,64,impostor,39049.0
first_64,64,impostor,98483.0
first_64,64,impostor,58329.0
first_64,64,impostor,41948.0
first_64,64,impostor,72868.0
first_64,64,impostor,14669.0
first_64,64,impostor,14644.0
first_64,64,impostor,12500.0
first_64,64,impostor,16070.0
first_64,64,impostor,34354.0
first_64,64,impostor,29080.0
first_64,64,impostor,57410.0
first_64,64,impostor,35121.0
first_64,64,impostor,44805.0
first_64,64,impostor,15774.0
first_64,64,impostor,33706.0
first_64,64,impostor,15955.0
first_64,64,impostor,17446.0
first_64,64,impostor,28851.0
first_64,64,impostor,37542.0
first_64,64,impostor,30268.0
first_64,64,impostor,8769.0
first_64,64,impostor,19576.0
first_64,64,impostor,17697.0
first_64,64,impostor,38784.0
first_64,64,impostor,31017.0
first_64,64,impostor,28310.0
first_64,64,impostor,20294.0
first_64,64,impostor,15465.0
first_64,64,impostor,8779.0
first_64,64,impostor,16898.0
first_64,64,impostor,9062.0
first_64,64,impostor,6790.0
first_64,64,impostor,12904.0
first_64,64,impostor,20446.0
first_64,64,impostor,16608.0
first_64,64,impostor,14548.0
first_64,64,impostor,37189.0
first_64,64,impostor,16806.0
first_64,64,impostor,21837.0
first_64,64,impostor,13601.0
first_64,64,impostor,15312.0
first_64,64,impostor,14726.0
first_64,64,impostor,14647.0
first_64,64,impostor,15410.0
first_64,64,impostor,49793.0
first_64,64,impostor,52458.0
first_64,64,impostor,39098.0
first_64,64,impostor,46563.0
first_64,64,impostor,39854.0
first_64,64,impostor,41009.0
first_64,64,impostor,37796.0
first_64,64,impostor,46882.0
first_64,64,impostor,42436.0
first_64,64,impostor,43680.0
first_64,64,impostor,46431.0
first_64,64,impostor,45777.0
first_64,64,impostor,60597.0
first_64,64,impostor,53258.0
first_64,64,impostor,55233.0
first_64,64,impostor,56108.0
first_64,64,impostor,48712.0
first_64,64,impostor,49671.0
first_64,64,impostor,43032.0
first_64,64,impostor,47312.0
first_64,64,impostor,48365.0
first_64,64,impostor,48549.0
first_64,64,impostor,44372.0
first_64,64,impostor,47794.0
first_64,64,impostor,47989.0
first_64,64,impostor,42758.0
first_64,64,impostor,58545.0
first_64,64,impostor,24060.0
first_64,64,impostor,80594.0
first_64,64,impostor,42778.0
first_64,64,impostor,63303.0
first_64,64,impostor,52775.0
first_64,64,impostor,37708.0
first_64,64,impostor,41639.0
first_64,64,impostor,44207.0
first_64,64,impostor,37123.0
first_64,64,impostor,60517.0
first_64,64,impostor,54873.0
first_64,64,impostor,58591.0
first_64,64,impostor,56690.0
first_64,64,impostor,7512.0
first_64,64,impostor,40629.0
first_64,64,impostor,26709.0
first_64,64,impostor,36770.0
first_64,64,impostor,39427.0
first_64,64,impostor,45042.0
first_64,64,impostor,31237.0
first_64,64,impostor,33599.0
first_64,64,impostor,44712.0
first_64,64,impostor,44893.0
first_64,64,impostor,45832.0
first_64,64,impostor,32329.0
first_64,64,impostor,32138.0
first_64,64,impostor,49251.0
first_64,64,impostor,47329.0
first_64,64,impostor,45936.0
first_64,64,impostor,45342.0
first_64,64,impostor,34849.0
first_64,64,impostor,41787.0
first_64,64,impostor,41063.0
first_64,64,impostor,37355.0
first_64,64,impostor,48617.0
first_64,64,impostor,46445.0
first_64,64,impostor,45541.0
first_64,64,impostor,21492.0
first_64,64,impostor,42559.0
first_64,64,impostor,29206.0
first_64,64,impostor,41266.0
first_64,64,impostor,49383.0
first_64,64,impostor,50209.0
first_64,64,impostor,44482.0
first_64,64,impostor,42499.0
first_64,64,impostor,49797.0
first_64,64,impostor,45226.0
first_64,64,impostor,40640.0
first_64,64,impostor,40893.0
first_64,64,impostor,41328.0
first_64,64,impostor,41939.0
first_64,64,impostor,42062.0
first_64,64,impostor,42870.0
first_64,64,impostor,48092.0
first_64,64,impostor,44344.0
first_64,64,impostor,48393.0
first_64,64,impostor,42211.0
first_64,64,impostor,57541.0
first_64,64,impostor,51456.0
first_64,64,impostor,52239.0
first_64,64,impostor,51400.0
first_64,64,impostor,43700.0
first_64,64,impostor,47165.0
first_64,64,impostor,43848.0
first_64,64,impostor,46062.0
first_64,64,impostor,47299.0
first_64,64,impostor,46923.0
first_64,64,impostor,42792.0
first_64,64,impostor,46148.0
first_64,64,impostor,43091.0
first_64,64,impostor,39688.0
first_64,64,impostor,54943.0
first_64,64,impostor,25350.0
first_64,64,impostor,83484.0
first_64,64,impostor,43294.0
first_64,64,impostor,60151.0
first_64,64,impostor,48089.0
first_64,64,impostor,38984.0
first_64,64,impostor,40063.0
first_64,64,impostor,45667.0
first_64,64,impostor,40219.0
first_64,64,impostor,59019.0
first_64,64,impostor,53029.0
first_64,64,impostor,58865.0
first_64,64,impostor,57188.0
first_64,64,impostor,11396.0
first_64,64,impostor,42511.0
first_64,64,impostor,31013.0
first_64,64,impostor,38264.0
first_64,64,impostor,41825.0
first_64,64,impostor,48600.0
first_64,64,impostor,33647.0
first_64,64,impostor,40489.0
first_64,64,impostor,44220.0
first_64,64,impostor,46237.0
first_64,64,impostor,50752.0
first_64,64,impostor,31591.0
first_64,64,impostor,34864.0
first_64,64,impostor,51465.0
first_64,64,impostor,47761.0
first_64,64,impostor,45704.0
first_64,64,impostor,42936.0
first_64,64,impostor,35879.0
first_64,64,impostor,38431.0
first_64,64,impostor,41015.0
first_64,64,impostor,38577.0
first_64,64,impostor,50125.0
first_64,64,impostor,43607.0
first_64,64,impostor,42971.0
first_64,64,impostor,26024.0
first_64,64,impostor,43667.0
first_64,64,impostor,27574.0
first_64,64,impostor,42326.0
first_64,64,impostor,46051.0
first_64,64,impostor,43865.0
first_64,64,impostor,47388.0
first_64,64,impostor,42131.0
first_64,64,impostor,28435.0
first_64,64,impostor,26650.0
first_64,64,impostor,35276.0
first_64,64,impostor,22889.0
first_64,64,impostor,25916.0
first_64,64,impostor,27307.0
first_64,64,impostor,32242.0
first_64,64,impostor,22748.0
first_64,64,impostor,27974.0
first_64,64,impostor,17636.0
first_64,64,impostor,25963.0
first_64,64,impostor,31199.0
first_64,64,impostor,14373.0
first_64,64,impostor,17230.0
first_64,64,impostor,16439.0
first_64,64,impostor,28810.0
first_64,64,impostor,33528.0
first_64,64,impostor,24741.0
first_64,64,impostor,25416.0
first_64,64,impostor,38352.0
first_64,64,impostor,19001.0
first_64,64,impostor,17531.0
first_64,64,impostor,21068.0
first_64,64,impostor,14976.0
first_64,64,impostor,23303.0
first_64,64,impostor,19922.0
first_64,64,impostor,36733.0
first_64,64,impostor,53616.0
first_64,64,impostor,96436.0
first_64,64,impostor,68000.0
first_64,64,impostor,33863.0
first_64,64,impostor,66581.0
first_64,64,impostor,33232.0
first_64,64,impostor,21143.0
first_64,64,impostor,17669.0
first_64,64,impostor,34737.0
first_64,64,impostor,24423.0
first_64,64,impostor,18021.0
first_64,64,impostor,54385.0
first_64,64,impostor,20402.0
first_64,64,impostor,59930.0
first_64,64,impostor,25911.0
first_64,64,impostor,46739.0
first_64,64,impostor,30198.0
first_64,64,impostor,36019.0
first_64,64,impostor,47996.0
first_64,64,impostor,52975.0
first_64,64,impostor,44907.0
first_64,64,impostor,23912.0
first_64,64,impostor,35101.0
first_64,64,impostor,29916.0
first_64,64,impostor,47649.0
first_64,64,impostor,42790.0
first_64,64,impostor,30919.0
first_64,64,impostor,25465.0
first_64,64,impostor,26042.0
first_64,64,impostor,22030.0
first_64,64,impostor,33227.0
first_64,64,impostor,19229.0
first_64,64,impostor,19245.0
first_64,64,impostor,26093.0
first_64,64,impostor,34547.0
first_64,64,impostor,20357.0
first_64,64,impostor,23201.0
first_64,64,impostor,58958.0
first_64,64,impostor,28289.0
first_64,64,impostor,35910.0
first_64,64,impostor,26446.0
first_64,64,impostor,28791.0
first_64,64,impostor,23537.0
first_64,64,impostor,31092.0
first_64,64,impostor,30231.0
first_64,64,impostor,29248.0
first_64,64,impostor,27903.0
first_64,64,impostor,36985.0
first_64,64,impostor,26976.0
first_64,64,impostor,28407.0
first_64,64,impostor,26944.0
first_64,64,impostor,33703.0
first_64,64,impostor,22671.0
first_64,64,impostor,31873.0
first_64,64,impostor,23835.0
first_64,64,impostor,29374.0
first_64,64,impostor,35540.0
first_64,64,impostor,13892.0
first_64,64,impostor,17825.0
first_64,64,impostor,16474.0
first_64,64,impostor,34183.0
first_64,64,impostor,34575.0
first_64,64,impostor,23134.0
first_64,64,impostor,25971.0
first_64,64,impostor,36221.0
first_64,64,impostor,20750.0
first_64,64,impostor,22432.0
first_64,64,impostor,21467.0
first_64,64,impostor,14977.0
first_64,64,impostor,21498.0
first_64,64,impostor,22855.0
first_64,64,impostor,28974.0
first_64,64,impostor,57813.0
first_64,64,impostor,109017.0
first_64,64,impostor,73893.0
first_64,64,impostor,39266.0
first_64,64,impostor,76570.0
first_64,64,impostor,34989.0
first_64,64,impostor,27900.0
first_64,64,impostor,22526.0
first_64,64,impostor,35100.0
first_64,64,impostor,29220.0
first_64,64,impostor,15970.0
first_64,64,impostor,63128.0
first_64,64,impostor,25541.0
first_64,64,impostor,60587.0
first_64,64,impostor,31774.0
first_64,64,impostor,51356.0
first_64,64,impostor,34169.0
first_64,64,impostor,36008.0
first_64,64,impostor,47439.0
first_64,64,impostor,51568.0
first_64,64,impostor,45910.0
first_64,64,impostor,29437.0
first_64,64,impostor,42350.0
first_64,64,impostor,34469.0
first_64,64,impostor,55506.0
first_64,64,impostor,44031.0
first_64,64,impostor,29580.0
first_64,64,impostor,28226.0
first_64,64,impostor,26841.0
first_64,64,impostor,23155.0
first_64,64,impostor,35360.0
first_64,64,impostor,24418.0
first_64,64,impostor,20708.0
first_64,64,impostor,24608.0
first_64,64,impostor,39936.0
first_64,64,impostor,27108.0
first_64,64,impostor,26018.0
first_64,64,impostor,60833.0
first_64,64,impostor,28630.0
first_64,64,impostor,39613.0
first_64,64,impostor,26789.0
first_64,64,impostor,22284.0
first_64,64,impostor,25750.0
first_64,64,impostor,36663.0
first_64,64,impostor,30138.0
first_64,64,impostor,34749.0
first_64,64,impostor,30592.0
first_64,64,impostor,38392.0
first_64,64,impostor,30853.0
first_64,64,impostor,28416.0
first_64,64,impostor,26345.0
first_64,64,impostor,36098.0
first_64,64,impostor,24700.0
first_64,64,impostor,32222.0
first_64,64,impostor,24372.0
first_64,64,impostor,29639.0
first_64,64,impostor,37469.0
first_64,64,impostor,10765.0
first_64,64,impostor,16950.0
first_64,64,impostor,10395.0
first_64,64,impostor,33656.0
first_64,64,impostor,37654.0
first_64,64,impostor,26449.0
first_64,64,impostor,27088.0
first_64,64,impostor,38864.0
first_64,64,impostor,15149.0
first_64,64,impostor,17841.0
first_64,64,impostor,20084.0
first_64,64,impostor,10002.0
first_64,64,impostor,25327.0
first_64,64,impostor,22576.0
first_64,64,impostor,29357.0
first_64,64,impostor,57220.0
first_64,64,impostor,111348.0
first_64,64,impostor,71712.0
first_64,64,impostor,40859.0
first_64,64,impostor,78147.0
first_64,64,impostor,36442.0
first_64,64,impostor,30307.0
first_64,64,impostor,23691.0
first_64,64,impostor,38381.0
first_64,64,impostor,35057.0
first_64,64,impostor,12751.0
first_64,64,impostor,64801.0
first_64,64,impostor,26308.0
first_64,64,impostor,60856.0
first_64,64,impostor,32563.0
first_64,64,impostor,53493.0
first_64,64,impostor,35890.0
first_64,64,impostor,36173.0
first_64,64,impostor,53646.0
first_64,64,impostor,52575.0
first_64,64,impostor,44025.0
first_64,64,impostor,28836.0
first_64,64,impostor,45835.0
first_64,64,impostor,37988.0
first_64,64,impostor,60069.0
first_64,64,impostor,46528.0
first_64,64,impostor,31425.0
first_64,64,impostor,28789.0
first_64,64,impostor,30552.0
first_64,64,impostor,23006.0
first_64,64,impostor,34499.0
first_64,64,impostor,25627.0
first_64,64,impostor,22893.0
first_64,64,impostor,26261.0
first_64,64,impostor,42481.0
first_64,64,impostor,27389.0
first_64,64,impostor,29289.0
first_64,64,impostor,59766.0
first_64,64,impostor,31789.0
first_64,64,impostor,40862.0
first_64,64,impostor,26364.0
first_64,64,impostor,27821.0
first_64,64,impostor,28701.0
first_64,64,impostor,36170.0
first_64,64,impostor,30373.0
first_64,64,impostor,25481.0
first_64,64,impostor,31048.0
first_64,64,impostor,35624.0
first_64,64,impostor,26175.0
first_64,64,impostor,28124.0
first_64,64,impostor,31551.0
first_64,64,impostor,33866.0
first_64,64,impostor,31922.0
first_64,64,impostor,27378.0
first_64,64,impostor,31320.0
first_64,64,impostor,35557.0
first_64,64,impostor,29639.0
first_64,64,impostor,27893.0
first_64,64,impostor,25518.0
first_64,64,impostor,23941.0
first_64,64,impostor,23420.0
first_64,64,impostor,32538.0
first_64,64,impostor,24727.0
first_64,64,impostor,25614.0
first_64,64,impostor,31614.0
first_64,64,impostor,16901.0
first_64,64,impostor,17913.0
first_64,64,impostor,19252.0
first_64,64,impostor,15702.0
first_64,64,impostor,27739.0
first_64,64,impostor,27228.0
first_64,64,impostor,41433.0
first_64,64,impostor,56500.0
first_64,64,impostor,90962.0
first_64,64,impostor,57366.0
first_64,64,impostor,26669.0
first_64,64,impostor,59671.0
first_64,64,impostor,30794.0
first_64,64,impostor,34481.0
first_64,64,impostor,23427.0
first_64,64,impostor,33923.0
first_64,64,impostor,20221.0
first_64,64,impostor,15063.0
first_64,64,impostor,49393.0
first_64,64,impostor,19090.0
first_64,64,impostor,59678.0
first_64,64,impostor,29511.0
first_64,64,impostor,49871.0
first_64,64,impostor,32364.0
first_64,64,impostor,31735.0
first_64,64,impostor,49000.0
first_64,64,impostor,54625.0
first_64,64,impostor,44141.0
first_64,64,impostor,28468.0
first_64,64,impostor,38135.0
first_64,64,impostor,35092.0
first_64,64,impostor,52937.0
first_64,64,impostor,41258.0
first_64,64,impostor,29617.0
first_64,64,impostor,26327.0
first_64,64,impostor,28978.0
first_64,64,impostor,23796.0
first_64,64,impostor,35823.0
first_64,64,impostor,29387.0
first_64,64,impostor,23273.0
first_64,64,impostor,20781.0
first_64,64,impostor,41315.0
first_64,64,impostor,27239.0
first_64,64,impostor,28685.0
first_64,64,impostor,57082.0
first_64,64,impostor,30389.0
first_64,64,impostor,40718.0
first_64,64,impostor,26450.0
first_64,64,impostor,34611.0
first_64,64,impostor,32963.0
first_64,64,impostor,33074.0
first_64,64,impostor,27923.0
first_64,64,impostor,14759.0
first_64,64,impostor,21017.0
first_64,64,impostor,24946.0
first_64,64,impostor,19276.0
first_64,64,impostor,34192.0
first_64,64,impostor,30503.0
first_64,64,impostor,29572.0
first_64,64,impostor,24391.0
first_64,64,impostor,24275.0
first_64,64,impostor,22144.0
first_64,64,impostor,18485.0
first_64,64,impostor,28675.0
first_64,64,impostor,24016.0
first_64,64,impostor,25130.0
first_64,64,impostor,22647.0
first_64,64,impostor,22453.0
first_64,64,impostor,22860.0
first_64,64,impostor,24089.0
first_64,64,impostor,35646.0
first_64,64,impostor,42551.0
first_64,64,impostor,99875.0
first_64,64,impostor,64485.0
first_64,64,impostor,33110.0
first_64,64,impostor,72440.0
first_64,64,impostor,18133.0
first_64,64,impostor,24400.0
first_64,64,impostor,17818.0
first_64,64,impostor,28290.0
first_64,64,impostor,30548.0
first_64,64,impostor,25014.0
first_64,64,impostor,53176.0
first_64,64,impostor,29871.0
first_64,64,impostor,48767.0
first_64,64,impostor,23174.0
first_64,64,impostor,40842.0
first_64,64,impostor,21893.0
first_64,64,impostor,26172.0
first_64,64,impostor,37313.0
first_64,64,impostor,48014.0
first_64,64,impostor,43116.0
first_64,64,impostor,18163.0
first_64,64,impostor,23414.0
first_64,64,impostor,15923.0
first_64,64,impostor,37052.0
first_64,64,impostor,24891.0
first_64,64,impostor,17940.0
first_64,64,impostor,16338.0
first_64,64,impostor,19081.0
first_64,64,impostor,20717.0
first_64,64,impostor,27554.0
first_64,64,impostor,19182.0
first_64,64,impostor,16728.0
first_64,64,impostor,15636.0
first_64,64,impostor,25994.0
first_64,64,impostor,25868.0
first_64,64,impostor,20524.0
first_64,64,impostor,39659.0
first_64,64,impostor,18304.0
first_64,64,impostor,28461.0
first_64,64,impostor,21847.0
first_64,64,impostor,23014.0
first_64,64,impostor,26652.0
first_64,64,impostor,19735.0
first_64,64,impostor,18632.0
first_64,64,impostor,23456.0
first_64,64,impostor,15170.0
first_64,64,impostor,14809.0
first_64,64,impostor,20081.0
first_64,64,impostor,23137.0
first_64,64,impostor,24952.0
first_64,64,impostor,22103.0
first_64,64,impostor,25726.0
first_64,64,impostor,21080.0
first_64,64,impostor,24737.0
first_64,64,impostor,21234.0
first_64,64,impostor,25076.0
first_64,64,impostor,26495.0
first_64,64,impostor,27563.0
first_64,64,impostor,27154.0
first_64,64,impostor,24836.0
first_64,64,impostor,10367.0
first_64,64,impostor,21230.0
first_64,64,impostor,15977.0
first_64,64,impostor,42834.0
first_64,64,impostor,98062.0
first_64,64,impostor,56312.0
first_64,64,impostor,31189.0
first_64,64,impostor,64235.0
first_64,64,impostor,24674.0
first_64,64,impostor,16463.0
first_64,64,impostor,20009.0
first_64,64,impostor,27223.0
first_64,64,impostor,28185.0
first_64,64,impostor,28583.0
first_64,64,impostor,58693.0
first_64,64,impostor,32648.0
first_64,64,impostor,51500.0
first_64,64,impostor,23881.0
first_64,64,impostor,37427.0
first_64,64,impostor,23184.0
first_64,64,impostor,23149.0
first_64,64,impostor,33440.0
first_64,64,impostor,37943.0
first_64,64,impostor,36607.0
first_64,64,impostor,15624.0
first_64,64,impostor,25597.0
first_64,64,impostor,22784.0
first_64,64,impostor,42221.0
first_64,64,impostor,38258.0
first_64,64,impostor,24635.0
first_64,64,impostor,18933.0
first_64,64,impostor,18474.0
first_64,64,impostor,13786.0
first_64,64,impostor,25163.0
first_64,64,impostor,13019.0
first_64,64,impostor,17745.0
first_64,64,impostor,21607.0
first_64,64,impostor,23407.0
first_64,64,impostor,15501.0
first_64,64,impostor,14549.0
first_64,64,impostor,45216.0
first_64,64,impostor,21241.0
first_64,64,impostor,23456.0
first_64,64,impostor,16664.0
first_64,64,impostor,11053.0
first_64,64,impostor,9089.0
first_64,64,impostor,16804.0
first_64,64,impostor,14097.0
first_64,64,impostor,22148.0
first_64,64,impostor,31218.0
first_64,64,impostor,28401.0
first_64,64,impostor,28689.0
first_64,64,impostor,40471.0
first_64,64,impostor,29944.0
first_64,64,impostor,32569.0
first_64,64,impostor,29672.0
first_64,64,impostor,20156.0
first_64,64,impostor,33015.0
first_64,64,impostor,27908.0
first_64,64,impostor,29372.0
first_64,64,impostor,25355.0
first_64,64,impostor,24893.0
first_64,64,impostor,27636.0
first_64,64,impostor,27130.0
first_64,64,impostor,29593.0
first_64,64,impostor,21874.0
first_64,64,impostor,35877.0
first_64,64,impostor,34256.0
first_64,64,impostor,96738.0
first_64,64,impostor,50582.0
first_64,64,impostor,43485.0
first_64,64,impostor,64363.0
first_64,64,impostor,16468.0
first_64,64,impostor,21535.0
first_64,64,impostor,19479.0
first_64,64,impostor,20023.0
first_64,64,impostor,39723.0
first_64,64,impostor,28697.0
first_64,64,impostor,46441.0
first_64,64,impostor,35928.0
first_64,64,impostor,43178.0
first_64,64,impostor,17523.0
first_64,64,impostor,27371.0
first_64,64,impostor,24092.0
first_64,64,impostor,22625.0
first_64,64,impostor,31162.0
first_64,64,impostor,28539.0
first_64,64,impostor,27631.0
first_64,64,impostor,26894.0
first_64,64,impostor,22089.0
first_64,64,impostor,26534.0
first_64,64,impostor,32795.0
first_64,64,impostor,17370.0
first_64,64,impostor,23081.0
first_64,64,impostor,18567.0
first_64,64,impostor,21092.0
first_64,64,impostor,26482.0
first_64,64,impostor,19655.0
first_64,64,impostor,28147.0
first_64,64,impostor,18633.0
first_64,64,impostor,16591.0
first_64,64,impostor,28453.0
first_64,64,impostor,22321.0
first_64,64,impostor,20751.0
first_64,64,impostor,33616.0
first_64,64,impostor,18791.0
first_64,64,impostor,23806.0
first_64,64,impostor,24746.0
first_64,64,impostor,32227.0
first_64,64,impostor,27267.0
first_64,64,impostor,24350.0
first_64,64,impostor,25471.0
first_64,64,impostor,17207.0
first_64,64,impostor,12211.0
first_64,64,impostor,15418.0
first_64,64,impostor,20862.0
first_64,64,impostor,26476.0
first_64,64,impostor,25891.0
first_64,64,impostor,22840.0
first_64,64,impostor,26689.0
first_64,64,impostor,19655.0
first_64,64,impostor,16638.0
first_64,64,impostor,11459.0
first_64,64,impostor,19151.0
first_64,64,impostor,23856.0
first_64,64,impostor,26080.0
first_64,64,impostor,24733.0
first_64,64,impostor,22681.0
first_64,64,impostor,10274.0
first_64,64,impostor,16901.0
first_64,64,impostor,20334.0
first_64,64,impostor,38265.0
first_64,64,impostor,102465.0
first_64,64,impostor,59419.0
first_64,64,impostor,40356.0
first_64,64,impostor,68136.0
first_64,64,impostor,19925.0
first_64,64,impostor,16466.0
first_64,64,impostor,14772.0
first_64,64,impostor,23566.0
first_64,64,impostor,30412.0
first_64,64,impostor,24618.0
first_64,64,impostor,61388.0
first_64,64,impostor,26189.0
first_64,64,impostor,48251.0
first_64,64,impostor,17140.0
first_64,64,impostor,34354.0
first_64,64,impostor,18745.0
first_64,64,impostor,19458.0
first_64,64,impostor,30207.0
first_64,64,impostor,37354.0
first_64,64,impostor,30866.0
first_64,64,impostor,11797.0
first_64,64,impostor,20084.0
first_64,64,impostor,16265.0
first_64,64,impostor,35192.0
first_64,64,impostor,26441.0
first_64,64,impostor,19244.0
first_64,64,impostor,14640.0
first_64,64,impostor,11885.0
first_64,64,impostor,11527.0
first_64,64,impostor,21412.0
first_64,64,impostor,6878.0
first_64,64,impostor,13802.0
first_64,64,impostor,16182.0
first_64,64,impostor,25310.0
first_64,64,impostor,12796.0
first_64,64,impostor,17318.0
first_64,64,impostor,33885.0
first_64,64,impostor,16338.0
first_64,64,impostor,19167.0
first_64,64,impostor,10253.0
first_64,64,impostor,13246.0
first_64,64,impostor,11138.0
first_64,64,impostor,13631.0
first_64,64,impostor,6786.0
first_64,64,impostor,11396.0
first_64,64,impostor,12310.0
first_64,64,impostor,19953.0
first_64,64,impostor,15185.0
first_64,64,impostor,30139.0
first_64,64,impostor,26230.0
first_64,64,impostor,25885.0
first_64,64,impostor,24622.0
first_64,64,impostor,13140.0
first_64,64,impostor,15773.0
first_64,64,impostor,10028.0
first_64,64,impostor,22140.0
first_64,64,impostor,21649.0
first_64,64,impostor,21693.0
first_64,64,impostor,25486.0
first_64,64,impostor,17242.0
first_64,64,impostor,18129.0
first_64,64,impostor,14580.0
first_64,64,impostor,26505.0
first_64,64,impostor,34264.0
first_64,64,impostor,101718.0
first_64,64,impostor,57002.0
first_64,64,impostor,39419.0
first_64,64,impostor,69603.0
first_64,64,impostor,15550.0
first_64,64,impostor,14639.0
first_64,64,impostor,12289.0
first_64,64,impostor,22989.0
first_64,64,impostor,30115.0
first_64,64,impostor,21437.0
first_64,64,impostor,61327.0
first_64,64,impostor,25848.0
first_64,64,impostor,40128.0
first_64,64,impostor,18337.0
first_64,64,impostor,29483.0
first_64,64,impostor,15212.0
first_64,64,impostor,18781.0
first_64,64,impostor,30520.0
first_64,64,impostor,35325.0
first_64,64,impostor,31183.0
first_64,64,impostor,12654.0
first_64,64,impostor,13933.0
first_64,64,impostor,13694.0
first_64,64,impostor,33427.0
first_64,64,impostor,19922.0
first_64,64,impostor,15755.0
first_64,64,impostor,11401.0
first_64,64,impostor,12410.0
first_64,64,impostor,10978.0
first_64,64,impostor,18177.0
first_64,64,impostor,11611.0
first_64,64,impostor,16079.0
first_64,64,impostor,13595.0
first_64,64,impostor,18815.0
first_64,64,impostor,12707.0
first_64,64,impostor,12085.0
first_64,64,impostor,32178.0
first_64,64,impostor,9447.0
first_64,64,impostor,18186.0
first_64,64,impostor,15756.0
first_64,64,impostor,15485.0
first_64,64,impostor,13781.0
first_64,64,impostor,10980.0
first_64,64,impostor,9457.0
first_64,64,impostor,14509.0
first_64,64,impostor,12925.0
first_64,64,impostor,16208.0
first_64,64,impostor,19576.0
first_64,64,impostor,25864.0
first_64,64,impostor,25055.0
first_64,64,impostor,23318.0
first_64,64,impostor,27895.0
first_64,64,impostor,19461.0
first_64,64,impostor,17974.0
first_64,64,impostor,13627.0
first_64,64,impostor,21773.0
first_64,64,impostor,24688.0
first_64,64,impostor,24998.0
first_64,64,impostor,27285.0
first_64,64,impostor,22191.0
first_64,64,impostor,12610.0
first_64,64,impostor,17239.0
first_64,64,impostor,18524.0
first_64,64,impostor,38779.0
first_64,64,impostor,102083.0
first_64,64,impostor,56745.0
first_64,64,impostor,42562.0
first_64,64,impostor,71662.0
first_64,64,impostor,19815.0
first_64,64,impostor,15576.0
first_64,64,impostor,15702.0
first_64,64,impostor,23338.0
first_64,64,impostor,30502.0
first_64,64,impostor,23334.0
first_64,64,impostor,65818.0
first_64,64,impostor,26223.0
first_64,64,impostor,44937.0
first_64,64,impostor,19536.0
first_64,64,impostor,33426.0
first_64,64,impostor,17897.0
first_64,64,impostor,18720.0
first_64,64,impostor,28519.0
first_64,64,impostor,34254.0
first_64,64,impostor,29010.0
first_64,64,impostor,12129.0
first_64,64,impostor,20388.0
first_64,64,impostor,18225.0
first_64,64,impostor,38672.0
first_64,64,impostor,26853.0
first_64,64,impostor,19926.0
first_64,64,impostor,15616.0
first_64,64,impostor,12989.0
first_64,64,impostor,13411.0
first_64,64,impostor,18578.0
first_64,64,impostor,7710.0
first_64,64,impostor,16752.0
first_64,64,impostor,16854.0
first_64,64,impostor,20824.0
first_64,64,impostor,14880.0
first_64,64,impostor,17630.0
first_64,64,impostor,33671.0
first_64,64,impostor,14762.0
first_64,64,impostor,18619.0
first_64,64,impostor,13649.0
first_64,64,impostor,10242.0
first_64,64,impostor,9958.0
first_64,64,impostor,11079.0
first_64,64,impostor,8802.0
first_64,64,impostor,11946.0
first_64,64,impostor,17736.0
first_64,64,impostor,20295.0
first_64,64,impostor,20955.0
first_64,64,impostor,39547.0
first_64,64,impostor,31686.0
first_64,64,impostor,35997.0
first_64,64,impostor,30650.0
first_64,64,impostor,19106.0
first_64,64,impostor,24491.0
first_64,64,impostor,17226.0
first_64,64,impostor,20356.0
first_64,64,impostor,27731.0
first_64,64,impostor,24475.0
first_64,64,impostor,24548.0
first_64,64,impostor,24998.0
first_64,64,impostor,19165.0
first_64,64,impostor,16046.0
first_64,64,impostor,32493.0
first_64,64,impostor,38584.0
first_64,64,impostor,93706.0
first_64,64,impostor,58712.0
first_64,64,impostor,35159.0
first_64,64,impostor,65185.0
first_64,64,impostor,8732.0
first_64,64,impostor,10841.0
first_64,64,impostor,18879.0
first_64,64,impostor,15973.0
first_64,64,impostor,32677.0
first_64,64,impostor,27411.0
first_64,64,impostor,47021.0
first_64,64,impostor,29256.0
first_64,64,impostor,40318.0
first_64,64,impostor,13315.0
first_64,64,impostor,25735.0
first_64,64,impostor,12160.0
first_64,64,impostor,16523.0
first_64,64,impostor,24554.0
first_64,64,impostor,33035.0
first_64,64,impostor,25999.0
first_64,64,impostor,14310.0
first_64,64,impostor,11083.0
first_64,64,impostor,20120.0
first_64,64,impostor,31511.0
first_64,64,impostor,22888.0
first_64,64,impostor,21175.0
first_64,64,impostor,15387.0
first_64,64,impostor,13150.0
first_64,64,impostor,15244.0
first_64,64,impostor,10185.0
first_64,64,impostor,16311.0
first_64,64,impostor,14135.0
first_64,64,impostor,12117.0
first_64,64,impostor,13449.0
first_64,64,impostor,20483.0
first_64,64,impostor,14541.0
first_64,64,impostor,34890.0
first_64,64,impostor,8843.0
first_64,64,impostor,19002.0
first_64,64,impostor,15674.0
first_64,64,impostor,23287.0
first_64,64,impostor,17797.0
first_64,64,impostor,17250.0
first_64,64,impostor,19511.0
first_64,64,impostor,20656.0
first_64,64,impostor,9220.0
first_64,64,impostor,13993.0
first_64,64,impostor,22623.0
first_64,64,impostor,24401.0
first_64,64,impostor,27600.0
first_64,64,impostor,25371.0
first_64,64,impostor,29422.0
first_64,64,impostor,22946.0
first_64,64,impostor,19005.0
first_64,64,impostor,17398.0
first_64,64,impostor,16164.0
first_64,64,impostor,24131.0
first_64,64,impostor,24979.0
first_64,64,impostor,23180.0
first_64,64,impostor,24696.0
first_64,64,impostor,10801.0
first_64,64,impostor,15240.0
first_64,64,impostor,14221.0
first_64,64,impostor,41872.0
first_64,64,impostor,103282.0
first_64,64,impostor,62884.0
first_64,64,impostor,37661.0
first_64,64,impostor,68587.0
first_64,64,impostor,19052.0
first_64,64,impostor,10277.0
first_64,64,impostor,13151.0
first_64,64,impostor,24541.0
first_64,64,impostor,37357.0
first_64,64,impostor,27353.0
first_64,64,impostor,56171.0
first_64,64,impostor,31810.0
first_64,64,impostor,50530.0
first_64,64,impostor,15391.0
first_64,64,impostor,36487.0
first_64,64,impostor,19442.0
first_64,64,impostor,18109.0
first_64,64,impostor,31674.0
first_64,64,impostor,35301.0
first_64,64,impostor,29855.0
first_64,64,impostor,11396.0
first_64,64,impostor,21327.0
first_64,64,impostor,20408.0
first_64,64,impostor,41421.0
first_64,64,impostor,33380.0
first_64,64,impostor,23433.0
first_64,64,impostor,14799.0
first_64,64,impostor,15370.0
first_64,64,impostor,9956.0
first_64,64,impostor,18469.0
first_64,64,impostor,7235.0
first_64,64,impostor,12691.0
first_64,64,impostor,20391.0
first_64,64,impostor,20345.0
first_64,64,impostor,16833.0
first_64,64,impostor,15743.0
first_64,64,impostor,42900.0
first_64,64,impostor,18141.0
first_64,64,impostor,20580.0
first_64,64,impostor,10094.0
first_64,64,impostor,11071.0
first_64,64,impostor,6299.0
first_64,64,impostor,16358.0
first_64,64,impostor,15763.0
first_64,64,impostor,23248.0
first_64,64,impostor,21581.0
first_64,64,impostor,16496.0
first_64,64,impostor,20514.0
first_64,64,impostor,20039.0
first_64,64,impostor,21107.0
first_64,64,impostor,22244.0
first_64,64,impostor,20130.0
first_64,64,impostor,22723.0
first_64,64,impostor,14230.0
first_64,64,impostor,33335.0
first_64,64,impostor,40856.0
first_64,64,impostor,97336.0
first_64,64,impostor,65878.0
first_64,64,impostor,36827.0
first_64,64,impostor,68303.0
first_64,64,impostor,11384.0
first_64,64,impostor,15699.0
first_64,64,impostor,11987.0
first_64,64,impostor,15607.0
first_64,64,impostor,29739.0
first_64,64,impostor,23519.0
first_64,64,impostor,55673.0
first_64,64,impostor,25930.0
first_64,64,impostor,44830.0
first_64,64,impostor,10631.0
first_64,64,impostor,33475.0
first_64,64,impostor,12256.0
first_64,64,impostor,16761.0
first_64,64,impostor,25110.0
first_64,64,impostor,37889.0
first_64,64,impostor,27731.0
first_64,64,impostor,14170.0
first_64,64,impostor,17281.0
first_64,64,impostor,11706.0
first_64,64,impostor,33713.0
first_64,64,impostor,20818.0
first_64,64,impostor,12907.0
first_64,64,impostor,11695.0
first_64,64,impostor,9564.0
first_64,64,impostor,16230.0
first_64,64,impostor,15823.0
first_64,64,impostor,15907.0
first_64,64,impostor,10109.0
first_64,64,impostor,8839.0
first_64,64,impostor,16723.0
first_64,64,impostor,16441.0
first_64,64,impostor,16041.0
first_64,64,impostor,38138.0
first_64,64,impostor,15601.0
first_64,64,impostor,22178.0
first_64,64,impostor,14236.0
first_64,64,impostor,20713.0
first_64,64,impostor,18433.0
first_64,64,impostor,11990.0
first_64,64,impostor,14803.0
first_64,64,impostor,27730.0
first_64,64,impostor,19877.0
first_64,64,impostor,16086.0
first_64,64,impostor,26112.0
first_64,64,impostor,26557.0
first_64,64,impostor,26025.0
first_64,64,impostor,26894.0
first_64,64,impostor,21280.0
first_64,64,impostor,12845.0
first_64,64,impostor,15548.0
first_64,64,impostor,21465.0
first_64,64,impostor,37232.0
first_64,64,impostor,99760.0
first_64,64,impostor,62808.0
first_64,64,impostor,37781.0
first_64,64,impostor,68051.0
first_64,64,impostor,21686.0
first_64,64,impostor,11053.0
first_64,64,impostor,12443.0
first_64,64,impostor,28539.0
first_64,64,impostor,33209.0
first_64,64,impostor,27653.0
first_64,64,impostor,60497.0
first_64,64,impostor,30938.0
first_64,64,impostor,48636.0
first_64,64,impostor,18515.0
first_64,64,impostor,34119.0
first_64,64,impostor,20270.0
first_64,64,impostor,22421.0
first_64,64,impostor,37828.0
first_64,64,impostor,38733.0
first_64,64,impostor,34785.0
first_64,64,impostor,13524.0
first_64,64,impostor,19111.0
first_64,64,impostor,17628.0
first_64,64,impostor,38245.0
first_64,64,impostor,31884.0
first_64,64,impostor,24223.0
first_64,64,impostor,20069.0
first_64,64,impostor,18728.0
first_64,64,impostor,9192.0
first_64,64,impostor,19599.0
first_64,64,impostor,7611.0
first_64,64,impostor,14941.0
first_64,64,impostor,18771.0
first_64,64,impostor,24127.0
first_64,64,impostor,16861.0
first_64,64,impostor,15645.0
first_64,64,impostor,41306.0
first_64,64,impostor,18353.0
first_64,64,impostor,21532.0
first_64,64,impostor,15234.0
first_64,64,impostor,15245.0
first_64,64,impostor,10497.0
first_64,64,impostor,15396.0
first_64,64,impostor,13209.0
first_64,64,impostor,25979.0
first_64,64,impostor,24314.0
first_64,64,impostor,23059.0
first_64,64,impostor,22743.0
first_64,64,impostor,27234.0
first_64,64,impostor,27422.0
first_64,64,impostor,26795.0
first_64,64,impostor,26287.0
first_64,64,impostor,16488.0
first_64,64,impostor,14829.0
first_64,64,impostor,26620.0
first_64,64,impostor,41463.0
first_64,64,impostor,96423.0
first_64,64,impostor,62919.0
first_64,64,impostor,37726.0
first_64,64,impostor,67494.0
first_64,64,impostor,20137.0
first_64,64,impostor,15666.0
first_64,64,impostor,16010.0
first_64,64,impostor,19230.0
first_64,64,impostor,33002.0
first_64,64,impostor,29562.0
first_64,64,impostor,61004.0
first_64,64,impostor,34871.0
first_64,64,impostor,53273.0
first_64,64,impostor,16616.0
first_64,64,impostor,38564.0
first_64,64,impostor,20507.0
first_64,64,impostor,17924.0
first_64,64,impostor,31511.0
first_64,64,impostor,38012.0
first_64,64,impostor,33026.0
first_64,64,impostor,14629.0
first_64,64,impostor,27126.0
first_64,64,impostor,16709.0
first_64,64,impostor,43784.0
first_64,64,impostor,28293.0
first_64,64,impostor,22456.0
first_64,64,impostor,18282.0
first_64,64,impostor,16685.0
first_64,64,impostor,16895.0
first_64,64,impostor,20358.0
first_64,64,impostor,12850.0
first_64,64,impostor,13094.0
first_64,64,impostor,16998.0
first_64,64,impostor,26564.0
first_64,64,impostor,18918.0
first_64,64,impostor,19344.0
first_64,64,impostor,39383.0
first_64,64,impostor,22230.0
first_64,64,impostor,23033.0
first_64,64,impostor,14019.0
first_64,64,impostor,15420.0
first_64,64,impostor,16856.0
first_64,64,impostor,15395.0
first_64,64,impostor,17916.0
first_64,64,impostor,16153.0
first_64,64,impostor,20124.0
first_64,64,impostor,16697.0
first_64,64,impostor,22017.0
first_64,64,impostor,22054.0
first_64,64,impostor,23902.0
first_64,64,impostor,22653.0
first_64,64,impostor,22217.0
first_64,64,impostor,24186.0
first_64,64,impostor,19285.0
first_64,64,impostor,34488.0
first_64,64,impostor,37207.0
first_64,64,impostor,100091.0
first_64,64,impostor,63421.0
first_64,64,impostor,38628.0
first_64,64,impostor,69550.0
first_64,64,impostor,15795.0
first_64,64,impostor,17598.0
first_64,64,impostor,16996.0
first_64,64,impostor,17740.0
first_64,64,impostor,35186.0
first_64,64,impostor,27214.0
first_64,64,impostor,54838.0
first_64,64,impostor,26945.0
first_64,64,impostor,40533.0
first_64,64,impostor,20858.0
first_64,64,impostor,36270.0
first_64,64,impostor,22771.0
first_64,64,impostor,18074.0
first_64,64,impostor,25913.0
first_64,64,impostor,36174.0
first_64,64,impostor,35998.0
first_64,64,impostor,19861.0
first_64,64,impostor,22228.0
first_64,64,impostor,20397.0
first_64,64,impostor,26760.0
first_64,64,impostor,27345.0
first_64,64,impostor,22356.0
first_64,64,impostor,14842.0
first_64,64,impostor,18743.0
first_64,64,impostor,18067.0
first_64,64,impostor,20750.0
first_64,64,impostor,21132.0
first_64,64,impostor,15112.0
first_64,64,impostor,14496.0
first_64,64,impostor,16712.0
first_64,64,impostor,19920.0
first_64,64,impostor,18174.0
first_64,64,impostor,38951.0
first_64,64,impostor,18102.0
first_64,64,impostor,21883.0
first_64,64,impostor,20561.0
first_64,64,impostor,23760.0
first_64,64,impostor,21244.0
first_64,64,impostor,21021.0
first_64,64,impostor,17150.0
first_64,64,impostor,37079.0
first_64,64,impostor,30344.0
first_64,64,impostor,31399.0
first_64,64,impostor,42135.0
first_64,64,impostor,17474.0
first_64,64,impostor,19972.0
first_64,64,impostor,18801.0
first_64,64,impostor,12571.0
first_64,64,impostor,24350.0
first_64,64,impostor,25103.0
first_64,64,impostor,32660.0
first_64,64,impostor,55207.0
first_64,64,impostor,104209.0
first_64,64,impostor,75505.0
first_64,64,impostor,40652.0
first_64,64,impostor,77380.0
first_64,64,impostor,38347.0
first_64,64,impostor,28180.0
first_64,64,impostor,24334.0
first_64,64,impostor,37642.0
first_64,64,impostor,32558.0
first_64,64,impostor,18122.0
first_64,64,impostor,68440.0
first_64,64,impostor,24937.0
first_64,64,impostor,62213.0
first_64,64,impostor,31020.0
first_64,64,impostor,53502.0
first_64,64,impostor,36101.0
first_64,64,impostor,39752.0
first_64,64,impostor,52505.0
first_64,64,impostor,52674.0
first_64,64,impostor,46836.0
first_64,64,impostor,26913.0
first_64,64,impostor,41724.0
first_64,64,impostor,34761.0
first_64,64,impostor,51508.0
first_64,64,impostor,48809.0
first_64,64,impostor,27060.0
first_64,64,impostor,27630.0
first_64,64,impostor,27577.0
first_64,64,impostor,26757.0
first_64,64,impostor,38242.0
first_64,64,impostor,25762.0
first_64,64,impostor,24298.0
first_64,64,impostor,29438.0
first_64,64,impostor,39452.0
first_64,64,impostor,25896.0
first_64,64,impostor,28096.0
first_64,64,impostor,59927.0
first_64,64,impostor,33766.0
first_64,64,impostor,38191.0
first_64,64,impostor,27199.0
first_64,64,impostor,27882.0
first_64,64,impostor,24508.0
first_64,64,impostor,36075.0
first_64,64,impostor,30182.0
first_64,64,impostor,26844.0
first_64,64,impostor,28925.0
first_64,64,impostor,29006.0
first_64,64,impostor,35948.0
first_64,64,impostor,12437.0
first_64,64,impostor,13619.0
first_64,64,impostor,14324.0
first_64,64,impostor,12152.0
first_64,64,impostor,20881.0
first_64,64,impostor,21208.0
first_64,64,impostor,33309.0
first_64,64,impostor,55112.0
first_64,64,impostor,105166.0
first_64,64,impostor,66786.0
first_64,64,impostor,39897.0
first_64,64,impostor,73389.0
first_64,64,impostor,28688.0
first_64,64,impostor,25979.0
first_64,64,impostor,23003.0
first_64,64,impostor,25911.0
first_64,64,impostor,26467.0
first_64,64,impostor,14793.0
first_64,64,impostor,62603.0
first_64,64,impostor,17634.0
first_64,64,impostor,58474.0
first_64,64,impostor,30847.0
first_64,64,impostor,42069.0
first_64,64,impostor,31764.0
first_64,64,impostor,31845.0
first_64,64,impostor,40730.0
first_64,64,impostor,45507.0
first_64,64,impostor,38691.0
first_64,64,impostor,25626.0
first_64,64,impostor,33265.0
first_64,64,impostor,29340.0
first_64,64,impostor,44187.0
first_64,64,impostor,38444.0
first_64,64,impostor,21765.0
first_64,64,impostor,24421.0
first_64,64,impostor,23348.0
first_64,64,impostor,26900.0
first_64,64,impostor,29375.0
first_64,64,impostor,23897.0
first_64,64,impostor,22359.0
first_64,64,impostor,20657.0
first_64,64,impostor,31871.0
first_64,64,impostor,24581.0
first_64,64,impostor,25479.0
first_64,64,impostor,51164.0
first_64,64,impostor,25313.0
first_64,64,impostor,34502.0
first_64,64,impostor,24454.0
first_64,64,impostor,29811.0
first_64,64,impostor,27171.0
first_64,64,impostor,29198.0
first_64,64,impostor,24227.0
first_64,64,impostor,28875.0
first_64,64,impostor,26818.0
first_64,64,impostor,26747.0
first_64,64,impostor,36079.0
first_64,64,impostor,11942.0
first_64,64,impostor,13360.0
first_64,64,impostor,14589.0
first_64,64,impostor,8119.0
first_64,64,impostor,23570.0
first_64,64,impostor,21585.0
first_64,64,impostor,28040.0
first_64,64,impostor,51127.0
first_64,64,impostor,106199.0
first_64,64,impostor,67629.0
first_64,64,impostor,39226.0
first_64,64,impostor,76610.0
first_64,64,impostor,34087.0
first_64,64,impostor,29014.0
first_64,64,impostor,22034.0
first_64,64,impostor,30622.0
first_64,64,impostor,27592.0
first_64,64,impostor,11312.0
first_64,64,impostor,63296.0
first_64,64,impostor,21863.0
first_64,64,impostor,58053.0
first_64,64,impostor,29792.0
first_64,64,impostor,47076.0
first_64,64,impostor,33219.0
first_64,64,impostor,32840.0
first_64,64,impostor,45765.0
first_64,64,impostor,49004.0
first_64,64,impostor,41460.0
first_64,64,impostor,24579.0
first_64,64,impostor,38072.0
first_64,64,impostor,28969.0
first_64,64,impostor,47408.0
first_64,64,impostor,40659.0
first_64,64,impostor,22320.0
first_64,64,impostor,22072.0
first_64,64,impostor,23307.0
first_64,64,impostor,23455.0
first_64,64,impostor,33100.0
first_64,64,impostor,22186.0
first_64,64,impostor,21122.0
first_64,64,impostor,23412.0
first_64,64,impostor,33738.0
first_64,64,impostor,22226.0
first_64,64,impostor,26412.0
first_64,64,impostor,50749.0
first_64,64,impostor,28216.0
first_64,64,impostor,34085.0
first_64,64,impostor,22155.0
first_64,64,impostor,26536.0
first_64,64,impostor,26732.0
first_64,64,impostor,29147.0
first_64,64,impostor,24520.0
first_64,64,impostor,21632.0
first_64,64,impostor,27767.0
first_64,64,impostor,31720.0
first_64,64,impostor,31500.0
first_64,64,impostor,20481.0
first_64,64,impostor,16747.0
first_64,64,impostor,21722.0
first_64,64,impostor,23292.0
first_64,64,impostor,30265.0
first_64,64,impostor,25312.0
first_64,64,impostor,33917.0
first_64,64,impostor,51712.0
first_64,64,impostor,90984.0
first_64,64,impostor,46306.0
first_64,64,impostor,17325.0
first_64,64,impostor,54767.0
first_64,64,impostor,25640.0
first_64,64,impostor,28139.0
first_64,64,impostor,24647.0
first_64,64,impostor,33923.0
first_64,64,impostor,15615.0
first_64,64,impostor,21509.0
first_64,64,impostor,40171.0
first_64,64,impostor,17978.0
first_64,64,impostor,59316.0
first_64,64,impostor,30565.0
first_64,64,impostor,45565.0
first_64,64,impostor,28134.0
first_64,64,impostor,30367.0
first_64,64,impostor,39228.0
first_64,64,impostor,42085.0
first_64,64,impostor,38255.0
first_64,64,impostor,25528.0
first_64,64,impostor,28817.0
first_64,64,impostor,28738.0
first_64,64,impostor,44255.0
first_64,64,impostor,32630.0
first_64,64,impostor,19815.0
first_64,64,impostor,20315.0
first_64,64,impostor,22784.0
first_64,64,impostor,28548.0
first_64,64,impostor,32511.0
first_64,64,impostor,26075.0
first_64,64,impostor,27597.0
first_64,64,impostor,28077.0
first_64,64,impostor,31645.0
first_64,64,impostor,24985.0
first_64,64,impostor,21701.0
first_64,64,impostor,48950.0
first_64,64,impostor,21289.0
first_64,64,impostor,37106.0
first_64,64,impostor,31936.0
first_64,64,impostor,31195.0
first_64,64,impostor,25999.0
first_64,64,impostor,25116.0
first_64,64,impostor,26731.0
first_64,64,impostor,22207.0
first_64,64,impostor,19096.0
first_64,64,impostor,24967.0
first_64,64,impostor,44986.0
first_64,64,impostor,102054.0
first_64,64,impostor,53556.0
first_64,64,impostor,40005.0
first_64,64,impostor,63757.0
first_64,64,impostor,18208.0
first_64,64,impostor,17661.0
first_64,64,impostor,19605.0
first_64,64,impostor,23815.0
first_64,64,impostor,32815.0
first_64,64,impostor,24939.0
first_64,64,impostor,53191.0
first_64,64,impostor,30478.0
first_64,64,impostor,49558.0
first_64,64,impostor,22519.0
first_64,64,impostor,34095.0
first_64,64,impostor,22772.0
first_64,64,impostor,14603.0
first_64,64,impostor,19902.0
first_64,64,impostor,29801.0
first_64,64,impostor,27565.0
first_64,64,impostor,17766.0
first_64,64,impostor,25375.0
first_64,64,impostor,22286.0
first_64,64,impostor,39043.0
first_64,64,impostor,26898.0
first_64,64,impostor,19823.0
first_64,64,impostor,12735.0
first_64,64,impostor,16306.0
first_64,64,impostor,20708.0
first_64,64,impostor,25131.0
first_64,64,impostor,22001.0
first_64,64,impostor,20837.0
first_64,64,impostor,19369.0
first_64,64,impostor,21515.0
first_64,64,impostor,17347.0
first_64,64,impostor,15107.0
first_64,64,impostor,38050.0
first_64,64,impostor,10479.0
first_64,64,impostor,19656.0
first_64,64,impostor,19594.0
first_64,64,impostor,20441.0
first_64,64,impostor,18559.0
first_64,64,impostor,17460.0
first_64,64,impostor,17185.0
first_64,64,impostor,22168.0
first_64,64,impostor,14683.0
first_64,64,impostor,27820.0
first_64,64,impostor,48241.0
first_64,64,impostor,100981.0
first_64,64,impostor,65219.0
first_64,64,impostor,45082.0
first_64,64,impostor,74178.0
first_64,64,impostor,23661.0
first_64,64,impostor,22992.0
first_64,64,impostor,14840.0
first_64,64,impostor,21194.0
first_64,64,impostor,33050.0
first_64,64,impostor,25088.0
first_64,64,impostor,62150.0
first_64,64,impostor,34607.0
first_64,64,impostor,54043.0
first_64,64,impostor,23444.0
first_64,64,impostor,46426.0
first_64,64,impostor,25835.0
first_64,64,impostor,19404.0
first_64,64,impostor,28031.0
first_64,64,impostor,40436.0
first_64,64,impostor,31066.0
first_64,64,impostor,17331.0
first_64,64,impostor,29674.0
first_64,64,impostor,21235.0
first_64,64,impostor,44672.0
first_64,64,impostor,33445.0
first_64,64,impostor,28042.0
first_64,64,impostor,16020.0
first_64,64,impostor,20477.0
first_64,64,impostor,14241.0
first_64,64,impostor,27678.0
first_64,64,impostor,13112.0
first_64,64,impostor,13484.0
first_64,64,impostor,16756.0
first_64,64,impostor,29808.0
first_64,64,impostor,17514.0
first_64,64,impostor,18068.0
first_64,64,impostor,45081.0
first_64,64,impostor,17820.0
first_64,64,impostor,27581.0
first_64,64,impostor,19207.0
first_64,64,impostor,17740.0
first_64,64,impostor,20398.0
first_64,64,impostor,22227.0
first_64,64,impostor,18924.0
first_64,64,impostor,17755.0
first_64,64,impostor,15082.0
first_64,64,impostor,25377.0
first_64,64,impostor,39600.0
first_64,64,impostor,100004.0
first_64,64,impostor,62924.0
first_64,64,impostor,44895.0
first_64,64,impostor,73097.0
first_64,64,impostor,18044.0
first_64,64,impostor,18499.0
first_64,64,impostor,14123.0
first_64,64,impostor,19517.0
first_64,64,impostor,33009.0
first_64,64,impostor,25541.0
first_64,64,impostor,60123.0
first_64,64,impostor,31132.0
first_64,64,impostor,41266.0
first_64,64,impostor,18309.0
first_64,64,impostor,36995.0
first_64,64,impostor,18172.0
first_64,64,impostor,18789.0
first_64,64,impostor,28936.0
first_64,64,impostor,36497.0
first_64,64,impostor,27291.0
first_64,64,impostor,14222.0
first_64,64,impostor,18811.0
first_64,64,impostor,17474.0
first_64,64,impostor,35045.0
first_64,64,impostor,26736.0
first_64,64,impostor,24835.0
first_64,64,impostor,16033.0
first_64,64,impostor,14182.0
first_64,64,impostor,9410.0
first_64,64,impostor,20575.0
first_64,64,impostor,11759.0
first_64,64,impostor,12123.0
first_64,64,impostor,12343.0
first_64,64,impostor,23941.0
first_64,64,impostor,13707.0
first_64,64,impostor,15115.0
first_64,64,impostor,34844.0
first_64,64,impostor,13723.0
first_64,64,impostor,23060.0
first_64,64,impostor,12964.0
first_64,64,impostor,16027.0
first_64,64,impostor,18469.0
first_64,64,impostor,18146.0
first_64,64,impostor,11109.0
first_64,64,impostor,21281.0
first_64,64,impostor,21410.0
first_64,64,impostor,20719.0
first_64,64,impostor,44282.0
first_64,64,impostor,104162.0
first_64,64,impostor,59608.0
first_64,64,impostor,42401.0
first_64,64,impostor,69701.0
first_64,64,impostor,17202.0
first_64,64,impostor,22549.0
first_64,64,impostor,20623.0
first_64,64,impostor,24841.0
first_64,64,impostor,42983.0
first_64,64,impostor,30897.0
first_64,64,impostor,54953.0
first_64,64,impostor,38642.0
first_64,64,impostor,49150.0
first_64,64,impostor,19377.0
first_64,64,impostor,32887.0
first_64,64,impostor,20960.0
first_64,64,impostor,8883.0
first_64,64,impostor,19846.0
first_64,64,impostor,25773.0
first_64,64,impostor,17853.0
first_64,64,impostor,19054.0
first_64,64,impostor,25277.0
first_64,64,impostor,22676.0
first_64,64,impostor,40697.0
first_64,64,impostor,26678.0
first_64,64,impostor,26313.0
first_64,64,impostor,18943.0
first_64,64,impostor,17378.0
first_64,64,impostor,15998.0
first_64,64,impostor,20963.0
first_64,64,impostor,21219.0
first_64,64,impostor,15971.0
first_64,64,impostor,19171.0
first_64,64,impostor,26043.0
first_64,64,impostor,24211.0
first_64,64,impostor,22103.0
first_64,64,impostor,39102.0
first_64,64,impostor,20529.0
first_64,64,impostor,24432.0
first_64,64,impostor,10610.0
first_64,64,impostor,18907.0
first_64,64,impostor,18795.0
first_64,64,impostor,17498.0
first_64,64,impostor,16921.0
first_64,64,impostor,23996.0
first_64,64,impostor,19493.0
first_64,64,impostor,31258.0
first_64,64,impostor,46059.0
first_64,64,impostor,106819.0
first_64,64,impostor,61377.0
first_64,64,impostor,32550.0
first_64,64,impostor,66694.0
first_64,64,impostor,22543.0
first_64,64,impostor,24812.0
first_64,64,impostor,15342.0
first_64,64,impostor,29554.0
first_64,64,impostor,27528.0
first_64,64,impostor,10548.0
first_64,64,impostor,50548.0
first_64,64,impostor,15947.0
first_64,64,impostor,49781.0
first_64,64,impostor,23580.0
first_64,64,impostor,38716.0
first_64,64,impostor,26117.0
first_64,64,impostor,24458.0
first_64,64,impostor,37957.0
first_64,64,impostor,41762.0
first_64,64,impostor,33200.0
first_64,64,impostor,21723.0
first_64,64,impostor,28502.0
first_64,64,impostor,23735.0
first_64,64,impostor,39442.0
first_64,64,impostor,29779.0
first_64,64,impostor,16384.0
first_64,64,impostor,17616.0
first_64,64,impostor,18369.0
first_64,64,impostor,19781.0
first_64,64,impostor,24866.0
first_64,64,impostor,24144.0
first_64,64,impostor,18920.0
first_64,64,impostor,18366.0
first_64,64,impostor,29398.0
first_64,64,impostor,20966.0
first_64,64,impostor,21752.0
first_64,64,impostor,46025.0
first_64,64,impostor,21298.0
first_64,64,impostor,32141.0
first_64,64,impostor,20865.0
first_64,64,impostor,26680.0
first_64,64,impostor,24382.0
first_64,64,impostor,21031.0
first_64,64,impostor,20050.0
first_64,64,impostor,25748.0
first_64,64,impostor,18879.0
first_64,64,impostor,32000.0
first_64,64,impostor,45755.0
first_64,64,impostor,102185.0
first_64,64,impostor,58179.0
first_64,64,impostor,27104.0
first_64,64,impostor,66338.0
first_64,64,impostor,21863.0
first_64,64,impostor,23118.0
first_64,64,impostor,18092.0
first_64,64,impostor,31278.0
first_64,64,impostor,20970.0
first_64,64,impostor,8686.0
first_64,64,impostor,47688.0
first_64,64,impostor,13339.0
first_64,64,impostor,52003.0
first_64,64,impostor,23556.0
first_64,64,impostor,37152.0
first_64,64,impostor,24301.0
first_64,64,impostor,24384.0
first_64,64,impostor,37971.0
first_64,64,impostor,44074.0
first_64,64,impostor,35264.0
first_64,64,impostor,21067.0
first_64,64,impostor,25588.0
first_64,64,impostor,24805.0
first_64,64,impostor,38218.0
first_64,64,impostor,29561.0
first_64,64,impostor,16186.0
first_64,64,impostor,19252.0
first_64,64,impostor,17881.0
first_64,64,impostor,20313.0
first_64,64,impostor,23198.0
first_64,64,impostor,23148.0
first_64,64,impostor,20662.0
first_64,64,impostor,20302.0
first_64,64,impostor,26160.0
first_64,64,impostor,23156.0
first_64,64,impostor,21792.0
first_64,64,impostor,46081.0
first_64,64,impostor,18452.0
first_64,64,impostor,31721.0
first_64,64,impostor,22549.0
first_64,64,impostor,29328.0
first_64,64,impostor,24586.0
first_64,64,impostor,20277.0
first_64,64,impostor,23034.0
first_64,64,impostor,23459.0
first_64,64,impostor,24260.0
first_64,64,impostor,36407.0
first_64,64,impostor,41748.0
first_64,64,impostor,103416.0
first_64,64,impostor,60348.0
first_64,64,impostor,33147.0
first_64,64,impostor,70713.0
first_64,64,impostor,22526.0
first_64,64,impostor,24537.0
first_64,64,impostor,20481.0
first_64,64,impostor,24667.0
first_64,64,impostor,23943.0
first_64,64,impostor,12105.0
first_64,64,impostor,48907.0
first_64,64,impostor,15400.0
first_64,64,impostor,49084.0
first_64,64,impostor,26363.0
first_64,64,impostor,36775.0
first_64,64,impostor,26618.0
first_64,64,impostor,28615.0
first_64,64,impostor,39524.0
first_64,64,impostor,43511.0
first_64,64,impostor,38041.0
first_64,64,impostor,21726.0
first_64,64,impostor,26461.0
first_64,64,impostor,27356.0
first_64,64,impostor,31269.0
first_64,64,impostor,32740.0
first_64,64,impostor,17989.0
first_64,64,impostor,22497.0
first_64,64,impostor,21216.0
first_64,64,impostor,23954.0
first_64,64,impostor,24301.0
first_64,64,impostor,24219.0
first_64,64,impostor,18689.0
first_64,64,impostor,18617.0
first_64,64,impostor,25861.0
first_64,64,impostor,25089.0
first_64,64,impostor,25479.0
first_64,64,impostor,42788.0
first_64,64,impostor,21135.0
first_64,64,impostor,30890.0
first_64,64,impostor,20836.0
first_64,64,impostor,32871.0
first_64,64,impostor,28529.0
first_64,64,impostor,27592.0
first_64,64,impostor,24341.0
first_64,64,impostor,22337.0
first_64,64,impostor,17608.0
first_64,64,impostor,31085.0
first_64,64,impostor,43538.0
first_64,64,impostor,105572.0
first_64,64,impostor,62976.0
first_64,64,impostor,33601.0
first_64,64,impostor,72477.0
first_64,64,impostor,25296.0
first_64,64,impostor,25449.0
first_64,64,impostor,16917.0
first_64,64,impostor,28857.0
first_64,64,impostor,23399.0
first_64,64,impostor,6305.0
first_64,64,impostor,56497.0
first_64,64,impostor,16850.0
first_64,64,impostor,49884.0
first_64,64,impostor,25165.0
first_64,64,impostor,38691.0
first_64,64,impostor,25178.0
first_64,64,impostor,27407.0
first_64,64,impostor,42136.0
first_64,64,impostor,44883.0
first_64,64,impostor,37169.0
first_64,64,impostor,18210.0
first_64,64,impostor,26227.0
first_64,64,impostor,24388.0
first_64,64,impostor,39529.0
first_64,64,impostor,32720.0
first_64,64,impostor,18697.0
first_64,64,impostor,20357.0
first_64,64,impostor,18520.0
first_64,64,impostor,15460.0
first_64,64,impostor,24801.0
first_64,64,impostor,20855.0
first_64,64,impostor,16289.0
first_64,64,impostor,16305.0
first_64,64,impostor,29573.0
first_64,64,impostor,21533.0
first_64,64,impostor,19709.0
first_64,64,impostor,45394.0
first_64,64,impostor,18687.0
first_64,64,impostor,31804.0
first_64,64,impostor,20702.0
first_64,64,impostor,25497.0
first_64,64,impostor,23451.0
first_64,64,impostor,22958.0
first_64,64,impostor,18595.0
first_64,64,impostor,20093.0
first_64,64,impostor,14072.0
first_64,64,impostor,20978.0
first_64,64,impostor,23860.0
first_64,64,impostor,31014.0
first_64,64,impostor,27064.0
first_64,64,impostor,63984.0
first_64,64,impostor,26529.0
first_64,64,impostor,49967.0
first_64,64,impostor,22578.0
first_64,64,impostor,36816.0
first_64,64,impostor,22627.0
first_64,64,impostor,19234.0
first_64,64,impostor,30637.0
first_64,64,impostor,37620.0
first_64,64,impostor,32684.0
first_64,64,impostor,15119.0
first_64,64,impostor,22346.0
first_64,64,impostor,25561.0
first_64,64,impostor,39118.0
first_64,64,impostor,31581.0
first_64,64,impostor,24464.0
first_64,64,impostor,20654.0
first_64,64,impostor,17813.0
first_64,64,impostor,13675.0
first_64,64,impostor,21552.0
first_64,64,impostor,12518.0
first_64,64,impostor,16078.0
first_64,64,impostor,16228.0
first_64,64,impostor,25872.0
first_64,64,impostor,17134.0
first_64,64,impostor,17692.0
first_64,64,impostor,40971.0
first_64,64,impostor,17496.0
first_64,64,impostor,25601.0
first_64,64,impostor,12911.0
first_64,64,impostor,13136.0
first_64,64,impostor,12850.0
first_64,64,impostor,19293.0
first_64,64,impostor,11168.0
first_64,64,impostor,12340.0
first_64,64,impostor,10313.0
first_64,64,impostor,13271.0
first_64,64,impostor,16873.0
first_64,64,impostor,29631.0
first_64,64,impostor,22337.0
first_64,64,impostor,55071.0
first_64,64,impostor,26050.0
first_64,64,impostor,47466.0
first_64,64,impostor,11177.0
first_64,64,impostor,37403.0
first_64,64,impostor,12704.0
first_64,64,impostor,16401.0
first_64,64,impostor,27454.0
first_64,64,impostor,38795.0
first_64,64,impostor,28277.0
first_64,64,impostor,14174.0
first_64,64,impostor,21947.0
first_64,64,impostor,18852.0
first_64,64,impostor,36335.0
first_64,64,impostor,24436.0
first_64,64,impostor,21937.0
first_64,64,impostor,15129.0
first_64,64,impostor,12502.0
first_64,64,impostor,11512.0
first_64,64,impostor,16533.0
first_64,64,impostor,11463.0
first_64,64,impostor,9163.0
first_64,64,impostor,13655.0
first_64,64,impostor,21795.0
first_64,64,impostor,14043.0
first_64,64,impostor,11771.0
first_64,64,impostor,42198.0
first_64,64,impostor,14971.0
first_64,64,impostor,20052.0
first_64,64,impostor,14714.0
first_64,64,impostor,17845.0
first_64,64,impostor,15531.0
first_64,64,impostor,18104.0
first_64,64,impostor,17903.0
first_64,64,impostor,31675.0
first_64,64,impostor,27344.0
first_64,64,impostor,22728.0
first_64,64,impostor,34770.0
first_64,64,impostor,41808.0
first_64,64,impostor,29880.0
first_64,64,impostor,61482.0
first_64,64,impostor,44865.0
first_64,64,impostor,61889.0
first_64,64,impostor,29340.0
first_64,64,impostor,45894.0
first_64,64,impostor,32985.0
first_64,64,impostor,24408.0
first_64,64,impostor,36455.0
first_64,64,impostor,37136.0
first_64,64,impostor,34920.0
first_64,64,impostor,24119.0
first_64,64,impostor,34084.0
first_64,64,impostor,28971.0
first_64,64,impostor,55962.0
first_64,64,impostor,42509.0
first_64,64,impostor,30060.0
first_64,64,impostor,24574.0
first_64,64,impostor,22865.0
first_64,64,impostor,18291.0
first_64,64,impostor,32094.0
first_64,64,impostor,19502.0
first_64,64,impostor,24564.0
first_64,64,impostor,28914.0
first_64,64,impostor,34290.0
first_64,64,impostor,24618.0
first_64,64,impostor,24514.0
first_64,64,impostor,50553.0
first_64,64,impostor,27176.0
first_64,64,impostor,31587.0
first_64,64,impostor,17269.0
first_64,64,impostor,11212.0
first_64,64,impostor,16016.0
first_64,64,impostor,22709.0
first_64,64,impostor,18986.0
first_64,64,impostor,38012.0
first_64,64,impostor,38521.0
first_64,64,impostor,41069.0
first_64,64,impostor,40449.0
first_64,64,impostor,60851.0
first_64,64,impostor,51873.0
first_64,64,impostor,50881.0
first_64,64,impostor,57150.0
first_64,64,impostor,23882.0
first_64,64,impostor,39797.0
first_64,64,impostor,18895.0
first_64,64,impostor,37070.0
first_64,64,impostor,37039.0
first_64,64,impostor,49060.0
first_64,64,impostor,30233.0
first_64,64,impostor,36477.0
first_64,64,impostor,42488.0
first_64,64,impostor,38245.0
first_64,64,impostor,38520.0
first_64,64,impostor,21875.0
first_64,64,impostor,19982.0
first_64,64,impostor,46115.0
first_64,64,impostor,40513.0
first_64,64,impostor,41952.0
first_64,64,impostor,36494.0
first_64,64,impostor,33331.0
first_64,64,impostor,36657.0
first_64,64,impostor,39433.0
first_64,64,impostor,38103.0
first_64,64,impostor,45423.0
first_64,64,impostor,40093.0
first_64,64,impostor,40927.0
first_64,64,impostor,9252.0
first_64,64,impostor,42507.0
first_64,64,impostor,19826.0
first_64,64,impostor,38498.0
first_64,64,impostor,43071.0
first_64,64,impostor,42871.0
first_64,64,impostor,41120.0
first_64,64,impostor,36929.0
first_64,64,impostor,94540.0
first_64,64,impostor,94941.0
first_64,64,impostor,103017.0
first_64,64,impostor,97053.0
first_64,64,impostor,88523.0
first_64,64,impostor,105527.0
first_64,64,impostor,74743.0
first_64,64,impostor,100680.0
first_64,64,impostor,76394.0
first_64,64,impostor,92041.0
first_64,64,impostor,96405.0
first_64,64,impostor,91644.0
first_64,64,impostor,99363.0
first_64,64,impostor,101460.0
first_64,64,impostor,97717.0
first_64,64,impostor,98739.0
first_64,64,impostor,103970.0
first_64,64,impostor,92283.0
first_64,64,impostor,98598.0
first_64,64,impostor,94207.0
first_64,64,impostor,94768.0
first_64,64,impostor,104445.0
first_64,64,impostor,104383.0
first_64,64,impostor,99112.0
first_64,64,impostor,99574.0
first_64,64,impostor,97917.0
first_64,64,impostor,100581.0
first_64,64,impostor,96957.0
first_64,64,impostor,96723.0
first_64,64,impostor,101457.0
first_64,64,impostor,103533.0
first_64,64,impostor,97293.0
first_64,64,impostor,100828.0
first_64,64,impostor,100025.0
first_64,64,impostor,99428.0
first_64,64,impostor,105030.0
first_64,64,impostor,105249.0
first_64,64,impostor,102389.0
first_64,64,impostor,99840.0
first_64,64,impostor,105511.0
first_64,64,impostor,55528.0
first_64,64,impostor,59815.0
first_64,64,impostor,63889.0
first_64,64,impostor,56875.0
first_64,64,impostor,53231.0
first_64,64,impostor,62201.0
first_64,64,impostor,28945.0
first_64,64,impostor,59894.0
first_64,64,impostor,46030.0
first_64,64,impostor,59807.0
first_64,64,impostor,35467.0
first_64,64,impostor,51992.0
first_64,64,impostor,50957.0
first_64,64,impostor,59848.0
first_64,64,impostor,37547.0
first_64,64,impostor,42663.0
first_64,64,impostor,58200.0
first_64,64,impostor,61619.0
first_64,64,impostor,64928.0
first_64,64,impostor,49605.0
first_64,64,impostor,43220.0
first_64,64,impostor,64125.0
first_64,64,impostor,62263.0
first_64,64,impostor,60676.0
first_64,64,impostor,60282.0
first_64,64,impostor,53869.0
first_64,64,impostor,58319.0
first_64,64,impostor,60963.0
first_64,64,impostor,60061.0
first_64,64,impostor,68331.0
first_64,64,impostor,63045.0
first_64,64,impostor,60927.0
first_64,64,impostor,31058.0
first_64,64,impostor,59237.0
first_64,64,impostor,42506.0
first_64,64,impostor,59806.0
first_64,64,impostor,61633.0
first_64,64,impostor,60857.0
first_64,64,impostor,57808.0
first_64,64,impostor,58451.0
first_64,64,impostor,34041.0
first_64,64,impostor,33132.0
first_64,64,impostor,39304.0
first_64,64,impostor,41054.0
first_64,64,impostor,22890.0
first_64,64,impostor,29794.0
first_64,64,impostor,37318.0
first_64,64,impostor,28547.0
first_64,64,impostor,63959.0
first_64,64,impostor,35110.0
first_64,64,impostor,54396.0
first_64,64,impostor,34261.0
first_64,64,impostor,37102.0
first_64,64,impostor,52305.0
first_64,64,impostor,52382.0
first_64,64,impostor,47782.0
first_64,64,impostor,35889.0
first_64,64,impostor,39808.0
first_64,64,impostor,43681.0
first_64,64,impostor,51374.0
first_64,64,impostor,45137.0
first_64,64,impostor,35426.0
first_64,64,impostor,34560.0
first_64,64,impostor,36555.0
first_64,64,impostor,34519.0
first_64,64,impostor,35662.0
first_64,64,impostor,38140.0
first_64,64,impostor,34830.0
first_64,64,impostor,38018.0
first_64,64,impostor,39450.0
first_64,64,impostor,37364.0
first_64,64,impostor,30918.0
first_64,64,impostor,60021.0
first_64,64,impostor,35378.0
first_64,64,impostor,42655.0
first_64,64,impostor,38091.0
first_64,64,impostor,42712.0
first_64,64,impostor,34892.0
first_64,64,impostor,40169.0
first_64,64,impostor,43376.0
first_64,64,impostor,65573.0
first_64,64,impostor,60728.0
first_64,64,impostor,68828.0
first_64,64,impostor,67084.0
first_64,64,impostor,58834.0
first_64,64,impostor,70084.0
first_64,64,impostor,45376.0
first_64,64,impostor,66233.0
first_64,64,impostor,51201.0
first_64,64,impostor,61306.0
first_64,64,impostor,67284.0
first_64,64,impostor,65877.0
first_64,64,impostor,64482.0
first_64,64,impostor,71419.0
first_64,64,impostor,62064.0
first_64,64,impostor,67296.0
first_64,64,impostor,72595.0
first_64,64,impostor,71062.0
first_64,64,impostor,75917.0
first_64,64,impostor,72880.0
first_64,64,impostor,67341.0
first_64,64,impostor,72704.0
first_64,64,impostor,68150.0
first_64,64,impostor,67561.0
first_64,64,impostor,70481.0
first_64,64,impostor,65680.0
first_64,64,impostor,70160.0
first_64,64,impostor,67154.0
first_64,64,impostor,65374.0
first_64,64,impostor,77290.0
first_64,64,impostor,67492.0
first_64,64,impostor,63752.0
first_64,64,impostor,72085.0
first_64,64,impostor,68816.0
first_64,64,impostor,63697.0
first_64,64,impostor,70837.0
first_64,64,impostor,72856.0
first_64,64,impostor,65678.0
first_64,64,impostor,69709.0
first_64,64,impostor,71786.0
first_64,64,impostor,38570.0
first_64,64,impostor,9267.0
first_64,64,impostor,27779.0
first_64,64,impostor,8350.0
first_64,64,impostor,13527.0
first_64,64,impostor,20682.0
first_64,64,impostor,29513.0
first_64,64,impostor,21991.0
first_64,64,impostor,16860.0
first_64,64,impostor,13547.0
first_64,64,impostor,17328.0
first_64,64,impostor,25751.0
first_64,64,impostor,17048.0
first_64,64,impostor,17451.0
first_64,64,impostor,14455.0
first_64,64,impostor,12630.0
first_64,64,impostor,16982.0
first_64,64,impostor,8945.0
first_64,64,impostor,17483.0
first_64,64,impostor,10883.0
first_64,64,impostor,9019.0
first_64,64,impostor,16671.0
first_64,64,impostor,20607.0
first_64,64,impostor,13981.0
first_64,64,impostor,33522.0
first_64,64,impostor,10905.0
first_64,64,impostor,17340.0
first_64,64,impostor,15636.0
first_64,64,impostor,24035.0
first_64,64,impostor,18953.0
first_64,64,impostor,16408.0
first_64,64,impostor,16925.0
first_64,64,impostor,44905.0
first_64,64,impostor,11400.0
first_64,64,impostor,30408.0
first_64,64,impostor,13747.0
first_64,64,impostor,15808.0
first_64,64,impostor,24117.0
first_64,64,impostor,31202.0
first_64,64,impostor,26442.0
first_64,64,impostor,14413.0
first_64,64,impostor,19438.0
first_64,64,impostor,19547.0
first_64,64,impostor,29718.0
first_64,64,impostor,26457.0
first_64,64,impostor,19646.0
first_64,64,impostor,14222.0
first_64,64,impostor,13925.0
first_64,64,impostor,14863.0
first_64,64,impostor,12436.0
first_64,64,impostor,12782.0
first_64,64,impostor,14456.0
first_64,64,impostor,16400.0
first_64,64,impostor,13792.0
first_64,64,impostor,14078.0
first_64,64,impostor,12810.0
first_64,64,impostor,40079.0
first_64,64,impostor,12128.0
first_64,64,impostor,15849.0
first_64,64,impostor,13607.0
first_64,64,impostor,19984.0
first_64,64,impostor,10826.0
first_64,64,impostor,18867.0
first_64,64,impostor,18582.0
first_64,64,impostor,48931.0
first_64,64,impostor,13518.0
first_64,64,impostor,38176.0
first_64,64,impostor,18483.0
first_64,64,impostor,18652.0
first_64,64,impostor,33469.0
first_64,64,impostor,37440.0
first_64,64,impostor,32132.0
first_64,64,impostor,12701.0
first_64,64,impostor,20888.0
first_64,64,impostor,10647.0
first_64,64,impostor,40372.0
first_64,64,impostor,27695.0
first_64,64,impostor,15850.0
first_64,64,impostor,10064.0
first_64,64,impostor,13733.0
first_64,64,impostor,10521.0
first_64,64,impostor,19544.0
first_64,64,impostor,10534.0
first_64,64,impostor,9242.0
first_64,64,impostor,13380.0
first_64,64,impostor,21422.0
first_64,64,impostor,11458.0
first_64,64,impostor,12270.0
first_64,64,impostor,42397.0
first_64,64,impostor,16366.0
first_64,64,impostor,20025.0
first_64,64,impostor,14197.0
first_64,64,impostor,15736.0
first_64,64,impostor,14648.0
first_64,64,impostor,13679.0
first_64,64,impostor,15168.0
first_64,64,impostor,43503.0
first_64,64,impostor,16982.0
first_64,64,impostor,31214.0
first_64,64,impostor,21795.0
first_64,64,impostor,16748.0
first_64,64,impostor,21755.0
first_64,64,impostor,31794.0
first_64,64,impostor,27030.0
first_64,64,impostor,19905.0
first_64,64,impostor,24412.0
first_64,64,impostor,23957.0
first_64,64,impostor,30528.0
first_64,64,impostor,27573.0
first_64,64,impostor,23796.0
first_64,64,impostor,19238.0
first_64,64,impostor,18155.0
first_64,64,impostor,23089.0
first_64,64,impostor,17190.0
first_64,64,impostor,20836.0
first_64,64,impostor,13408.0
first_64,64,impostor,12636.0
first_64,64,impostor,22856.0
first_64,64,impostor,20468.0
first_64,64,impostor,20446.0
first_64,64,impostor,34105.0
first_64,64,impostor,19248.0
first_64,64,impostor,21223.0
first_64,64,impostor,17083.0
first_64,64,impostor,27584.0
first_64,64,impostor,26064.0
first_64,64,impostor,25379.0
first_64,64,impostor,21954.0
first_64,64,impostor,66361.0
first_64,64,impostor,37484.0
first_64,64,impostor,50518.0
first_64,64,impostor,31297.0
first_64,64,impostor,37634.0
first_64,64,impostor,44329.0
first_64,64,impostor,56664.0
first_64,64,impostor,49408.0
first_64,64,impostor,30461.0
first_64,64,impostor,33920.0
first_64,64,impostor,32663.0
first_64,64,impostor,48646.0
first_64,64,impostor,43469.0
first_64,64,impostor,25342.0
first_64,64,impostor,32904.0
first_64,64,impostor,25727.0
first_64,64,impostor,30875.0
first_64,64,impostor,36180.0
first_64,64,impostor,28304.0
first_64,64,impostor,30760.0
first_64,64,impostor,26068.0
first_64,64,impostor,35352.0
first_64,64,impostor,30382.0
first_64,64,impostor,29264.0
first_64,64,impostor,55435.0
first_64,64,impostor,25544.0
first_64,64,impostor,43505.0
first_64,64,impostor,34433.0
first_64,64,impostor,33290.0
first_64,64,impostor,34898.0
first_64,64,impostor,30093.0
first_64,64,impostor,30724.0
first_64,64,impostor,58797.0
first_64,64,impostor,28048.0
first_64,64,impostor,44400.0
first_64,64,impostor,31959.0
first_64,64,impostor,30824.0
first_64,64,impostor,43721.0
first_64,64,impostor,49962.0
first_64,64,impostor,41300.0
first_64,64,impostor,22725.0
first_64,64,impostor,32758.0
first_64,64,impostor,30881.0
first_64,64,impostor,47626.0
first_64,64,impostor,37067.0
first_64,64,impostor,21400.0
first_64,64,impostor,20638.0
first_64,64,impostor,23107.0
first_64,64,impostor,23291.0
first_64,64,impostor,29452.0
first_64,64,impostor,25068.0
first_64,64,impostor,20688.0
first_64,64,impostor,19086.0
first_64,64,impostor,34092.0
first_64,64,impostor,25688.0
first_64,64,impostor,25622.0
first_64,64,impostor,50623.0
first_64,64,impostor,19578.0
first_64,64,impostor,35291.0
first_64,64,impostor,23483.0
first_64,64,impostor,28650.0
first_64,64,impostor,25480.0
first_64,64,impostor,26313.0
first_64,64,impostor,22732.0
first_64,64,impostor,55825.0
first_64,64,impostor,50536.0
first_64,64,impostor,48806.0
first_64,64,impostor,47493.0
first_64,64,impostor,50908.0
first_64,64,impostor,59535.0
first_64,64,impostor,50388.0
first_64,64,impostor,50132.0
first_64,64,impostor,58893.0
first_64,64,impostor,56452.0
first_64,64,impostor,57363.0
first_64,64,impostor,49380.0
first_64,64,impostor,47857.0
first_64,64,impostor,54058.0
first_64,64,impostor,51268.0
first_64,64,impostor,54893.0
first_64,64,impostor,57359.0
first_64,64,impostor,49152.0
first_64,64,impostor,59356.0
first_64,64,impostor,51264.0
first_64,64,impostor,48664.0
first_64,64,impostor,56302.0
first_64,64,impostor,61304.0
first_64,64,impostor,53890.0
first_64,64,impostor,52061.0
first_64,64,impostor,52564.0
first_64,64,impostor,48833.0
first_64,64,impostor,59219.0
first_64,64,impostor,64082.0
first_64,64,impostor,60590.0
first_64,64,impostor,59023.0
first_64,64,impostor,64020.0
first_64,64,impostor,60828.0
first_64,64,impostor,32913.0
first_64,64,impostor,45203.0
first_64,64,impostor,30982.0
first_64,64,impostor,32539.0
first_64,64,impostor,41094.0
first_64,64,impostor,51109.0
first_64,64,impostor,43193.0
first_64,64,impostor,27198.0
first_64,64,impostor,30493.0
first_64,64,impostor,32194.0
first_64,64,impostor,42245.0
first_64,64,impostor,37598.0
first_64,64,impostor,22503.0
first_64,64,impostor,25525.0
first_64,64,impostor,22938.0
first_64,64,impostor,30202.0
first_64,64,impostor,30355.0
first_64,64,impostor,29401.0
first_64,64,impostor,28187.0
first_64,64,impostor,26081.0
first_64,64,impostor,29295.0
first_64,64,impostor,27035.0
first_64,64,impostor,31557.0
first_64,64,impostor,53336.0
first_64,64,impostor,24091.0
first_64,64,impostor,39470.0
first_64,64,impostor,28280.0
first_64,64,impostor,38571.0
first_64,64,impostor,30093.0
first_64,64,impostor,31240.0
first_64,64,impostor,25173.0
first_64,64,impostor,51572.0
first_64,64,impostor,43053.0
first_64,64,impostor,49796.0
first_64,64,impostor,27575.0
first_64,64,impostor,32264.0
first_64,64,impostor,53883.0
first_64,64,impostor,49217.0
first_64,64,impostor,47816.0
first_64,64,impostor,46032.0
first_64,64,impostor,38961.0
first_64,64,impostor,46671.0
first_64,64,impostor,44435.0
first_64,64,impostor,40171.0
first_64,64,impostor,50637.0
first_64,64,impostor,48873.0
first_64,64,impostor,46125.0
first_64,64,impostor,26496.0
first_64,64,impostor,45759.0
first_64,64,impostor,30370.0
first_64,64,impostor,45600.0
first_64,64,impostor,50647.0
first_64,64,impostor,51893.0
first_64,64,impostor,49224.0
first_64,64,impostor,45591.0
first_64,64,impostor,15471.0
first_64,64,impostor,16962.0
first_64,64,impostor,18809.0
first_64,64,impostor,30874.0
first_64,64,impostor,23197.0
first_64,64,impostor,21480.0
first_64,64,impostor,14274.0
first_64,64,impostor,12215.0
first_64,64,impostor,16953.0
first_64,64,impostor,12806.0
first_64,64,impostor,16430.0
first_64,64,impostor,8660.0
first_64,64,impostor,15208.0
first_64,64,impostor,21394.0
first_64,64,impostor,18602.0
first_64,64,impostor,15380.0
first_64,64,impostor,39905.0
first_64,64,impostor,15672.0
first_64,64,impostor,16675.0
first_64,64,impostor,12149.0
first_64,64,impostor,23210.0
first_64,64,impostor,15968.0
first_64,64,impostor,16453.0
first_64,64,impostor,21586.0
first_64,64,impostor,34375.0
first_64,64,impostor,29370.0
first_64,64,impostor,33049.0
first_64,64,impostor,23512.0
first_64,64,impostor,20143.0
first_64,64,impostor,35852.0
first_64,64,impostor,34720.0
first_64,64,impostor,31689.0
first_64,64,impostor,34681.0
first_64,64,impostor,24222.0
first_64,64,impostor,33250.0
first_64,64,impostor,31976.0
first_64,64,impostor,29968.0
first_64,64,impostor,36548.0
first_64,64,impostor,38990.0
first_64,64,impostor,34618.0
first_64,64,impostor,16307.0
first_64,64,impostor,30676.0
first_64,64,impostor,21633.0
first_64,64,impostor,31653.0
first_64,64,impostor,39804.0
first_64,64,impostor,34220.0
first_64,64,impostor,29107.0
first_64,64,impostor,28942.0
first_64,64,impostor,14550.0
first_64,64,impostor,15567.0
first_64,64,impostor,15402.0
first_64,64,impostor,28363.0
first_64,64,impostor,20650.0
first_64,64,impostor,18765.0
first_64,64,impostor,19317.0
first_64,64,impostor,9082.0
first_64,64,impostor,14554.0
first_64,64,impostor,14601.0
first_64,64,impostor,15259.0
first_64,64,impostor,12219.0
first_64,64,impostor,15135.0
first_64,64,impostor,16335.0
first_64,64,impostor,18597.0
first_64,64,impostor,13519.0
first_64,64,impostor,34660.0
first_64,64,impostor,14551.0
first_64,64,impostor,16972.0
first_64,64,impostor,18134.0
first_64,64,impostor,22697.0
first_64,64,impostor,17589.0
first_64,64,impostor,14760.0
first_64,64,impostor,19335.0
first_64,64,impostor,17769.0
first_64,64,impostor,22356.0
first_64,64,impostor,21259.0
first_64,64,impostor,33896.0
first_64,64,impostor,22421.0
first_64,64,impostor,22210.0
first_64,64,impostor,16998.0
first_64,64,impostor,16061.0
first_64,64,impostor,15481.0
first_64,64,impostor,14190.0
first_64,64,impostor,19590.0
first_64,64,impostor,15254.0
first_64,64,impostor,15724.0
first_64,64,impostor,19544.0
first_64,64,impostor,20694.0
first_64,64,impostor,22216.0
first_64,64,impostor,32305.0
first_64,64,impostor,17652.0
first_64,64,impostor,18873.0
first_64,64,impostor,8793.0
first_64,64,impostor,21974.0
first_64,64,impostor,20030.0
first_64,64,impostor,18331.0
first_64,64,impostor,16622.0
first_64,64,impostor,31002.0
first_64,64,impostor,31455.0
first_64,64,impostor,32394.0
first_64,64,impostor,33563.0
first_64,64,impostor,32890.0
first_64,64,impostor,32011.0
first_64,64,impostor,28885.0
first_64,64,impostor,23402.0
first_64,64,impostor,35050.0
first_64,64,impostor,22121.0
first_64,64,impostor,32533.0
first_64,64,impostor,25193.0
first_64,64,impostor,24237.0
first_64,64,impostor,25199.0
first_64,64,impostor,33169.0
first_64,64,impostor,33945.0
first_64,64,impostor,41340.0
first_64,64,impostor,24911.0
first_64,64,impostor,25340.0
first_64,64,impostor,21806.0
first_64,64,impostor,31997.0
first_64,64,impostor,30823.0
first_64,64,impostor,28558.0
first_64,64,impostor,28813.0
first_64,64,impostor,38471.0
first_64,64,impostor,37626.0
first_64,64,impostor,36125.0
first_64,64,impostor,31930.0
first_64,64,impostor,26461.0
first_64,64,impostor,39176.0
first_64,64,impostor,34580.0
first_64,64,impostor,33599.0
first_64,64,impostor,36643.0
first_64,64,impostor,22894.0
first_64,64,impostor,38352.0
first_64,64,impostor,32938.0
first_64,64,impostor,34398.0
first_64,64,impostor,36984.0
first_64,64,impostor,36094.0
first_64,64,impostor,40100.0
first_64,64,impostor,28915.0
first_64,64,impostor,34986.0
first_64,64,impostor,24043.0
first_64,64,impostor,28711.0
first_64,64,impostor,36708.0
first_64,64,impostor,32328.0
first_64,64,impostor,35915.0
first_64,64,impostor,32862.0
first_64,64,impostor,28719.0
first_64,64,impostor,29950.0
first_64,64,impostor,31909.0
first_64,64,impostor,30700.0
first_64,64,impostor,26035.0
first_64,64,impostor,33912.0
first_64,64,impostor,28800.0
first_64,64,impostor,25917.0
first_64,64,impostor,29743.0
first_64,64,impostor,19864.0
first_64,64,impostor,31574.0
first_64,64,impostor,24358.0
first_64,64,impostor,25210.0
first_64,64,impostor,29830.0
first_64,64,impostor,31036.0
first_64,64,impostor,31204.0
first_64,64,impostor,28647.0
first_64,64,impostor,27956.0
first_64,64,impostor,23167.0
first_64,64,impostor,19179.0
first_64,64,impostor,36404.0
first_64,64,impostor,28382.0
first_64,64,impostor,28585.0
first_64,64,impostor,28344.0
first_64,64,impostor,11012.0
first_64,64,impostor,19415.0
first_64,64,impostor,9935.0
first_64,64,impostor,9885.0
first_64,64,impostor,16663.0
first_64,64,impostor,18231.0
first_64,64,impostor,16437.0
first_64,64,impostor,12913.0
first_64,64,impostor,37088.0
first_64,64,impostor,12165.0
first_64,64,impostor,22538.0
first_64,64,impostor,12338.0
first_64,64,impostor,15935.0
first_64,64,impostor,10107.0
first_64,64,impostor,10226.0
first_64,64,impostor,12337.0
first_64,64,impostor,14941.0
first_64,64,impostor,16096.0
first_64,64,impostor,17748.0
first_64,64,impostor,17870.0
first_64,64,impostor,18266.0
first_64,64,impostor,16522.0
first_64,64,impostor,22182.0
first_64,64,impostor,16594.0
first_64,64,impostor,37371.0
first_64,64,impostor,12358.0
first_64,64,impostor,26919.0
first_64,64,impostor,20555.0
first_64,64,impostor,27172.0
first_64,64,impostor,18682.0
first_64,64,impostor,14133.0
first_64,64,impostor,17440.0
first_64,64,impostor,13840.0
first_64,64,impostor,20665.0
first_64,64,impostor,14333.0
first_64,64,impostor,14525.0
first_64,64,impostor,17949.0
first_64,64,impostor,18649.0
first_64,64,impostor,16511.0
first_64,64,impostor,15571.0
first_64,64,impostor,36382.0
first_64,64,impostor,15461.0
first_64,64,impostor,22256.0
first_64,64,impostor,17656.0
first_64,64,impostor,18165.0
first_64,64,impostor,19309.0
first_64,64,impostor,9270.0
first_64,64,impostor,14003.0
first_64,64,impostor,39817.0
first_64,64,impostor,24652.0
first_64,64,impostor,38278.0
first_64,64,impostor,34758.0
first_64,64,impostor,29952.0
first_64,64,impostor,31750.0
first_64,64,impostor,37328.0
first_64,64,impostor,36920.0
first_64,64,impostor,22031.0
first_64,64,impostor,29580.0
first_64,64,impostor,22991.0
first_64,64,impostor,34881.0
first_64,64,impostor,46676.0
first_64,64,impostor,41102.0
first_64,64,impostor,38039.0
first_64,64,impostor,35258.0
first_64,64,impostor,27838.0
first_64,64,impostor,20329.0
first_64,64,impostor,27373.0
first_64,64,impostor,25251.0
first_64,64,impostor,20579.0
first_64,64,impostor,32433.0
first_64,64,impostor,27179.0
first_64,64,impostor,25461.0
first_64,64,impostor,16696.0
first_64,64,impostor,21061.0
first_64,64,impostor,19946.0
first_64,64,impostor,26172.0
first_64,64,impostor,29509.0
first_64,64,impostor,32675.0
first_64,64,impostor,22142.0
first_64,64,impostor,22167.0
first_64,64,impostor,22107.0
first_64,64,impostor,23206.0
first_64,64,impostor,21424.0
first_64,64,impostor,21600.0
first_64,64,impostor,16498.0
first_64,64,impostor,19608.0
first_64,64,impostor,20066.0
first_64,64,impostor,18506.0
first_64,64,impostor,39553.0
first_64,64,impostor,14660.0
first_64,64,impostor,26705.0
first_64,64,impostor,19769.0
first_64,64,impostor,23868.0
first_64,64,impostor,21430.0
first_64,64,impostor,16513.0
first_64,64,impostor,15304.0
first_64,64,impostor,16103.0
first_64,64,impostor,19630.0
first_64,64,impostor,14716.0
first_64,64,impostor,13564.0
first_64,64,impostor,14658.0
first_64,64,impostor,16226.0
first_64,64,impostor,9918.0
first_64,64,impostor,10444.0
first_64,64,impostor,38795.0
first_64,64,impostor,10554.0
first_64,64,impostor,19293.0
first_64,64,impostor,14797.0
first_64,64,impostor,18146.0
first_64,64,impostor,14468.0
first_64,64,impostor,14387.0
first_64,64,impostor,16322.0
first_64,64,impostor,12044.0
first_64,64,impostor,16069.0
first_64,64,impostor,12833.0
first_64,64,impostor,10957.0
first_64,64,impostor,14493.0
first_64,64,impostor,14299.0
first_64,64,impostor,12367.0
first_64,64,impostor,11703.0
first_64,64,impostor,38478.0
first_64,64,impostor,10169.0
first_64,64,impostor,21718.0
first_64,64,impostor,12610.0
first_64,64,impostor,14827.0
first_64,64,impostor,12603.0
first_64,64,impostor,9648.0
first_64,64,impostor,12165.0
first_64,64,impostor,39764.0
first_64,64,impostor,15327.0
first_64,64,impostor,22330.0
first_64,64,impostor,10920.0
first_64,64,impostor,11793.0
first_64,64,impostor,10953.0
first_64,64,impostor,13230.0
first_64,64,impostor,10789.0
first_64,64,impostor,31209.0
first_64,64,impostor,16114.0
first_64,64,impostor,16809.0
first_64,64,impostor,14397.0
first_64,64,impostor,26976.0
first_64,64,impostor,18560.0
first_64,64,impostor,19119.0
first_64,64,impostor,19466.0
first_64,64,impostor,35373.0
first_64,64,impostor,15482.0
first_64,64,impostor,17663.0
first_64,64,impostor,12653.0
first_64,64,impostor,11386.0
first_64,64,impostor,9916.0
first_64,64,impostor,11757.0
first_64,64,impostor,11446.0
first_64,64,impostor,39529.0
first_64,64,impostor,15114.0
first_64,64,impostor,20761.0
first_64,64,impostor,11135.0
first_64,64,impostor,15448.0
first_64,64,impostor,13758.0
first_64,64,impostor,13659.0
first_64,64,impostor,15336.0
first_64,64,impostor,32689.0
first_64,64,impostor,12626.0
first_64,64,impostor,22237.0
first_64,64,impostor,14855.0
first_64,64,impostor,18890.0
first_64,64,impostor,19752.0
first_64,64,impostor,16763.0
first_64,64,impostor,11524.0
first_64,64,impostor,45271.0
first_64,64,impostor,17000.0
first_64,64,impostor,24255.0
first_64,64,impostor,18939.0
first_64,64,impostor,29460.0
first_64,64,impostor,20600.0
first_64,64,impostor,20375.0
first_64,64,impostor,25912.0
first_64,64,impostor,42255.0
first_64,64,impostor,15690.0
first_64,64,impostor,20837.0
first_64,64,impostor,14979.0
first_64,64,impostor,16956.0
first_64,64,impostor,14712.0
first_64,64,impostor,17483.0
first_64,64,impostor,16764.0
first_64,64,impostor,42031.0
first_64,64,impostor,9518.0
first_64,64,impostor,21325.0
first_64,64,impostor,20331.0
first_64,64,impostor,15208.0
first_64,64,impostor,11560.0
first_64,64,impostor,14405.0
first_64,64,impostor,16028.0
first_128,128,genuine,16410.0
first_128,128,genuine,25512.0
first_128,128,genuine,29836.0
first_128,128,genuine,27386.0
first_128,128,genuine,24289.0
first_128,128,genuine,26912.0
first_128,128,genuine,25239.0
first_128,128,genuine,26780.0
first_128,128,genuine,29088.0
first_128,128,genuine,22734.0
first_128,128,genuine,24297.0
first_128,128,genuine,24768.0
first_128,128,genuine,22153.0
first_128,128,genuine,9004.0
first_128,128,genuine,41440.0
first_128,128,genuine,41829.0
first_128,128,genuine,40586.0
first_128,128,genuine,37959.0
first_128,128,genuine,40652.0
first_128,128,genuine,39989.0
first_128,128,genuine,41408.0
first_128,128,genuine,38153.0
first_128,128,genuine,14443.0
first_128,128,genuine,15280.0
first_128,128,genuine,22119.0
first_128,128,genuine,11329.0
first_128,128,genuine,19710.0
first_128,128,genuine,19087.0
first_128,128,genuine,29977.0
first_128,128,genuine,28652.0
first_128,128,genuine,29535.0
first_128,128,genuine,20524.0
first_128,128,genuine,22273.0
first_128,128,genuine,18378.0
first_128,128,genuine,26065.0
first_128,128,genuine,39963.0
first_128,128,genuine,17900.0
first_128,128,genuine,21297.0
first_128,128,genuine,16998.0
first_128,128,genuine,22193.0
first_128,128,genuine,17518.0
first_128,128,genuine,39987.0
first_128,128,genuine,21544.0
first_128,128,genuine,29887.0
first_128,128,genuine,28600.0
first_128,128,genuine,36155.0
first_128,128,genuine,24635.0
first_128,128,genuine,19608.0
first_128,128,genuine,24675.0
first_128,128,genuine,15542.0
first_128,128,genuine,13269.0
first_128,128,genuine,17148.0
first_128,128,genuine,22111.0
first_128,128,genuine,18069.0
first_128,128,genuine,16286.0
first_128,128,genuine,20739.0
first_128,128,genuine,17361.0
first_128,128,genuine,15288.0
first_128,128,genuine,14660.0
first_128,128,genuine,26441.0
first_128,128,genuine,24575.0
first_128,128,genuine,26831.0
first_128,128,genuine,22201.0
first_128,128,genuine,16657.0
first_128,128,genuine,18981.0
first_128,128,genuine,26504.0
first_128,128,genuine,29704.0
first_128,128,genuine,33598.0
first_128,128,genuine,22584.0
first_128,128,genuine,19740.0
first_128,128,genuine,20485.0
first_128,128,genuine,21755.0
first_128,128,genuine,25063.0
first_128,128,genuine,26529.0
first_128,128,genuine,29361.0
first_128,128,genuine,26353.0
first_128,128,genuine,32953.0
first_128,128,genuine,19201.0
first_128,128,genuine,14470.0
first_128,128,genuine,10874.0
first_128,128,genuine,30030.0
first_128,128,genuine,10230.0
first_128,128,genuine,23416.0
first_128,128,genuine,30212.0
first_128,128,genuine,20177.0
first_128,128,genuine,24161.0
first_128,128,genuine,23231.0
first_128,128,genuine,24029.0
first_128,128,genuine,24780.0
first_128,128,genuine,27432.0
first_128,128,genuine,26728.0
first_128,128,genuine,21670.0
first_128,128,genuine,19020.0
first_128,128,genuine,24516.0
first_128,128,genuine,25387.0
first_128,128,genuine,25765.0
first_128,128,genuine,21333.0
first_128,128,genuine,29030.0
first_128,128,genuine,24338.0
first_128,128,genuine,26919.0
first_128,128,genuine,30371.0
first_128,128,genuine,30499.0
first_128,128,genuine,22974.0
first_128,128,genuine,22609.0
first_128,128,genuine,24665.0
first_128,128,genuine,24055.0
first_128,128,genuine,9107.0
first_128,128,genuine,12847.0
first_128,128,genuine,14469.0
first_128,128,genuine,11872.0
first_128,128,genuine,14622.0
first_128,128,genuine,15632.0
first_128,128,genuine,19108.0
first_128,128,genuine,22735.0
first_128,128,genuine,46868.0
first_128,128,genuine,80445.0
first_128,128,genuine,38646.0
first_128,128,genuine,29886.0
first_128,128,genuine,49065.0
first_128,128,genuine,22525.0
first_128,128,genuine,38750.0
first_128,128,genuine,68551.0
first_128,128,genuine,38014.0
first_128,128,genuine,25738.0
first_128,128,genuine,37839.0
first_128,128,genuine,47199.0
first_128,128,genuine,83170.0
first_128,128,genuine,43579.0
first_128,128,genuine,38291.0
first_128,128,genuine,52320.0
first_128,128,genuine,66229.0
first_128,128,genuine,33882.0
first_128,128,genuine,49132.0
first_128,128,genuine,49959.0
first_128,128,genuine,59069.0
first_128,128,genuine,65607.0
first_128,128,genuine,41544.0
first_128,128,genuine,29448.0
first_128,128,genuine,32513.0
first_128,128,genuine,33613.0
first_128,128,genuine,16559.0
first_128,128,genuine,15629.0
first_128,128,genuine,15062.0
first_128,128,genuine,25315.0
first_128,128,genuine,22970.0
first_128,128,genuine,31279.0
first_128,128,genuine,21777.0
first_128,128,genuine,19992.0
first_128,128,genuine,15297.0
first_128,128,genuine,23140.0
first_128,128,genuine,25941.0
first_128,128,genuine,35662.0
first_128,128,genuine,26568.0
first_128,128,genuine,18445.0
first_128,128,genuine,24680.0
first_128,128,genuine,19297.0
first_128,128,genuine,35562.0
first_128,128,genuine,25762.0
first_128,128,genuine,23673.0
first_128,128,genuine,25718.0
first_128,128,genuine,34457.0
first_128,128,genuine,26559.0
first_128,128,genuine,18849.0
first_128,128,genuine,29988.0
first_128,128,genuine,20776.0
first_128,128,genuine,36863.0
first_128,128,genuine,17503.0
first_128,128,genuine,34998.0
first_128,128,genuine,31660.0
first_128,128,genuine,20671.0
first_128,128,genuine,28234.0
first_128,128,genuine,35418.0
first_128,128,genuine,36591.0
first_128,128,genuine,28417.0
first_128,128,genuine,31291.0
first_128,128,genuine,24405.0
first_128,128,genuine,13970.0
first_128,128,genuine,17654.0
first_128,128,genuine,22873.0
first_128,128,genuine,26435.0
first_128,128,genuine,19677.0
first_128,128,genuine,17749.0
first_128,128,genuine,24337.0
first_128,128,genuine,26912.0
first_128,128,genuine,17042.0
first_128,128,genuine,19526.0
first_128,128,genuine,18988.0
first_128,128,genuine,21381.0
first_128,128,genuine,22269.0
first_128,128,genuine,15627.0
first_128,128,genuine,15517.0
first_128,128,genuine,18865.0
first_128,128,genuine,16091.0
first_128,128,genuine,18114.0
first_128,128,genuine,17986.0
first_128,128,genuine,15126.0
first_128,128,genuine,21311.0
first_128,128,genuine,17798.0
first_128,128,genuine,30409.0
first_128,128,genuine,24344.0
first_128,128,genuine,18844.0
first_128,128,genuine,14446.0
first_128,128,genuine,12696.0
first_128,128,genuine,18507.0
first_128,128,genuine,20980.0
first_128,128,genuine,22261.0
first_128,128,genuine,23139.0
first_128,128,genuine,22167.0
first_128,128,genuine,16233.0
first_128,128,genuine,25477.0
first_128,128,genuine,19728.0
first_128,128,genuine,15110.0
first_128,128,genuine,14848.0
first_128,128,genuine,11314.0
first_128,128,genuine,18087.0
first_128,128,genuine,26741.0
first_128,128,genuine,28317.0
first_128,128,genuine,25229.0
first_128,128,genuine,23668.0
first_128,128,genuine,18652.0
first_128,128,genuine,17400.0
first_128,128,genuine,13410.0
first_128,128,genuine,16802.0
first_128,128,genuine,14674.0
first_128,128,genuine,18840.0
first_128,128,genuine,10675.0
first_128,128,genuine,11039.0
first_128,128,genuine,13730.0
first_128,128,genuine,15658.0
first_128,128,genuine,14274.0
first_128,128,genuine,12564.0
first_128,128,genuine,17031.0
first_128,128,genuine,13731.0
first_128,128,genuine,14044.0
first_128,128,genuine,14932.0
first_128,128,genuine,20626.0
first_128,128,genuine,17356.0
first_128,128,genuine,11222.0
first_128,128,genuine,13329.0
first_128,128,genuine,15625.0
first_128,128,genuine,13059.0
first_128,128,genuine,14285.0
first_128,128,genuine,10427.0
first_128,128,genuine,15063.0
first_128,128,genuine,14497.0
first_128,128,genuine,9919.0
first_128,128,genuine,16058.0
first_128,128,genuine,14146.0
first_128,128,genuine,14956.0
first_128,128,genuine,16168.0
first_128,128,genuine,17246.0
first_128,128,genuine,13802.0
first_128,128,genuine,24012.0
first_128,128,genuine,15051.0
first_128,128,genuine,23030.0
first_128,128,genuine,29138.0
first_128,128,genuine,32503.0
first_128,128,genuine,25324.0
first_128,128,genuine,19845.0
first_128,128,genuine,16469.0
first_128,128,genuine,16794.0
first_128,128,genuine,16882.0
first_128,128,genuine,16725.0
first_128,128,genuine,12110.0
first_128,128,genuine,13459.0
first_128,128,genuine,14721.0
first_128,128,genuine,20401.0
first_128,128,genuine,18114.0
first_128,128,genuine,19421.0
first_128,128,genuine,17104.0
first_128,128,genuine,15064.0
first_128,128,genuine,13521.0
first_128,128,genuine,18924.0
first_128,128,genuine,12319.0
first_128,128,genuine,14237.0
first_128,128,genuine,15446.0
first_128,128,genuine,11921.0
first_128,128,genuine,16333.0
first_128,128,genuine,15080.0
first_128,128,genuine,13195.0
first_128,128,impostor,15826.0
first_128,128,impostor,32369.0
first_128,128,impostor,21016.0
first_128,128,impostor,32615.0
first_128,128,impostor,18088.0
first_128,128,impostor,22963.0
first_128,128,impostor,14024.0
first_128,128,impostor,25597.0
first_128,128,impostor,15410.0
first_128,128,impostor,19469.0
first_128,128,impostor,21606.0
first_128,128,impostor,19008.0
first_128,128,impostor,32651.0
first_128,128,impostor,30415.0
first_128,128,impostor,32997.0
first_128,128,impostor,22247.0
first_128,128,impostor,24149.0
first_128,128,impostor,26298.0
first_128,128,impostor,23760.0
first_128,128,impostor,21668.0
first_128,128,impostor,20672.0
first_128,128,impostor,18473.0
first_128,128,impostor,19825.0
first_128,128,impostor,19917.0
first_128,128,impostor,27360.0
first_128,128,impostor,18668.0
first_128,128,impostor,33501.0
first_128,128,impostor,34542.0
first_128,128,impostor,69031.0
first_128,128,impostor,38102.0
first_128,128,impostor,26662.0
first_128,128,impostor,40987.0
first_128,128,impostor,12014.0
first_128,128,impostor,20157.0
first_128,128,impostor,19399.0
first_128,128,impostor,16228.0
first_128,128,impostor,23211.0
first_128,128,impostor,24948.0
first_128,128,impostor,29947.0
first_128,128,impostor,24995.0
first_128,128,impostor,31301.0
first_128,128,impostor,16317.0
first_128,128,impostor,21324.0
first_128,128,impostor,13103.0
first_128,128,impostor,19743.0
first_128,128,impostor,21606.0
first_128,128,impostor,23810.0
first_128,128,impostor,21604.0
first_128,128,impostor,18218.0
first_128,128,impostor,16955.0
first_128,128,impostor,15812.0
first_128,128,impostor,25155.0
first_128,128,impostor,18012.0
first_128,128,impostor,18034.0
first_128,128,impostor,15836.0
first_128,128,impostor,13998.0
first_128,128,impostor,15618.0
first_128,128,impostor,14932.0
first_128,128,impostor,17695.0
first_128,128,impostor,12889.0
first_128,128,impostor,14478.0
first_128,128,impostor,16238.0
first_128,128,impostor,20868.0
first_128,128,impostor,15046.0
first_128,128,impostor,25893.0
first_128,128,impostor,14207.0
first_128,128,impostor,18424.0
first_128,128,impostor,14455.0
first_128,128,impostor,25023.0
first_128,128,impostor,23692.0
first_128,128,impostor,19151.0
first_128,128,impostor,19596.0
first_128,128,impostor,15142.0
first_128,128,impostor,26599.0
first_128,128,impostor,23630.0
first_128,128,impostor,25295.0
first_128,128,impostor,17518.0
first_128,128,impostor,17027.0
first_128,128,impostor,18478.0
first_128,128,impostor,18777.0
first_128,128,impostor,18138.0
first_128,128,impostor,14547.0
first_128,128,impostor,16476.0
first_128,128,impostor,15842.0
first_128,128,impostor,30147.0
first_128,128,impostor,28713.0
first_128,128,impostor,31933.0
first_128,128,impostor,24761.0
first_128,128,impostor,23331.0
first_128,128,impostor,17068.0
first_128,128,impostor,20862.0
first_128,128,impostor,21100.0
first_128,128,impostor,21142.0
first_128,128,impostor,20943.0
first_128,128,impostor,20717.0
first_128,128,impostor,18559.0
first_128,128,impostor,20448.0
first_128,128,impostor,16348.0
first_128,128,impostor,24107.0
first_128,128,impostor,32408.0
first_128,128,impostor,69285.0
first_128,128,impostor,36104.0
first_128,128,impostor,28330.0
first_128,128,impostor,45317.0
first_128,128,impostor,13188.0
first_128,128,impostor,16483.0
first_128,128,impostor,15931.0
first_128,128,impostor,14744.0
first_128,128,impostor,23785.0
first_128,128,impostor,21436.0
first_128,128,impostor,33353.0
first_128,128,impostor,24755.0
first_128,128,impostor,32949.0
first_128,128,impostor,18031.0
first_128,128,impostor,25048.0
first_128,128,impostor,15339.0
first_128,128,impostor,16803.0
first_128,128,impostor,20644.0
first_128,128,impostor,24180.0
first_128,128,impostor,22838.0
first_128,128,impostor,10342.0
first_128,128,impostor,19223.0
first_128,128,impostor,17930.0
first_128,128,impostor,26917.0
first_128,128,impostor,21124.0
first_128,128,impostor,21828.0
first_128,128,impostor,16792.0
first_128,128,impostor,15718.0
first_128,128,impostor,10668.0
first_128,128,impostor,14172.0
first_128,128,impostor,10663.0
first_128,128,impostor,9589.0
first_128,128,impostor,12524.0
first_128,128,impostor,16684.0
first_128,128,impostor,14562.0
first_128,128,impostor,16370.0
first_128,128,impostor,25793.0
first_128,128,impostor,16879.0
first_128,128,impostor,17992.0
first_128,128,impostor,11989.0
first_128,128,impostor,13835.0
first_128,128,impostor,14474.0
first_128,128,impostor,16317.0
first_128,128,impostor,14556.0
first_128,128,impostor,34746.0
first_128,128,impostor,44507.0
first_128,128,impostor,31332.0
first_128,128,impostor,44101.0
first_128,128,impostor,27582.0
first_128,128,impostor,31601.0
first_128,128,impostor,31234.0
first_128,128,impostor,35251.0
first_128,128,impostor,32696.0
first_128,128,impostor,26693.0
first_128,128,impostor,35358.0
first_128,128,impostor,32600.0
first_128,128,impostor,46413.0
first_128,128,impostor,42153.0
first_128,128,impostor,47793.0
first_128,128,impostor,35793.0
first_128,128,impostor,37335.0
first_128,128,impostor,38160.0
first_128,128,impostor,35772.0
first_128,128,impostor,36362.0
first_128,128,impostor,30292.0
first_128,128,impostor,30459.0
first_128,128,impostor,28587.0
first_128,128,impostor,35425.0
first_128,128,impostor,36442.0
first_128,128,impostor,29648.0
first_128,128,impostor,39753.0
first_128,128,impostor,24268.0
first_128,128,impostor,66037.0
first_128,128,impostor,29852.0
first_128,128,impostor,43050.0
first_128,128,impostor,34149.0
first_128,128,impostor,26878.0
first_128,128,impostor,26355.0
first_128,128,impostor,29999.0
first_128,128,impostor,25122.0
first_128,128,impostor,35167.0
first_128,128,impostor,34468.0
first_128,128,impostor,37921.0
first_128,128,impostor,40333.0
first_128,128,impostor,13797.0
first_128,128,impostor,30907.0
first_128,128,impostor,19912.0
first_128,128,impostor,22809.0
first_128,128,impostor,29215.0
first_128,128,impostor,27846.0
first_128,128,impostor,21858.0
first_128,128,impostor,22652.0
first_128,128,impostor,31550.0
first_128,128,impostor,29169.0
first_128,128,impostor,31598.0
first_128,128,impostor,21299.0
first_128,128,impostor,24224.0
first_128,128,impostor,35072.0
first_128,128,impostor,34230.0
first_128,128,impostor,30786.0
first_128,128,impostor,32288.0
first_128,128,impostor,22086.0
first_128,128,impostor,28317.0
first_128,128,impostor,25973.0
first_128,128,impostor,26672.0
first_128,128,impostor,32174.0
first_128,128,impostor,30746.0
first_128,128,impostor,29302.0
first_128,128,impostor,15577.0
first_128,128,impostor,25111.0
first_128,128,impostor,19460.0
first_128,128,impostor,26843.0
first_128,128,impostor,31615.0
first_128,128,impostor,32506.0
first_128,128,impostor,29189.0
first_128,128,impostor,26062.0
first_128,128,impostor,36566.0
first_128,128,impostor,42807.0
first_128,128,impostor,34138.0
first_128,128,impostor,42377.0
first_128,128,impostor,30026.0
first_128,128,impostor,34117.0
first_128,128,impostor,35322.0
first_128,128,impostor,36779.0
first_128,128,impostor,35390.0
first_128,128,impostor,28103.0
first_128,128,impostor,36262.0
first_128,128,impostor,31530.0
first_128,128,impostor,46789.0
first_128,128,impostor,44283.0
first_128,128,impostor,48995.0
first_128,128,impostor,36233.0
first_128,128,impostor,36415.0
first_128,128,impostor,37436.0
first_128,128,impostor,32756.0
first_128,128,impostor,37728.0
first_128,128,impostor,32064.0
first_128,128,impostor,30801.0
first_128,128,impostor,29147.0
first_128,128,impostor,35197.0
first_128,128,impostor,36106.0
first_128,128,impostor,28730.0
first_128,128,impostor,40689.0
first_128,128,impostor,24582.0
first_128,128,impostor,65717.0
first_128,128,impostor,30378.0
first_128,128,impostor,42354.0
first_128,128,impostor,35403.0
first_128,128,impostor,28370.0
first_128,128,impostor,28597.0
first_128,128,impostor,32271.0
first_128,128,impostor,26258.0
first_128,128,impostor,35811.0
first_128,128,impostor,35950.0
first_128,128,impostor,38759.0
first_128,128,impostor,43907.0
first_128,128,impostor,14947.0
first_128,128,impostor,32927.0
first_128,128,impostor,22956.0
first_128,128,impostor,26237.0
first_128,128,impostor,31913.0
first_128,128,impostor,30804.0
first_128,128,impostor,26006.0
first_128,128,impostor,28330.0
first_128,128,impostor,32530.0
first_128,128,impostor,31793.0
first_128,128,impostor,35628.0
first_128,128,impostor,25803.0
first_128,128,impostor,24732.0
first_128,128,impostor,39342.0
first_128,128,impostor,33666.0
first_128,128,impostor,30638.0
first_128,128,impostor,31078.0
first_128,128,impostor,24402.0
first_128,128,impostor,27537.0
first_128,128,impostor,26857.0
first_128,128,impostor,28056.0
first_128,128,impostor,33476.0
first_128,128,impostor,31400.0
first_128,128,impostor,26412.0
first_128,128,impostor,19093.0
first_128,128,impostor,28791.0
first_128,128,impostor,20470.0
first_128,128,impostor,29589.0
first_128,128,impostor,33925.0
first_128,128,impostor,33442.0
first_128,128,impostor,34031.0
first_128,128,impostor,27122.0
first_128,128,impostor,23766.0
first_128,128,impostor,22937.0
first_128,128,impostor,33718.0
first_128,128,impostor,24197.0
first_128,128,impostor,27442.0
first_128,128,impostor,24565.0
first_128,128,impostor,24452.0
first_128,128,impostor,22857.0
first_128,128,impostor,21662.0
first_128,128,impostor,19173.0
first_128,128,impostor,18160.0
first_128,128,impostor,22600.0
first_128,128,impostor,15437.0
first_128,128,impostor,18995.0
first_128,128,impostor,20301.0
first_128,128,impostor,25299.0
first_128,128,impostor,32567.0
first_128,128,impostor,21378.0
first_128,128,impostor,36522.0
first_128,128,impostor,32892.0
first_128,128,impostor,22720.0
first_128,128,impostor,23643.0
first_128,128,impostor,21435.0
first_128,128,impostor,15937.0
first_128,128,impostor,21004.0
first_128,128,impostor,21366.0
first_128,128,impostor,33935.0
first_128,128,impostor,54358.0
first_128,128,impostor,76995.0
first_128,128,impostor,41190.0
first_128,128,impostor,23158.0
first_128,128,impostor,46795.0
first_128,128,impostor,26704.0
first_128,128,impostor,27119.0
first_128,128,impostor,19107.0
first_128,128,impostor,30488.0
first_128,128,impostor,25469.0
first_128,128,impostor,18080.0
first_128,128,impostor,40725.0
first_128,128,impostor,22125.0
first_128,128,impostor,51689.0
first_128,128,impostor,29895.0
first_128,128,impostor,41330.0
first_128,128,impostor,31255.0
first_128,128,impostor,32963.0
first_128,128,impostor,31356.0
first_128,128,impostor,37738.0
first_128,128,impostor,35476.0
first_128,128,impostor,22386.0
first_128,128,impostor,33627.0
first_128,128,impostor,24234.0
first_128,128,impostor,39409.0
first_128,128,impostor,33440.0
first_128,128,impostor,24886.0
first_128,128,impostor,20552.0
first_128,128,impostor,22514.0
first_128,128,impostor,19222.0
first_128,128,impostor,31532.0
first_128,128,impostor,18825.0
first_128,128,impostor,20937.0
first_128,128,impostor,24786.0
first_128,128,impostor,29162.0
first_128,128,impostor,24594.0
first_128,128,impostor,23384.0
first_128,128,impostor,43097.0
first_128,128,impostor,30341.0
first_128,128,impostor,33868.0
first_128,128,impostor,23793.0
first_128,128,impostor,24537.0
first_128,128,impostor,23998.0
first_128,128,impostor,31447.0
first_128,128,impostor,24502.0
first_128,128,impostor,22709.0
first_128,128,impostor,27494.0
first_128,128,impostor,34271.0
first_128,128,impostor,32644.0
first_128,128,impostor,26529.0
first_128,128,impostor,22528.0
first_128,128,impostor,24379.0
first_128,128,impostor,25618.0
first_128,128,impostor,23501.0
first_128,128,impostor,20174.0
first_128,128,impostor,19787.0
first_128,128,impostor,24183.0
first_128,128,impostor,17086.0
first_128,128,impostor,20736.0
first_128,128,impostor,23858.0
first_128,128,impostor,26380.0
first_128,128,impostor,32432.0
first_128,128,impostor,22115.0
first_128,128,impostor,32157.0
first_128,128,impostor,29401.0
first_128,128,impostor,23543.0
first_128,128,impostor,22780.0
first_128,128,impostor,23312.0
first_128,128,impostor,15190.0
first_128,128,impostor,23315.0
first_128,128,impostor,22717.0
first_128,128,impostor,28480.0
first_128,128,impostor,51839.0
first_128,128,impostor,77314.0
first_128,128,impostor,43245.0
first_128,128,impostor,24499.0
first_128,128,impostor,49602.0
first_128,128,impostor,27629.0
first_128,128,impostor,30750.0
first_128,128,impostor,21960.0
first_128,128,impostor,32301.0
first_128,128,impostor,27176.0
first_128,128,impostor,17611.0
first_128,128,impostor,42804.0
first_128,128,impostor,22120.0
first_128,128,impostor,50548.0
first_128,128,impostor,32716.0
first_128,128,impostor,40811.0
first_128,128,impostor,30456.0
first_128,128,impostor,30650.0
first_128,128,impostor,33939.0
first_128,128,impostor,37419.0
first_128,128,impostor,35865.0
first_128,128,impostor,24063.0
first_128,128,impostor,37426.0
first_128,128,impostor,28153.0
first_128,128,impostor,41472.0
first_128,128,impostor,32253.0
first_128,128,impostor,24553.0
first_128,128,impostor,20797.0
first_128,128,impostor,22757.0
first_128,128,impostor,20599.0
first_128,128,impostor,31587.0
first_128,128,impostor,21030.0
first_128,128,impostor,21108.0
first_128,128,impostor,22115.0
first_128,128,impostor,30053.0
first_128,128,impostor,26469.0
first_128,128,impostor,23145.0
first_128,128,impostor,43070.0
first_128,128,impostor,30490.0
first_128,128,impostor,34531.0
first_128,128,impostor,21386.0
first_128,128,impostor,23132.0
first_128,128,impostor,27575.0
first_128,128,impostor,35366.0
first_128,128,impostor,26227.0
first_128,128,impostor,26682.0
first_128,128,impostor,25297.0
first_128,128,impostor,33558.0
first_128,128,impostor,30983.0
first_128,128,impostor,24938.0
first_128,128,impostor,22429.0
first_128,128,impostor,25398.0
first_128,128,impostor,25255.0
first_128,128,impostor,23574.0
first_128,128,impostor,20025.0
first_128,128,impostor,20280.0
first_128,128,impostor,25916.0
first_128,128,impostor,15131.0
first_128,128,impostor,17437.0
first_128,128,impostor,18737.0
first_128,128,impostor,25425.0
first_128,128,impostor,33259.0
first_128,128,impostor,23686.0
first_128,128,impostor,32914.0
first_128,128,impostor,32674.0
first_128,128,impostor,19318.0
first_128,128,impostor,21177.0
first_128,128,impostor,20535.0
first_128,128,impostor,13959.0
first_128,128,impostor,23110.0
first_128,128,impostor,18064.0
first_128,128,impostor,26829.0
first_128,128,impostor,50474.0
first_128,128,impostor,77539.0
first_128,128,impostor,41074.0
first_128,128,impostor,25540.0
first_128,128,impostor,48913.0
first_128,128,impostor,27522.0
first_128,128,impostor,30781.0
first_128,128,impostor,22893.0
first_128,128,impostor,32732.0
first_128,128,impostor,30223.0
first_128,128,impostor,16238.0
first_128,128,impostor,42441.0
first_128,128,impostor,22943.0
first_128,128,impostor,49893.0
first_128,128,impostor,34185.0
first_128,128,impostor,41456.0
first_128,128,impostor,32401.0
first_128,128,impostor,31493.0
first_128,128,impostor,36866.0
first_128,128,impostor,39032.0
first_128,128,impostor,33956.0
first_128,128,impostor,21688.0
first_128,128,impostor,36783.0
first_128,128,impostor,29786.0
first_128,128,impostor,43889.0
first_128,128,impostor,33800.0
first_128,128,impostor,26498.0
first_128,128,impostor,21220.0
first_128,128,impostor,22884.0
first_128,128,impostor,21414.0
first_128,128,impostor,29752.0
first_128,128,impostor,18781.0
first_128,128,impostor,22477.0
first_128,128,impostor,22398.0
first_128,128,impostor,30220.0
first_128,128,impostor,27310.0
first_128,128,impostor,25874.0
first_128,128,impostor,42057.0
first_128,128,impostor,32625.0
first_128,128,impostor,33410.0
first_128,128,impostor,22063.0
first_128,128,impostor,22979.0
first_128,128,impostor,26796.0
first_128,128,impostor,30965.0
first_128,128,impostor,23862.0
first_128,128,impostor,22623.0
first_128,128,impostor,30266.0
first_128,128,impostor,30607.0
first_128,128,impostor,31478.0
first_128,128,impostor,20563.0
first_128,128,impostor,25660.0
first_128,128,impostor,26799.0
first_128,128,impostor,30664.0
first_128,128,impostor,23105.0
first_128,128,impostor,24688.0
first_128,128,impostor,25993.0
first_128,128,impostor,23853.0
first_128,128,impostor,27658.0
first_128,128,impostor,23780.0
first_128,128,impostor,27030.0
first_128,128,impostor,17764.0
first_128,128,impostor,34188.0
first_128,128,impostor,21691.0
first_128,128,impostor,33023.0
first_128,128,impostor,26143.0
first_128,128,impostor,20259.0
first_128,128,impostor,17680.0
first_128,128,impostor,18560.0
first_128,128,impostor,14234.0
first_128,128,impostor,24289.0
first_128,128,impostor,23041.0
first_128,128,impostor,32966.0
first_128,128,impostor,45273.0
first_128,128,impostor,67266.0
first_128,128,impostor,34805.0
first_128,128,impostor,21251.0
first_128,128,impostor,40192.0
first_128,128,impostor,25593.0
first_128,128,impostor,31036.0
first_128,128,impostor,23582.0
first_128,128,impostor,28063.0
first_128,128,impostor,20524.0
first_128,128,impostor,15797.0
first_128,128,impostor,31550.0
first_128,128,impostor,18774.0
first_128,128,impostor,45110.0
first_128,128,impostor,30510.0
first_128,128,impostor,35779.0
first_128,128,impostor,25994.0
first_128,128,impostor,24256.0
first_128,128,impostor,33289.0
first_128,128,impostor,36071.0
first_128,128,impostor,32885.0
first_128,128,impostor,21971.0
first_128,128,impostor,30948.0
first_128,128,impostor,28699.0
first_128,128,impostor,37082.0
first_128,128,impostor,25681.0
first_128,128,impostor,27043.0
first_128,128,impostor,21973.0
first_128,128,impostor,24403.0
first_128,128,impostor,19447.0
first_128,128,impostor,28553.0
first_128,128,impostor,21510.0
first_128,128,impostor,21544.0
first_128,128,impostor,17677.0
first_128,128,impostor,29533.0
first_128,128,impostor,23175.0
first_128,128,impostor,25669.0
first_128,128,impostor,37116.0
first_128,128,impostor,27386.0
first_128,128,impostor,30337.0
first_128,128,impostor,20440.0
first_128,128,impostor,26972.0
first_128,128,impostor,29641.0
first_128,128,impostor,28234.0
first_128,128,impostor,22829.0
first_128,128,impostor,14918.0
first_128,128,impostor,19435.0
first_128,128,impostor,22510.0
first_128,128,impostor,14486.0
first_128,128,impostor,30903.0
first_128,128,impostor,30229.0
first_128,128,impostor,33415.0
first_128,128,impostor,18773.0
first_128,128,impostor,21649.0
first_128,128,impostor,22160.0
first_128,128,impostor,25924.0
first_128,128,impostor,23678.0
first_128,128,impostor,21472.0
first_128,128,impostor,22059.0
first_128,128,impostor,22605.0
first_128,128,impostor,16315.0
first_128,128,impostor,24864.0
first_128,128,impostor,24714.0
first_128,128,impostor,34057.0
first_128,128,impostor,37262.0
first_128,128,impostor,74715.0
first_128,128,impostor,39832.0
first_128,128,impostor,22304.0
first_128,128,impostor,47421.0
first_128,128,impostor,14538.0
first_128,128,impostor,27213.0
first_128,128,impostor,18005.0
first_128,128,impostor,23924.0
first_128,128,impostor,24531.0
first_128,128,impostor,22586.0
first_128,128,impostor,35689.0
first_128,128,impostor,23579.0
first_128,128,impostor,37091.0
first_128,128,impostor,22375.0
first_128,128,impostor,32718.0
first_128,128,impostor,22507.0
first_128,128,impostor,23599.0
first_128,128,impostor,26136.0
first_128,128,impostor,33776.0
first_128,128,impostor,30910.0
first_128,128,impostor,15898.0
first_128,128,impostor,24565.0
first_128,128,impostor,16530.0
first_128,128,impostor,27439.0
first_128,128,impostor,22124.0
first_128,128,impostor,14046.0
first_128,128,impostor,15826.0
first_128,128,impostor,19156.0
first_128,128,impostor,15322.0
first_128,128,impostor,23234.0
first_128,128,impostor,15903.0
first_128,128,impostor,16359.0
first_128,128,impostor,15318.0
first_128,128,impostor,19500.0
first_128,128,impostor,22610.0
first_128,128,impostor,19148.0
first_128,128,impostor,29543.0
first_128,128,impostor,21283.0
first_128,128,impostor,25242.0
first_128,128,impostor,15915.0
first_128,128,impostor,21829.0
first_128,128,impostor,23428.0
first_128,128,impostor,21719.0
first_128,128,impostor,19284.0
first_128,128,impostor,23939.0
first_128,128,impostor,23892.0
first_128,128,impostor,17761.0
first_128,128,impostor,26631.0
first_128,128,impostor,17952.0
first_128,128,impostor,21092.0
first_128,128,impostor,20412.0
first_128,128,impostor,26576.0
first_128,128,impostor,30666.0
first_128,128,impostor,28143.0
first_128,128,impostor,40397.0
first_128,128,impostor,30787.0
first_128,128,impostor,29267.0
first_128,128,impostor,33474.0
first_128,128,impostor,28742.0
first_128,128,impostor,24042.0
first_128,128,impostor,17605.0
first_128,128,impostor,25213.0
first_128,128,impostor,22564.0
first_128,128,impostor,51577.0
first_128,128,impostor,81750.0
first_128,128,impostor,41107.0
first_128,128,impostor,28627.0
first_128,128,impostor,47672.0
first_128,128,impostor,27989.0
first_128,128,impostor,27762.0
first_128,128,impostor,28494.0
first_128,128,impostor,32349.0
first_128,128,impostor,35718.0
first_128,128,impostor,31327.0
first_128,128,impostor,45994.0
first_128,128,impostor,28902.0
first_128,128,impostor,51366.0
first_128,128,impostor,33942.0
first_128,128,impostor,38635.0
first_128,128,impostor,29890.0
first_128,128,impostor,29316.0
first_128,128,impostor,31475.0
first_128,128,impostor,34267.0
first_128,128,impostor,34185.0
first_128,128,impostor,24489.0
first_128,128,impostor,28816.0
first_128,128,impostor,26373.0
first_128,128,impostor,38210.0
first_128,128,impostor,35913.0
first_128,128,impostor,25697.0
first_128,128,impostor,21445.0
first_128,128,impostor,21115.0
first_128,128,impostor,21633.0
first_128,128,impostor,33129.0
first_128,128,impostor,20174.0
first_128,128,impostor,24858.0
first_128,128,impostor,27839.0
first_128,128,impostor,27883.0
first_128,128,impostor,28529.0
first_128,128,impostor,25655.0
first_128,128,impostor,41768.0
first_128,128,impostor,30394.0
first_128,128,impostor,28661.0
first_128,128,impostor,21724.0
first_128,128,impostor,17576.0
first_128,128,impostor,18559.0
first_128,128,impostor,24858.0
first_128,128,impostor,20945.0
first_128,128,impostor,26854.0
first_128,128,impostor,26335.0
first_128,128,impostor,30184.0
first_128,128,impostor,25248.0
first_128,128,impostor,43613.0
first_128,128,impostor,34351.0
first_128,128,impostor,44567.0
first_128,128,impostor,24807.0
first_128,128,impostor,24821.0
first_128,128,impostor,29236.0
first_128,128,impostor,31146.0
first_128,128,impostor,26674.0
first_128,128,impostor,23686.0
first_128,128,impostor,22367.0
first_128,128,impostor,22803.0
first_128,128,impostor,30363.0
first_128,128,impostor,33362.0
first_128,128,impostor,24996.0
first_128,128,impostor,35409.0
first_128,128,impostor,27938.0
first_128,128,impostor,65313.0
first_128,128,impostor,39786.0
first_128,128,impostor,34150.0
first_128,128,impostor,46263.0
first_128,128,impostor,19752.0
first_128,128,impostor,24469.0
first_128,128,impostor,21627.0
first_128,128,impostor,20484.0
first_128,128,impostor,30853.0
first_128,128,impostor,26824.0
first_128,128,impostor,35063.0
first_128,128,impostor,30343.0
first_128,128,impostor,35883.0
first_128,128,impostor,19449.0
first_128,128,impostor,26590.0
first_128,128,impostor,22645.0
first_128,128,impostor,25519.0
first_128,128,impostor,28926.0
first_128,128,impostor,27146.0
first_128,128,impostor,27280.0
first_128,128,impostor,24972.0
first_128,128,impostor,27991.0
first_128,128,impostor,24418.0
first_128,128,impostor,28967.0
first_128,128,impostor,18452.0
first_128,128,impostor,26346.0
first_128,128,impostor,22978.0
first_128,128,impostor,22688.0
first_128,128,impostor,26388.0
first_128,128,impostor,20580.0
first_128,128,impostor,25035.0
first_128,128,impostor,20375.0
first_128,128,impostor,16560.0
first_128,128,impostor,25680.0
first_128,128,impostor,19162.0
first_128,128,impostor,21096.0
first_128,128,impostor,26931.0
first_128,128,impostor,21897.0
first_128,128,impostor,24172.0
first_128,128,impostor,25625.0
first_128,128,impostor,27515.0
first_128,128,impostor,28818.0
first_128,128,impostor,23277.0
first_128,128,impostor,24790.0
first_128,128,impostor,22623.0
first_128,128,impostor,25584.0
first_128,128,impostor,23319.0
first_128,128,impostor,29871.0
first_128,128,impostor,25134.0
first_128,128,impostor,25308.0
first_128,128,impostor,20034.0
first_128,128,impostor,31174.0
first_128,128,impostor,39642.0
first_128,128,impostor,30779.0
first_128,128,impostor,47201.0
first_128,128,impostor,33071.0
first_128,128,impostor,32433.0
first_128,128,impostor,36620.0
first_128,128,impostor,28482.0
first_128,128,impostor,26112.0
first_128,128,impostor,22463.0
first_128,128,impostor,23701.0
first_128,128,impostor,24302.0
first_128,128,impostor,53069.0
first_128,128,impostor,87406.0
first_128,128,impostor,48315.0
first_128,128,impostor,37665.0
first_128,128,impostor,55294.0
first_128,128,impostor,29099.0
first_128,128,impostor,29200.0
first_128,128,impostor,29858.0
first_128,128,impostor,33341.0
first_128,128,impostor,36168.0
first_128,128,impostor,31885.0
first_128,128,impostor,52192.0
first_128,128,impostor,31176.0
first_128,128,impostor,51304.0
first_128,128,impostor,33280.0
first_128,128,impostor,40437.0
first_128,128,impostor,28560.0
first_128,128,impostor,28888.0
first_128,128,impostor,30747.0
first_128,128,impostor,37329.0
first_128,128,impostor,35683.0
first_128,128,impostor,25337.0
first_128,128,impostor,27130.0
first_128,128,impostor,22567.0
first_128,128,impostor,38998.0
first_128,128,impostor,32461.0
first_128,128,impostor,28087.0
first_128,128,impostor,22547.0
first_128,128,impostor,19403.0
first_128,128,impostor,25293.0
first_128,128,impostor,33539.0
first_128,128,impostor,22080.0
first_128,128,impostor,26350.0
first_128,128,impostor,27533.0
first_128,128,impostor,31643.0
first_128,128,impostor,30805.0
first_128,128,impostor,32179.0
first_128,128,impostor,39212.0
first_128,128,impostor,30428.0
first_128,128,impostor,29801.0
first_128,128,impostor,23438.0
first_128,128,impostor,20124.0
first_128,128,impostor,22811.0
first_128,128,impostor,29254.0
first_128,128,impostor,18199.0
first_128,128,impostor,15638.0
first_128,128,impostor,15607.0
first_128,128,impostor,23250.0
first_128,128,impostor,19140.0
first_128,128,impostor,28573.0
first_128,128,impostor,23877.0
first_128,128,impostor,29327.0
first_128,128,impostor,18659.0
first_128,128,impostor,20421.0
first_128,128,impostor,19260.0
first_128,128,impostor,22542.0
first_128,128,impostor,22410.0
first_128,128,impostor,19856.0
first_128,128,impostor,21529.0
first_128,128,impostor,20323.0
first_128,128,impostor,18439.0
first_128,128,impostor,18784.0
first_128,128,impostor,15568.0
first_128,128,impostor,24101.0
first_128,128,impostor,31320.0
first_128,128,impostor,74047.0
first_128,128,impostor,37412.0
first_128,128,impostor,30856.0
first_128,128,impostor,42867.0
first_128,128,impostor,17824.0
first_128,128,impostor,17025.0
first_128,128,impostor,18131.0
first_128,128,impostor,19066.0
first_128,128,impostor,22735.0
first_128,128,impostor,20644.0
first_128,128,impostor,39107.0
first_128,128,impostor,20807.0
first_128,128,impostor,32945.0
first_128,128,impostor,18999.0
first_128,128,impostor,22058.0
first_128,128,impostor,13545.0
first_128,128,impostor,17157.0
first_128,128,impostor,23992.0
first_128,128,impostor,26564.0
first_128,128,impostor,23932.0
first_128,128,impostor,17042.0
first_128,128,impostor,14535.0
first_128,128,impostor,14330.0
first_128,128,impostor,25113.0
first_128,128,impostor,16700.0
first_128,128,impostor,18404.0
first_128,128,impostor,16206.0
first_128,128,impostor,14308.0
first_128,128,impostor,14762.0
first_128,128,impostor,18968.0
first_128,128,impostor,13965.0
first_128,128,impostor,16607.0
first_128,128,impostor,13404.0
first_128,128,impostor,16780.0
first_128,128,impostor,14506.0
first_128,128,impostor,14608.0
first_128,128,impostor,23359.0
first_128,128,impostor,13359.0
first_128,128,impostor,16618.0
first_128,128,impostor,14329.0
first_128,128,impostor,14133.0
first_128,128,impostor,17558.0
first_128,128,impostor,13399.0
first_128,128,impostor,11652.0
first_128,128,impostor,17751.0
first_128,128,impostor,15618.0
first_128,128,impostor,16379.0
first_128,128,impostor,20091.0
first_128,128,impostor,22400.0
first_128,128,impostor,22368.0
first_128,128,impostor,24612.0
first_128,128,impostor,21592.0
first_128,128,impostor,24436.0
first_128,128,impostor,21951.0
first_128,128,impostor,27783.0
first_128,128,impostor,23413.0
first_128,128,impostor,21681.0
first_128,128,impostor,22862.0
first_128,128,impostor,21614.0
first_128,128,impostor,21566.0
first_128,128,impostor,18389.0
first_128,128,impostor,19151.0
first_128,128,impostor,19582.0
first_128,128,impostor,37211.0
first_128,128,impostor,75650.0
first_128,128,impostor,38959.0
first_128,128,impostor,28833.0
first_128,128,impostor,48398.0
first_128,128,impostor,18977.0
first_128,128,impostor,18872.0
first_128,128,impostor,19482.0
first_128,128,impostor,23367.0
first_128,128,impostor,27716.0
first_128,128,impostor,24157.0
first_128,128,impostor,40800.0
first_128,128,impostor,21612.0
first_128,128,impostor,36378.0
first_128,128,impostor,23570.0
first_128,128,impostor,26083.0
first_128,128,impostor,17268.0
first_128,128,impostor,21938.0
first_128,128,impostor,23519.0
first_128,128,impostor,27511.0
first_128,128,impostor,25263.0
first_128,128,impostor,16183.0
first_128,128,impostor,22014.0
first_128,128,impostor,20241.0
first_128,128,impostor,30184.0
first_128,128,impostor,23673.0
first_128,128,impostor,17813.0
first_128,128,impostor,17719.0
first_128,128,impostor,13427.0
first_128,128,impostor,14399.0
first_128,128,impostor,21397.0
first_128,128,impostor,13542.0
first_128,128,impostor,17764.0
first_128,128,impostor,16329.0
first_128,128,impostor,20915.0
first_128,128,impostor,18891.0
first_128,128,impostor,20773.0
first_128,128,impostor,26958.0
first_128,128,impostor,17272.0
first_128,128,impostor,19439.0
first_128,128,impostor,14046.0
first_128,128,impostor,13322.0
first_128,128,impostor,15601.0
first_128,128,impostor,15710.0
first_128,128,impostor,13523.0
first_128,128,impostor,11460.0
first_128,128,impostor,18279.0
first_128,128,impostor,17344.0
first_128,128,impostor,18664.0
first_128,128,impostor,27975.0
first_128,128,impostor,25621.0
first_128,128,impostor,28743.0
first_128,128,impostor,23719.0
first_128,128,impostor,25567.0
first_128,128,impostor,26888.0
first_128,128,impostor,31906.0
first_128,128,impostor,22882.0
first_128,128,impostor,24638.0
first_128,128,impostor,25877.0
first_128,128,impostor,25435.0
first_128,128,impostor,17397.0
first_128,128,impostor,21146.0
first_128,128,impostor,18892.0
first_128,128,impostor,30771.0
first_128,128,impostor,42502.0
first_128,128,impostor,74465.0
first_128,128,impostor,37442.0
first_128,128,impostor,23182.0
first_128,128,impostor,44493.0
first_128,128,impostor,13988.0
first_128,128,impostor,23085.0
first_128,128,impostor,20279.0
first_128,128,impostor,22176.0
first_128,128,impostor,28875.0
first_128,128,impostor,24388.0
first_128,128,impostor,35915.0
first_128,128,impostor,24389.0
first_128,128,impostor,40947.0
first_128,128,impostor,21927.0
first_128,128,impostor,27922.0
first_128,128,impostor,18237.0
first_128,128,impostor,20935.0
first_128,128,impostor,21478.0
first_128,128,impostor,27744.0
first_128,128,impostor,24970.0
first_128,128,impostor,17476.0
first_128,128,impostor,19883.0
first_128,128,impostor,20830.0
first_128,128,impostor,26739.0
first_128,128,impostor,22792.0
first_128,128,impostor,19382.0
first_128,128,impostor,15844.0
first_128,128,impostor,15730.0
first_128,128,impostor,16856.0
first_128,128,impostor,19846.0
first_128,128,impostor,17671.0
first_128,128,impostor,19667.0
first_128,128,impostor,17820.0
first_128,128,impostor,18390.0
first_128,128,impostor,24178.0
first_128,128,impostor,19386.0
first_128,128,impostor,30453.0
first_128,128,impostor,18995.0
first_128,128,impostor,23620.0
first_128,128,impostor,14971.0
first_128,128,impostor,20861.0
first_128,128,impostor,21188.0
first_128,128,impostor,24083.0
first_128,128,impostor,19620.0
first_128,128,impostor,21843.0
first_128,128,impostor,17228.0
first_128,128,impostor,21619.0
first_128,128,impostor,26089.0
first_128,128,impostor,23132.0
first_128,128,impostor,25272.0
first_128,128,impostor,22498.0
first_128,128,impostor,26308.0
first_128,128,impostor,32358.0
first_128,128,impostor,28671.0
first_128,128,impostor,35783.0
first_128,128,impostor,27317.0
first_128,128,impostor,24927.0
first_128,128,impostor,28606.0
first_128,128,impostor,21868.0
first_128,128,impostor,24416.0
first_128,128,impostor,19087.0
first_128,128,impostor,19163.0
first_128,128,impostor,16516.0
first_128,128,impostor,43575.0
first_128,128,impostor,80234.0
first_128,128,impostor,43949.0
first_128,128,impostor,33225.0
first_128,128,impostor,49472.0
first_128,128,impostor,22929.0
first_128,128,impostor,17764.0
first_128,128,impostor,21338.0
first_128,128,impostor,26149.0
first_128,128,impostor,33588.0
first_128,128,impostor,27615.0
first_128,128,impostor,42830.0
first_128,128,impostor,27912.0
first_128,128,impostor,42394.0
first_128,128,impostor,22516.0
first_128,128,impostor,29719.0
first_128,128,impostor,21338.0
first_128,128,impostor,22460.0
first_128,128,impostor,25999.0
first_128,128,impostor,28953.0
first_128,128,impostor,27077.0
first_128,128,impostor,19425.0
first_128,128,impostor,18802.0
first_128,128,impostor,20849.0
first_128,128,impostor,34372.0
first_128,128,impostor,32009.0
first_128,128,impostor,23941.0
first_128,128,impostor,18875.0
first_128,128,impostor,16361.0
first_128,128,impostor,17579.0
first_128,128,impostor,23279.0
first_128,128,impostor,16722.0
first_128,128,impostor,18286.0
first_128,128,impostor,23191.0
first_128,128,impostor,24571.0
first_128,128,impostor,26325.0
first_128,128,impostor,24029.0
first_128,128,impostor,36560.0
first_128,128,impostor,21948.0
first_128,128,impostor,21357.0
first_128,128,impostor,16690.0
first_128,128,impostor,13286.0
first_128,128,impostor,13679.0
first_128,128,impostor,23656.0
first_128,128,impostor,19175.0
first_128,128,impostor,24933.0
first_128,128,impostor,21826.0
first_128,128,impostor,28006.0
first_128,128,impostor,24008.0
first_128,128,impostor,22170.0
first_128,128,impostor,23001.0
first_128,128,impostor,23363.0
first_128,128,impostor,15197.0
first_128,128,impostor,21400.0
first_128,128,impostor,16256.0
first_128,128,impostor,31565.0
first_128,128,impostor,39562.0
first_128,128,impostor,72429.0
first_128,128,impostor,38144.0
first_128,128,impostor,26386.0
first_128,128,impostor,45019.0
first_128,128,impostor,16014.0
first_128,128,impostor,23521.0
first_128,128,impostor,14793.0
first_128,128,impostor,19154.0
first_128,128,impostor,24989.0
first_128,128,impostor,22236.0
first_128,128,impostor,39181.0
first_128,128,impostor,23419.0
first_128,128,impostor,39875.0
first_128,128,impostor,19421.0
first_128,128,impostor,30136.0
first_128,128,impostor,17305.0
first_128,128,impostor,18949.0
first_128,128,impostor,20812.0
first_128,128,impostor,30510.0
first_128,128,impostor,23154.0
first_128,128,impostor,15816.0
first_128,128,impostor,20447.0
first_128,128,impostor,13642.0
first_128,128,impostor,27889.0
first_128,128,impostor,21124.0
first_128,128,impostor,15498.0
first_128,128,impostor,13860.0
first_128,128,impostor,12248.0
first_128,128,impostor,17110.0
first_128,128,impostor,20836.0
first_128,128,impostor,14699.0
first_128,128,impostor,15829.0
first_128,128,impostor,12076.0
first_128,128,impostor,17898.0
first_128,128,impostor,21586.0
first_128,128,impostor,18290.0
first_128,128,impostor,29965.0
first_128,128,impostor,21635.0
first_128,128,impostor,24418.0
first_128,128,impostor,14745.0
first_128,128,impostor,18721.0
first_128,128,impostor,22102.0
first_128,128,impostor,19043.0
first_128,128,impostor,15288.0
first_128,128,impostor,24974.0
first_128,128,impostor,19499.0
first_128,128,impostor,20761.0
first_128,128,impostor,26053.0
first_128,128,impostor,20617.0
first_128,128,impostor,19852.0
first_128,128,impostor,20126.0
first_128,128,impostor,21108.0
first_128,128,impostor,19429.0
first_128,128,impostor,13341.0
first_128,128,impostor,22976.0
first_128,128,impostor,31859.0
first_128,128,impostor,70452.0
first_128,128,impostor,37557.0
first_128,128,impostor,27735.0
first_128,128,impostor,41142.0
first_128,128,impostor,19167.0
first_128,128,impostor,12562.0
first_128,128,impostor,12252.0
first_128,128,impostor,21235.0
first_128,128,impostor,22960.0
first_128,128,impostor,22691.0
first_128,128,impostor,38282.0
first_128,128,impostor,27520.0
first_128,128,impostor,35484.0
first_128,128,impostor,21844.0
first_128,128,impostor,24431.0
first_128,128,impostor,16938.0
first_128,128,impostor,21662.0
first_128,128,impostor,26949.0
first_128,128,impostor,28063.0
first_128,128,impostor,23699.0
first_128,128,impostor,12867.0
first_128,128,impostor,19524.0
first_128,128,impostor,18293.0
first_128,128,impostor,27330.0
first_128,128,impostor,23067.0
first_128,128,impostor,23711.0
first_128,128,impostor,18433.0
first_128,128,impostor,14587.0
first_128,128,impostor,14023.0
first_128,128,impostor,16741.0
first_128,128,impostor,7768.0
first_128,128,impostor,14760.0
first_128,128,impostor,16183.0
first_128,128,impostor,18605.0
first_128,128,impostor,17783.0
first_128,128,impostor,14609.0
first_128,128,impostor,26044.0
first_128,128,impostor,16750.0
first_128,128,impostor,17355.0
first_128,128,impostor,14584.0
first_128,128,impostor,14342.0
first_128,128,impostor,16089.0
first_128,128,impostor,17076.0
first_128,128,impostor,10473.0
first_128,128,impostor,28505.0
first_128,128,impostor,21744.0
first_128,128,impostor,30964.0
first_128,128,impostor,22748.0
first_128,128,impostor,25146.0
first_128,128,impostor,24851.0
first_128,128,impostor,23923.0
first_128,128,impostor,20711.0
first_128,128,impostor,17976.0
first_128,128,impostor,17646.0
first_128,128,impostor,26721.0
first_128,128,impostor,42800.0
first_128,128,impostor,72163.0
first_128,128,impostor,37298.0
first_128,128,impostor,23726.0
first_128,128,impostor,46511.0
first_128,128,impostor,18670.0
first_128,128,impostor,23527.0
first_128,128,impostor,17465.0
first_128,128,impostor,22882.0
first_128,128,impostor,30875.0
first_128,128,impostor,21946.0
first_128,128,impostor,41485.0
first_128,128,impostor,27475.0
first_128,128,impostor,48247.0
first_128,128,impostor,26335.0
first_128,128,impostor,35468.0
first_128,128,impostor,24129.0
first_128,128,impostor,21467.0
first_128,128,impostor,24588.0
first_128,128,impostor,30988.0
first_128,128,impostor,28154.0
first_128,128,impostor,15282.0
first_128,128,impostor,30285.0
first_128,128,impostor,20206.0
first_128,128,impostor,33925.0
first_128,128,impostor,22932.0
first_128,128,impostor,21408.0
first_128,128,impostor,15886.0
first_128,128,impostor,16892.0
first_128,128,impostor,17928.0
first_128,128,impostor,24220.0
first_128,128,impostor,13203.0
first_128,128,impostor,16967.0
first_128,128,impostor,19812.0
first_128,128,impostor,25178.0
first_128,128,impostor,22102.0
first_128,128,impostor,20568.0
first_128,128,impostor,31093.0
first_128,128,impostor,26427.0
first_128,128,impostor,25074.0
first_128,128,impostor,14411.0
first_128,128,impostor,18305.0
first_128,128,impostor,19022.0
first_128,128,impostor,23689.0
first_128,128,impostor,17940.0
first_128,128,impostor,18881.0
first_128,128,impostor,18022.0
first_128,128,impostor,22870.0
first_128,128,impostor,20536.0
first_128,128,impostor,20656.0
first_128,128,impostor,22657.0
first_128,128,impostor,21909.0
first_128,128,impostor,18141.0
first_128,128,impostor,22272.0
first_128,128,impostor,19756.0
first_128,128,impostor,32411.0
first_128,128,impostor,37416.0
first_128,128,impostor,69755.0
first_128,128,impostor,36736.0
first_128,128,impostor,24442.0
first_128,128,impostor,44351.0
first_128,128,impostor,13892.0
first_128,128,impostor,22099.0
first_128,128,impostor,14231.0
first_128,128,impostor,17220.0
first_128,128,impostor,25865.0
first_128,128,impostor,22302.0
first_128,128,impostor,37461.0
first_128,128,impostor,21169.0
first_128,128,impostor,35171.0
first_128,128,impostor,19717.0
first_128,128,impostor,30488.0
first_128,128,impostor,22461.0
first_128,128,impostor,19543.0
first_128,128,impostor,20408.0
first_128,128,impostor,26554.0
first_128,128,impostor,27726.0
first_128,128,impostor,15808.0
first_128,128,impostor,25267.0
first_128,128,impostor,18260.0
first_128,128,impostor,22845.0
first_128,128,impostor,21340.0
first_128,128,impostor,17700.0
first_128,128,impostor,13390.0
first_128,128,impostor,16834.0
first_128,128,impostor,14482.0
first_128,128,impostor,19416.0
first_128,128,impostor,16021.0
first_128,128,impostor,13921.0
first_128,128,impostor,14482.0
first_128,128,impostor,14924.0
first_128,128,impostor,20344.0
first_128,128,impostor,16708.0
first_128,128,impostor,27909.0
first_128,128,impostor,22169.0
first_128,128,impostor,21816.0
first_128,128,impostor,15893.0
first_128,128,impostor,19915.0
first_128,128,impostor,21234.0
first_128,128,impostor,23095.0
first_128,128,impostor,17912.0
first_128,128,impostor,36780.0
first_128,128,impostor,29951.0
first_128,128,impostor,44139.0
first_128,128,impostor,38377.0
first_128,128,impostor,22631.0
first_128,128,impostor,27394.0
first_128,128,impostor,24658.0
first_128,128,impostor,16550.0
first_128,128,impostor,21819.0
first_128,128,impostor,23153.0
first_128,128,impostor,28824.0
first_128,128,impostor,56337.0
first_128,128,impostor,79182.0
first_128,128,impostor,48099.0
first_128,128,impostor,31607.0
first_128,128,impostor,53430.0
first_128,128,impostor,34459.0
first_128,128,impostor,31670.0
first_128,128,impostor,27446.0
first_128,128,impostor,35989.0
first_128,128,impostor,34402.0
first_128,128,impostor,23133.0
first_128,128,impostor,49362.0
first_128,128,impostor,22886.0
first_128,128,impostor,57408.0
first_128,128,impostor,36612.0
first_128,128,impostor,44489.0
first_128,128,impostor,35366.0
first_128,128,impostor,36152.0
first_128,128,impostor,39151.0
first_128,128,impostor,39171.0
first_128,128,impostor,37979.0
first_128,128,impostor,27241.0
first_128,128,impostor,36264.0
first_128,128,impostor,32523.0
first_128,128,impostor,42114.0
first_128,128,impostor,39223.0
first_128,128,impostor,24925.0
first_128,128,impostor,23291.0
first_128,128,impostor,26079.0
first_128,128,impostor,26769.0
first_128,128,impostor,38603.0
first_128,128,impostor,25378.0
first_128,128,impostor,26890.0
first_128,128,impostor,31693.0
first_128,128,impostor,34615.0
first_128,128,impostor,30199.0
first_128,128,impostor,31577.0
first_128,128,impostor,48594.0
first_128,128,impostor,35750.0
first_128,128,impostor,34069.0
first_128,128,impostor,24930.0
first_128,128,impostor,24724.0
first_128,128,impostor,25515.0
first_128,128,impostor,36624.0
first_128,128,impostor,26651.0
first_128,128,impostor,33402.0
first_128,128,impostor,28367.0
first_128,128,impostor,44359.0
first_128,128,impostor,34483.0
first_128,128,impostor,20127.0
first_128,128,impostor,25404.0
first_128,128,impostor,20652.0
first_128,128,impostor,16984.0
first_128,128,impostor,19629.0
first_128,128,impostor,22753.0
first_128,128,impostor,25464.0
first_128,128,impostor,56125.0
first_128,128,impostor,79956.0
first_128,128,impostor,44515.0
first_128,128,impostor,29807.0
first_128,128,impostor,50864.0
first_128,128,impostor,30241.0
first_128,128,impostor,32750.0
first_128,128,impostor,27352.0
first_128,128,impostor,29929.0
first_128,128,impostor,30776.0
first_128,128,impostor,21129.0
first_128,128,impostor,47252.0
first_128,128,impostor,18872.0
first_128,128,impostor,54884.0
first_128,128,impostor,33168.0
first_128,128,impostor,40905.0
first_128,128,impostor,31602.0
first_128,128,impostor,30372.0
first_128,128,impostor,30967.0
first_128,128,impostor,36395.0
first_128,128,impostor,33549.0
first_128,128,impostor,28351.0
first_128,128,impostor,34036.0
first_128,128,impostor,27361.0
first_128,128,impostor,37406.0
first_128,128,impostor,32611.0
first_128,128,impostor,23181.0
first_128,128,impostor,22997.0
first_128,128,impostor,21573.0
first_128,128,impostor,26383.0
first_128,128,impostor,34773.0
first_128,128,impostor,25552.0
first_128,128,impostor,25772.0
first_128,128,impostor,24449.0
first_128,128,impostor,32143.0
first_128,128,impostor,31165.0
first_128,128,impostor,29599.0
first_128,128,impostor,42378.0
first_128,128,impostor,30642.0
first_128,128,impostor,33675.0
first_128,128,impostor,24222.0
first_128,128,impostor,23198.0
first_128,128,impostor,26329.0
first_128,128,impostor,31558.0
first_128,128,impostor,24687.0
first_128,128,impostor,43580.0
first_128,128,impostor,35031.0
first_128,128,impostor,52171.0
first_128,128,impostor,40205.0
first_128,128,impostor,25957.0
first_128,128,impostor,29212.0
first_128,128,impostor,23894.0
first_128,128,impostor,16518.0
first_128,128,impostor,24753.0
first_128,128,impostor,27093.0
first_128,128,impostor,25484.0
first_128,128,impostor,60263.0
first_128,128,impostor,87394.0
first_128,128,impostor,49187.0
first_128,128,impostor,34753.0
first_128,128,impostor,58730.0
first_128,128,impostor,38163.0
first_128,128,impostor,37590.0
first_128,128,impostor,33726.0
first_128,128,impostor,36689.0
first_128,128,impostor,34420.0
first_128,128,impostor,23411.0
first_128,128,impostor,50936.0
first_128,128,impostor,26980.0
first_128,128,impostor,56018.0
first_128,128,impostor,38828.0
first_128,128,impostor,45227.0
first_128,128,impostor,36064.0
first_128,128,impostor,34962.0
first_128,128,impostor,37009.0
first_128,128,impostor,40825.0
first_128,128,impostor,40385.0
first_128,128,impostor,31625.0
first_128,128,impostor,35518.0
first_128,128,impostor,31765.0
first_128,128,impostor,44952.0
first_128,128,impostor,39009.0
first_128,128,impostor,28855.0
first_128,128,impostor,24319.0
first_128,128,impostor,25519.0
first_128,128,impostor,26829.0
first_128,128,impostor,40759.0
first_128,128,impostor,30186.0
first_128,128,impostor,29842.0
first_128,128,impostor,31763.0
first_128,128,impostor,35517.0
first_128,128,impostor,34641.0
first_128,128,impostor,34707.0
first_128,128,impostor,47470.0
first_128,128,impostor,35070.0
first_128,128,impostor,35907.0
first_128,128,impostor,27332.0
first_128,128,impostor,27572.0
first_128,128,impostor,28653.0
first_128,128,impostor,35754.0
first_128,128,impostor,28199.0
first_128,128,impostor,23116.0
first_128,128,impostor,22581.0
first_128,128,impostor,31373.0
first_128,128,impostor,23649.0
first_128,128,impostor,18861.0
first_128,128,impostor,16814.0
first_128,128,impostor,18628.0
first_128,128,impostor,18510.0
first_128,128,impostor,25681.0
first_128,128,impostor,20919.0
first_128,128,impostor,28574.0
first_128,128,impostor,41027.0
first_128,128,impostor,68622.0
first_128,128,impostor,31315.0
first_128,128,impostor,14773.0
first_128,128,impostor,34070.0
first_128,128,impostor,20665.0
first_128,128,impostor,24826.0
first_128,128,impostor,20544.0
first_128,128,impostor,24565.0
first_128,128,impostor,16600.0
first_128,128,impostor,20533.0
first_128,128,impostor,26692.0
first_128,128,impostor,16704.0
first_128,128,impostor,40976.0
first_128,128,impostor,24342.0
first_128,128,impostor,30831.0
first_128,128,impostor,21032.0
first_128,128,impostor,21768.0
first_128,128,impostor,26739.0
first_128,128,impostor,27963.0
first_128,128,impostor,27273.0
first_128,128,impostor,18997.0
first_128,128,impostor,24510.0
first_128,128,impostor,22097.0
first_128,128,impostor,29690.0
first_128,128,impostor,22515.0
first_128,128,impostor,17553.0
first_128,128,impostor,19163.0
first_128,128,impostor,17541.0
first_128,128,impostor,20107.0
first_128,128,impostor,24685.0
first_128,128,impostor,18296.0
first_128,128,impostor,20248.0
first_128,128,impostor,18545.0
first_128,128,impostor,22063.0
first_128,128,impostor,21445.0
first_128,128,impostor,18789.0
first_128,128,impostor,30608.0
first_128,128,impostor,20190.0
first_128,128,impostor,26423.0
first_128,128,impostor,20660.0
first_128,128,impostor,20848.0
first_128,128,impostor,22323.0
first_128,128,impostor,21966.0
first_128,128,impostor,21141.0
first_128,128,impostor,27551.0
first_128,128,impostor,24561.0
first_128,128,impostor,34558.0
first_128,128,impostor,41607.0
first_128,128,impostor,77154.0
first_128,128,impostor,38181.0
first_128,128,impostor,32149.0
first_128,128,impostor,44574.0
first_128,128,impostor,18239.0
first_128,128,impostor,25976.0
first_128,128,impostor,20516.0
first_128,128,impostor,21841.0
first_128,128,impostor,31752.0
first_128,128,impostor,28119.0
first_128,128,impostor,38782.0
first_128,128,impostor,27062.0
first_128,128,impostor,41608.0
first_128,128,impostor,24712.0
first_128,128,impostor,31177.0
first_128,128,impostor,26950.0
first_128,128,impostor,25154.0
first_128,128,impostor,23597.0
first_128,128,impostor,30715.0
first_128,128,impostor,26441.0
first_128,128,impostor,20739.0
first_128,128,impostor,30144.0
first_128,128,impostor,24517.0
first_128,128,impostor,31724.0
first_128,128,impostor,28983.0
first_128,128,impostor,18525.0
first_128,128,impostor,19075.0
first_128,128,impostor,23381.0
first_128,128,impostor,23341.0
first_128,128,impostor,23907.0
first_128,128,impostor,21342.0
first_128,128,impostor,23838.0
first_128,128,impostor,20223.0
first_128,128,impostor,22047.0
first_128,128,impostor,21409.0
first_128,128,impostor,19467.0
first_128,128,impostor,32404.0
first_128,128,impostor,20784.0
first_128,128,impostor,22897.0
first_128,128,impostor,19214.0
first_128,128,impostor,22690.0
first_128,128,impostor,24259.0
first_128,128,impostor,21906.0
first_128,128,impostor,22761.0
first_128,128,impostor,22710.0
first_128,128,impostor,17320.0
first_128,128,impostor,33515.0
first_128,128,impostor,45508.0
first_128,128,impostor,70233.0
first_128,128,impostor,39882.0
first_128,128,impostor,30938.0
first_128,128,impostor,46329.0
first_128,128,impostor,22678.0
first_128,128,impostor,26777.0
first_128,128,impostor,14951.0
first_128,128,impostor,20444.0
first_128,128,impostor,28853.0
first_128,128,impostor,23494.0
first_128,128,impostor,38599.0
first_128,128,impostor,29345.0
first_128,128,impostor,45627.0
first_128,128,impostor,26285.0
first_128,128,impostor,37168.0
first_128,128,impostor,27109.0
first_128,128,impostor,21617.0
first_128,128,impostor,24282.0
first_128,128,impostor,30678.0
first_128,128,impostor,25948.0
first_128,128,impostor,16146.0
first_128,128,impostor,31833.0
first_128,128,impostor,22488.0
first_128,128,impostor,36557.0
first_128,128,impostor,25786.0
first_128,128,impostor,24472.0
first_128,128,impostor,17578.0
first_128,128,impostor,20970.0
first_128,128,impostor,16138.0
first_128,128,impostor,25980.0
first_128,128,impostor,12537.0
first_128,128,impostor,16429.0
first_128,128,impostor,15976.0
first_128,128,impostor,24264.0
first_128,128,impostor,18580.0
first_128,128,impostor,20998.0
first_128,128,impostor,32561.0
first_128,128,impostor,24233.0
first_128,128,impostor,28020.0
first_128,128,impostor,20117.0
first_128,128,impostor,18475.0
first_128,128,impostor,24630.0
first_128,128,impostor,23019.0
first_128,128,impostor,19902.0
first_128,128,impostor,31746.0
first_128,128,impostor,25242.0
first_128,128,impostor,38155.0
first_128,128,impostor,32448.0
first_128,128,impostor,76673.0
first_128,128,impostor,45948.0
first_128,128,impostor,40222.0
first_128,128,impostor,54161.0
first_128,128,impostor,22136.0
first_128,128,impostor,25305.0
first_128,128,impostor,19425.0
first_128,128,impostor,23610.0
first_128,128,impostor,30127.0
first_128,128,impostor,27894.0
first_128,128,impostor,42487.0
first_128,128,impostor,34449.0
first_128,128,impostor,35975.0
first_128,128,impostor,23829.0
first_128,128,impostor,31054.0
first_128,128,impostor,24529.0
first_128,128,impostor,29287.0
first_128,128,impostor,31664.0
first_128,128,impostor,35036.0
first_128,128,impostor,27658.0
first_128,128,impostor,20276.0
first_128,128,impostor,29577.0
first_128,128,impostor,25846.0
first_128,128,impostor,32945.0
first_128,128,impostor,28440.0
first_128,128,impostor,31328.0
first_128,128,impostor,25756.0
first_128,128,impostor,21740.0
first_128,128,impostor,20360.0
first_128,128,impostor,23506.0
first_128,128,impostor,17995.0
first_128,128,impostor,18305.0
first_128,128,impostor,19398.0
first_128,128,impostor,26576.0
first_128,128,impostor,19580.0
first_128,128,impostor,18410.0
first_128,128,impostor,28471.0
first_128,128,impostor,22879.0
first_128,128,impostor,26246.0
first_128,128,impostor,20563.0
first_128,128,impostor,26177.0
first_128,128,impostor,27996.0
first_128,128,impostor,26947.0
first_128,128,impostor,21478.0
first_128,128,impostor,23894.0
first_128,128,impostor,24230.0
first_128,128,impostor,28137.0
first_128,128,impostor,41814.0
first_128,128,impostor,75947.0
first_128,128,impostor,41526.0
first_128,128,impostor,28292.0
first_128,128,impostor,46461.0
first_128,128,impostor,17820.0
first_128,128,impostor,29027.0
first_128,128,impostor,20493.0
first_128,128,impostor,23076.0
first_128,128,impostor,35829.0
first_128,128,impostor,27610.0
first_128,128,impostor,37639.0
first_128,128,impostor,28225.0
first_128,128,impostor,41623.0
first_128,128,impostor,20223.0
first_128,128,impostor,28070.0
first_128,128,impostor,21327.0
first_128,128,impostor,13001.0
first_128,128,impostor,22318.0
first_128,128,impostor,23826.0
first_128,128,impostor,19930.0
first_128,128,impostor,17852.0
first_128,128,impostor,26983.0
first_128,128,impostor,22940.0
first_128,128,impostor,31705.0
first_128,128,impostor,22042.0
first_128,128,impostor,22246.0
first_128,128,impostor,19498.0
first_128,128,impostor,21076.0
first_128,128,impostor,16584.0
first_128,128,impostor,23642.0
first_128,128,impostor,19023.0
first_128,128,impostor,16409.0
first_128,128,impostor,18796.0
first_128,128,impostor,21724.0
first_128,128,impostor,21454.0
first_128,128,impostor,23432.0
first_128,128,impostor,30349.0
first_128,128,impostor,23347.0
first_128,128,impostor,23222.0
first_128,128,impostor,13041.0
first_128,128,impostor,22131.0
first_128,128,impostor,20440.0
first_128,128,impostor,22733.0
first_128,128,impostor,21522.0
first_128,128,impostor,23516.0
first_128,128,impostor,16858.0
first_128,128,impostor,26117.0
first_128,128,impostor,34330.0
first_128,128,impostor,74581.0
first_128,128,impostor,39318.0
first_128,128,impostor,26538.0
first_128,128,impostor,43421.0
first_128,128,impostor,18220.0
first_128,128,impostor,20597.0
first_128,128,impostor,14197.0
first_128,128,impostor,22502.0
first_128,128,impostor,20799.0
first_128,128,impostor,13570.0
first_128,128,impostor,33501.0
first_128,128,impostor,16341.0
first_128,128,impostor,38493.0
first_128,128,impostor,21951.0
first_128,128,impostor,27194.0
first_128,128,impostor,19547.0
first_128,128,impostor,22813.0
first_128,128,impostor,26212.0
first_128,128,impostor,28762.0
first_128,128,impostor,22702.0
first_128,128,impostor,18442.0
first_128,128,impostor,25321.0
first_128,128,impostor,21032.0
first_128,128,impostor,26605.0
first_128,128,impostor,22998.0
first_128,128,impostor,17210.0
first_128,128,impostor,17474.0
first_128,128,impostor,15592.0
first_128,128,impostor,19066.0
first_128,128,impostor,19780.0
first_128,128,impostor,19229.0
first_128,128,impostor,15047.0
first_128,128,impostor,16530.0
first_128,128,impostor,23934.0
first_128,128,impostor,17156.0
first_128,128,impostor,19448.0
first_128,128,impostor,30013.0
first_128,128,impostor,17467.0
first_128,128,impostor,23540.0
first_128,128,impostor,17599.0
first_128,128,impostor,19839.0
first_128,128,impostor,19478.0
first_128,128,impostor,19101.0
first_128,128,impostor,16814.0
first_128,128,impostor,28215.0
first_128,128,impostor,18565.0
first_128,128,impostor,30440.0
first_128,128,impostor,33103.0
first_128,128,impostor,71616.0
first_128,128,impostor,39393.0
first_128,128,impostor,23369.0
first_128,128,impostor,43240.0
first_128,128,impostor,21075.0
first_128,128,impostor,22694.0
first_128,128,impostor,17550.0
first_128,128,impostor,24133.0
first_128,128,impostor,18466.0
first_128,128,impostor,14373.0
first_128,128,impostor,27646.0
first_128,128,impostor,18652.0
first_128,128,impostor,36622.0
first_128,128,impostor,23890.0
first_128,128,impostor,26031.0
first_128,128,impostor,17852.0
first_128,128,impostor,22396.0
first_128,128,impostor,28563.0
first_128,128,impostor,28143.0
first_128,128,impostor,24155.0
first_128,128,impostor,18049.0
first_128,128,impostor,23536.0
first_128,128,impostor,24775.0
first_128,128,impostor,29586.0
first_128,128,impostor,22967.0
first_128,128,impostor,19899.0
first_128,128,impostor,20167.0
first_128,128,impostor,17503.0
first_128,128,impostor,19097.0
first_128,128,impostor,17247.0
first_128,128,impostor,18822.0
first_128,128,impostor,17640.0
first_128,128,impostor,18077.0
first_128,128,impostor,21155.0
first_128,128,impostor,19619.0
first_128,128,impostor,18765.0
first_128,128,impostor,29470.0
first_128,128,impostor,16742.0
first_128,128,impostor,22535.0
first_128,128,impostor,19786.0
first_128,128,impostor,24674.0
first_128,128,impostor,25211.0
first_128,128,impostor,18530.0
first_128,128,impostor,18913.0
first_128,128,impostor,23877.0
first_128,128,impostor,20077.0
first_128,128,impostor,27746.0
first_128,128,impostor,35581.0
first_128,128,impostor,75146.0
first_128,128,impostor,39059.0
first_128,128,impostor,25379.0
first_128,128,impostor,47126.0
first_128,128,impostor,18185.0
first_128,128,impostor,20660.0
first_128,128,impostor,19270.0
first_128,128,impostor,18715.0
first_128,128,impostor,21262.0
first_128,128,impostor,14617.0
first_128,128,impostor,32522.0
first_128,128,impostor,16684.0
first_128,128,impostor,34242.0
first_128,128,impostor,23576.0
first_128,128,impostor,24183.0
first_128,128,impostor,19574.0
first_128,128,impostor,25316.0
first_128,128,impostor,27307.0
first_128,128,impostor,30713.0
first_128,128,impostor,27331.0
first_128,128,impostor,19155.0
first_128,128,impostor,23240.0
first_128,128,impostor,22689.0
first_128,128,impostor,27030.0
first_128,128,impostor,23071.0
first_128,128,impostor,20131.0
first_128,128,impostor,19471.0
first_128,128,impostor,17979.0
first_128,128,impostor,19907.0
first_128,128,impostor,20079.0
first_128,128,impostor,19698.0
first_128,128,impostor,16354.0
first_128,128,impostor,16283.0
first_128,128,impostor,20267.0
first_128,128,impostor,21403.0
first_128,128,impostor,21129.0
first_128,128,impostor,27306.0
first_128,128,impostor,17172.0
first_128,128,impostor,20279.0
first_128,128,impostor,16994.0
first_128,128,impostor,23834.0
first_128,128,impostor,23095.0
first_128,128,impostor,23008.0
first_128,128,impostor,17479.0
first_128,128,impostor,22805.0
first_128,128,impostor,18749.0
first_128,128,impostor,29180.0
first_128,128,impostor,41627.0
first_128,128,impostor,76914.0
first_128,128,impostor,37587.0
first_128,128,impostor,21887.0
first_128,128,impostor,45566.0
first_128,128,impostor,19663.0
first_128,128,impostor,30804.0
first_128,128,impostor,18570.0
first_128,128,impostor,26791.0
first_128,128,impostor,23122.0
first_128,128,impostor,12195.0
first_128,128,impostor,37804.0
first_128,128,impostor,16996.0
first_128,128,impostor,41628.0
first_128,128,impostor,26550.0
first_128,128,impostor,32881.0
first_128,128,impostor,24124.0
first_128,128,impostor,22242.0
first_128,128,impostor,29043.0
first_128,128,impostor,32159.0
first_128,128,impostor,28573.0
first_128,128,impostor,17795.0
first_128,128,impostor,23884.0
first_128,128,impostor,21423.0
first_128,128,impostor,30020.0
first_128,128,impostor,23379.0
first_128,128,impostor,17575.0
first_128,128,impostor,17183.0
first_128,128,impostor,18151.0
first_128,128,impostor,14539.0
first_128,128,impostor,23917.0
first_128,128,impostor,17722.0
first_128,128,impostor,17650.0
first_128,128,impostor,16463.0
first_128,128,impostor,22629.0
first_128,128,impostor,21327.0
first_128,128,impostor,20233.0
first_128,128,impostor,33896.0
first_128,128,impostor,23412.0
first_128,128,impostor,28495.0
first_128,128,impostor,14942.0
first_128,128,impostor,22900.0
first_128,128,impostor,22419.0
first_128,128,impostor,26454.0
first_128,128,impostor,18631.0
first_128,128,impostor,23462.0
first_128,128,impostor,21595.0
first_128,128,impostor,22285.0
first_128,128,impostor,23306.0
first_128,128,impostor,28827.0
first_128,128,impostor,21396.0
first_128,128,impostor,44813.0
first_128,128,impostor,23411.0
first_128,128,impostor,45825.0
first_128,128,impostor,26563.0
first_128,128,impostor,31584.0
first_128,128,impostor,25049.0
first_128,128,impostor,21191.0
first_128,128,impostor,23418.0
first_128,128,impostor,28820.0
first_128,128,impostor,26962.0
first_128,128,impostor,18904.0
first_128,128,impostor,24955.0
first_128,128,impostor,23640.0
first_128,128,impostor,31747.0
first_128,128,impostor,26530.0
first_128,128,impostor,22038.0
first_128,128,impostor,20660.0
first_128,128,impostor,20002.0
first_128,128,impostor,15532.0
first_128,128,impostor,27310.0
first_128,128,impostor,16311.0
first_128,128,impostor,16385.0
first_128,128,impostor,20472.0
first_128,128,impostor,25122.0
first_128,128,impostor,23066.0
first_128,128,impostor,20104.0
first_128,128,impostor,30933.0
first_128,128,impostor,23339.0
first_128,128,impostor,24396.0
first_128,128,impostor,15545.0
first_128,128,impostor,16785.0
first_128,128,impostor,17698.0
first_128,128,impostor,24499.0
first_128,128,impostor,15604.0
first_128,128,impostor,17240.0
first_128,128,impostor,15453.0
first_128,128,impostor,14779.0
first_128,128,impostor,18716.0
first_128,128,impostor,23953.0
first_128,128,impostor,20862.0
first_128,128,impostor,36569.0
first_128,128,impostor,24721.0
first_128,128,impostor,39251.0
first_128,128,impostor,21415.0
first_128,128,impostor,27610.0
first_128,128,impostor,15065.0
first_128,128,impostor,16947.0
first_128,128,impostor,22530.0
first_128,128,impostor,28576.0
first_128,128,impostor,21886.0
first_128,128,impostor,16020.0
first_128,128,impostor,19571.0
first_128,128,impostor,20290.0
first_128,128,impostor,29247.0
first_128,128,impostor,19992.0
first_128,128,impostor,22282.0
first_128,128,impostor,15292.0
first_128,128,impostor,13320.0
first_128,128,impostor,18142.0
first_128,128,impostor,17466.0
first_128,128,impostor,12119.0
first_128,128,impostor,12821.0
first_128,128,impostor,15794.0
first_128,128,impostor,20292.0
first_128,128,impostor,17790.0
first_128,128,impostor,15904.0
first_128,128,impostor,29659.0
first_128,128,impostor,18379.0
first_128,128,impostor,19210.0
first_128,128,impostor,15983.0
first_128,128,impostor,14897.0
first_128,128,impostor,19946.0
first_128,128,impostor,21011.0
first_128,128,impostor,13576.0
first_128,128,impostor,29977.0
first_128,128,impostor,25980.0
first_128,128,impostor,27766.0
first_128,128,impostor,32335.0
first_128,128,impostor,34618.0
first_128,128,impostor,25185.0
first_128,128,impostor,43914.0
first_128,128,impostor,32588.0
first_128,128,impostor,47376.0
first_128,128,impostor,29086.0
first_128,128,impostor,36035.0
first_128,128,impostor,26980.0
first_128,128,impostor,23730.0
first_128,128,impostor,29953.0
first_128,128,impostor,29973.0
first_128,128,impostor,28627.0
first_128,128,impostor,27581.0
first_128,128,impostor,27764.0
first_128,128,impostor,27719.0
first_128,128,impostor,39800.0
first_128,128,impostor,31677.0
first_128,128,impostor,31559.0
first_128,128,impostor,23737.0
first_128,128,impostor,21085.0
first_128,128,impostor,25399.0
first_128,128,impostor,29563.0
first_128,128,impostor,23074.0
first_128,128,impostor,21886.0
first_128,128,impostor,27391.0
first_128,128,impostor,31337.0
first_128,128,impostor,29111.0
first_128,128,impostor,26401.0
first_128,128,impostor,38040.0
first_128,128,impostor,26498.0
first_128,128,impostor,24691.0
first_128,128,impostor,20366.0
first_128,128,impostor,14388.0
first_128,128,impostor,19555.0
first_128,128,impostor,26040.0
first_128,128,impostor,19225.0
first_128,128,impostor,33908.0
first_128,128,impostor,32481.0
first_128,128,impostor,36235.0
first_128,128,impostor,33588.0
first_128,128,impostor,42315.0
first_128,128,impostor,43324.0
first_128,128,impostor,38109.0
first_128,128,impostor,46625.0
first_128,128,impostor,23597.0
first_128,128,impostor,34175.0
first_128,128,impostor,19350.0
first_128,128,impostor,29417.0
first_128,128,impostor,34693.0
first_128,128,impostor,41818.0
first_128,128,impostor,30912.0
first_128,128,impostor,31158.0
first_128,128,impostor,34996.0
first_128,128,impostor,34447.0
first_128,128,impostor,36584.0
first_128,128,impostor,24167.0
first_128,128,impostor,24422.0
first_128,128,impostor,41492.0
first_128,128,impostor,40524.0
first_128,128,impostor,35796.0
first_128,128,impostor,34752.0
first_128,128,impostor,28410.0
first_128,128,impostor,31269.0
first_128,128,impostor,33445.0
first_128,128,impostor,30330.0
first_128,128,impostor,37866.0
first_128,128,impostor,30470.0
first_128,128,impostor,34242.0
first_128,128,impostor,16417.0
first_128,128,impostor,33419.0
first_128,128,impostor,21912.0
first_128,128,impostor,33755.0
first_128,128,impostor,37711.0
first_128,128,impostor,37578.0
first_128,128,impostor,33737.0
first_128,128,impostor,32524.0
first_128,128,impostor,69729.0
first_128,128,impostor,74170.0
first_128,128,impostor,70474.0
first_128,128,impostor,71563.0
first_128,128,impostor,69278.0
first_128,128,impostor,77677.0
first_128,128,impostor,58238.0
first_128,128,impostor,72912.0
first_128,128,impostor,66226.0
first_128,128,impostor,69298.0
first_128,128,impostor,72375.0
first_128,128,impostor,69000.0
first_128,128,impostor,73302.0
first_128,128,impostor,76103.0
first_128,128,impostor,72245.0
first_128,128,impostor,73009.0
first_128,128,impostor,71651.0
first_128,128,impostor,71970.0
first_128,128,impostor,74699.0
first_128,128,impostor,71812.0
first_128,128,impostor,68819.0
first_128,128,impostor,76845.0
first_128,128,impostor,72219.0
first_128,128,impostor,72427.0
first_128,128,impostor,74429.0
first_128,128,impostor,71261.0
first_128,128,impostor,69096.0
first_128,128,impostor,70834.0
first_128,128,impostor,68977.0
first_128,128,impostor,73257.0
first_128,128,impostor,73627.0
first_128,128,impostor,72505.0
first_128,128,impostor,74336.0
first_128,128,impostor,75006.0
first_128,128,impostor,74145.0
first_128,128,impostor,75382.0
first_128,128,impostor,74564.0
first_128,128,impostor,77037.0
first_128,128,impostor,72982.0
first_128,128,impostor,77353.0
first_128,128,impostor,34988.0
first_128,128,impostor,41899.0
first_128,128,impostor,38825.0
first_128,128,impostor,37134.0
first_128,128,impostor,35223.0
first_128,128,impostor,37324.0
first_128,128,impostor,22877.0
first_128,128,impostor,37489.0
first_128,128,impostor,39181.0
first_128,128,impostor,43557.0
first_128,128,impostor,28416.0
first_128,128,impostor,36289.0
first_128,128,impostor,36897.0
first_128,128,impostor,37454.0
first_128,128,impostor,28882.0
first_128,128,impostor,28072.0
first_128,128,impostor,34662.0
first_128,128,impostor,42967.0
first_128,128,impostor,41336.0
first_128,128,impostor,34363.0
first_128,128,impostor,27836.0
first_128,128,impostor,41270.0
first_128,128,impostor,36586.0
first_128,128,impostor,36976.0
first_128,128,impostor,36814.0
first_128,128,impostor,36086.0
first_128,128,impostor,33565.0
first_128,128,impostor,37503.0
first_128,128,impostor,37210.0
first_128,128,impostor,41286.0
first_128,128,impostor,41418.0
first_128,128,impostor,37598.0
first_128,128,impostor,23049.0
first_128,128,impostor,41191.0
first_128,128,impostor,31252.0
first_128,128,impostor,34891.0
first_128,128,impostor,39191.0
first_128,128,impostor,40778.0
first_128,128,impostor,39869.0
first_128,128,impostor,36184.0
first_128,128,impostor,22936.0
first_128,128,impostor,33127.0
first_128,128,impostor,28335.0
first_128,128,impostor,32224.0
first_128,128,impostor,22611.0
first_128,128,impostor,23612.0
first_128,128,impostor,27205.0
first_128,128,impostor,22521.0
first_128,128,impostor,49507.0
first_128,128,impostor,31883.0
first_128,128,impostor,40166.0
first_128,128,impostor,29013.0
first_128,128,impostor,30537.0
first_128,128,impostor,32648.0
first_128,128,impostor,35772.0
first_128,128,impostor,35956.0
first_128,128,impostor,24296.0
first_128,128,impostor,34863.0
first_128,128,impostor,30576.0
first_128,128,impostor,38355.0
first_128,128,impostor,31064.0
first_128,128,impostor,24180.0
first_128,128,impostor,23148.0
first_128,128,impostor,26342.0
first_128,128,impostor,22560.0
first_128,128,impostor,29234.0
first_128,128,impostor,26521.0
first_128,128,impostor,26523.0
first_128,128,impostor,26570.0
first_128,128,impostor,27708.0
first_128,128,impostor,28018.0
first_128,128,impostor,23974.0
first_128,128,impostor,40389.0
first_128,128,impostor,31617.0
first_128,128,impostor,34478.0
first_128,128,impostor,24839.0
first_128,128,impostor,30697.0
first_128,128,impostor,28510.0
first_128,128,impostor,34281.0
first_128,128,impostor,31226.0
first_128,128,impostor,43039.0
first_128,128,impostor,41748.0
first_128,128,impostor,46106.0
first_128,128,impostor,44255.0
first_128,128,impostor,39152.0
first_128,128,impostor,48171.0
first_128,128,impostor,30942.0
first_128,128,impostor,44378.0
first_128,128,impostor,40022.0
first_128,128,impostor,44480.0
first_128,128,impostor,44205.0
first_128,128,impostor,41370.0
first_128,128,impostor,41862.0
first_128,128,impostor,46219.0
first_128,128,impostor,40029.0
first_128,128,impostor,40679.0
first_128,128,impostor,45513.0
first_128,128,impostor,45170.0
first_128,128,impostor,48105.0
first_128,128,impostor,46274.0
first_128,128,impostor,43577.0
first_128,128,impostor,45353.0
first_128,128,impostor,43357.0
first_128,128,impostor,43469.0
first_128,128,impostor,47617.0
first_128,128,impostor,41861.0
first_128,128,impostor,41500.0
first_128,128,impostor,42718.0
first_128,128,impostor,41313.0
first_128,128,impostor,46013.0
first_128,128,impostor,44009.0
first_128,128,impostor,42713.0
first_128,128,impostor,45816.0
first_128,128,impostor,45476.0
first_128,128,impostor,41295.0
first_128,128,impostor,42618.0
first_128,128,impostor,44170.0
first_128,128,impostor,43239.0
first_128,128,impostor,43930.0
first_128,128,impostor,43485.0
first_128,128,impostor,31153.0
first_128,128,impostor,12843.0
first_128,128,impostor,24008.0
first_128,128,impostor,12987.0
first_128,128,impostor,18173.0
first_128,128,impostor,17852.0
first_128,128,impostor,25758.0
first_128,128,impostor,20190.0
first_128,128,impostor,14886.0
first_128,128,impostor,18527.0
first_128,128,impostor,14546.0
first_128,128,impostor,19657.0
first_128,128,impostor,16948.0
first_128,128,impostor,14762.0
first_128,128,impostor,13536.0
first_128,128,impostor,14746.0
first_128,128,impostor,15110.0
first_128,128,impostor,11494.0
first_128,128,impostor,15325.0
first_128,128,impostor,11457.0
first_128,128,impostor,10804.0
first_128,128,impostor,14630.0
first_128,128,impostor,17950.0
first_128,128,impostor,14420.0
first_128,128,impostor,23951.0
first_128,128,impostor,14131.0
first_128,128,impostor,17138.0
first_128,128,impostor,12143.0
first_128,128,impostor,21379.0
first_128,128,impostor,16310.0
first_128,128,impostor,18635.0
first_128,128,impostor,16908.0
first_128,128,impostor,32320.0
first_128,128,impostor,17824.0
first_128,128,impostor,20943.0
first_128,128,impostor,13606.0
first_128,128,impostor,21398.0
first_128,128,impostor,21405.0
first_128,128,impostor,24829.0
first_128,128,impostor,21445.0
first_128,128,impostor,17507.0
first_128,128,impostor,18966.0
first_128,128,impostor,20613.0
first_128,128,impostor,23622.0
first_128,128,impostor,23523.0
first_128,128,impostor,23117.0
first_128,128,impostor,20719.0
first_128,128,impostor,16177.0
first_128,128,impostor,19369.0
first_128,128,impostor,14583.0
first_128,128,impostor,15848.0
first_128,128,impostor,14778.0
first_128,128,impostor,17263.0
first_128,128,impostor,16043.0
first_128,128,impostor,16769.0
first_128,128,impostor,17047.0
first_128,128,impostor,25820.0
first_128,128,impostor,12852.0
first_128,128,impostor,13751.0
first_128,128,impostor,17236.0
first_128,128,impostor,17812.0
first_128,128,impostor,15111.0
first_128,128,impostor,16952.0
first_128,128,impostor,15701.0
first_128,128,impostor,40246.0
first_128,128,impostor,18660.0
first_128,128,impostor,29771.0
first_128,128,impostor,19720.0
first_128,128,impostor,20122.0
first_128,128,impostor,24653.0
first_128,128,impostor,28633.0
first_128,128,impostor,25213.0
first_128,128,impostor,13639.0
first_128,128,impostor,23988.0
first_128,128,impostor,16299.0
first_128,128,impostor,30148.0
first_128,128,impostor,23397.0
first_128,128,impostor,17935.0
first_128,128,impostor,14815.0
first_128,128,impostor,15183.0
first_128,128,impostor,13827.0
first_128,128,impostor,19601.0
first_128,128,impostor,10636.0
first_128,128,impostor,11504.0
first_128,128,impostor,14301.0
first_128,128,impostor,20347.0
first_128,128,impostor,13733.0
first_128,128,impostor,15007.0
first_128,128,impostor,28520.0
first_128,128,impostor,19126.0
first_128,128,impostor,21261.0
first_128,128,impostor,14532.0
first_128,128,impostor,16666.0
first_128,128,impostor,19613.0
first_128,128,impostor,19406.0
first_128,128,impostor,15961.0
first_128,128,impostor,29755.0
first_128,128,impostor,14689.0
first_128,128,impostor,20936.0
first_128,128,impostor,17645.0
first_128,128,impostor,16853.0
first_128,128,impostor,17922.0
first_128,128,impostor,23534.0
first_128,128,impostor,20476.0
first_128,128,impostor,17074.0
first_128,128,impostor,20469.0
first_128,128,impostor,20246.0
first_128,128,impostor,23115.0
first_128,128,impostor,21200.0
first_128,128,impostor,21110.0
first_128,128,impostor,18694.0
first_128,128,impostor,16770.0
first_128,128,impostor,18536.0
first_128,128,impostor,14572.0
first_128,128,impostor,17215.0
first_128,128,impostor,12411.0
first_128,128,impostor,12662.0
first_128,128,impostor,16588.0
first_128,128,impostor,17976.0
first_128,128,impostor,16840.0
first_128,128,impostor,21665.0
first_128,128,impostor,16237.0
first_128,128,impostor,14688.0
first_128,128,impostor,15499.0
first_128,128,impostor,20613.0
first_128,128,impostor,22134.0
first_128,128,impostor,19501.0
first_128,128,impostor,18232.0
first_128,128,impostor,43072.0
first_128,128,impostor,28220.0
first_128,128,impostor,33117.0
first_128,128,impostor,21348.0
first_128,128,impostor,29478.0
first_128,128,impostor,28245.0
first_128,128,impostor,34731.0
first_128,128,impostor,31495.0
first_128,128,impostor,23309.0
first_128,128,impostor,26036.0
first_128,128,impostor,22797.0
first_128,128,impostor,33178.0
first_128,128,impostor,29877.0
first_128,128,impostor,24325.0
first_128,128,impostor,27651.0
first_128,128,impostor,19449.0
first_128,128,impostor,23607.0
first_128,128,impostor,23255.0
first_128,128,impostor,22716.0
first_128,128,impostor,22284.0
first_128,128,impostor,19333.0
first_128,128,impostor,24063.0
first_128,128,impostor,22645.0
first_128,128,impostor,19911.0
first_128,128,impostor,32598.0
first_128,128,impostor,19964.0
first_128,128,impostor,30173.0
first_128,128,impostor,25616.0
first_128,128,impostor,24388.0
first_128,128,impostor,28675.0
first_128,128,impostor,22854.0
first_128,128,impostor,21191.0
first_128,128,impostor,44023.0
first_128,128,impostor,26863.0
first_128,128,impostor,33186.0
first_128,128,impostor,26861.0
first_128,128,impostor,24691.0
first_128,128,impostor,26856.0
first_128,128,impostor,31832.0
first_128,128,impostor,30392.0
first_128,128,impostor,20034.0
first_128,128,impostor,28019.0
first_128,128,impostor,24044.0
first_128,128,impostor,33105.0
first_128,128,impostor,25498.0
first_128,128,impostor,22676.0
first_128,128,impostor,19888.0
first_128,128,impostor,19768.0
first_128,128,impostor,21058.0
first_128,128,impostor,24454.0
first_128,128,impostor,19927.0
first_128,128,impostor,15997.0
first_128,128,impostor,18676.0
first_128,128,impostor,27260.0
first_128,128,impostor,21340.0
first_128,128,impostor,19068.0
first_128,128,impostor,31331.0
first_128,128,impostor,21217.0
first_128,128,impostor,27786.0
first_128,128,impostor,19047.0
first_128,128,impostor,22765.0
first_128,128,impostor,23962.0
first_128,128,impostor,26535.0
first_128,128,impostor,18986.0
first_128,128,impostor,37362.0
first_128,128,impostor,36990.0
first_128,128,impostor,31111.0
first_128,128,impostor,30510.0
first_128,128,impostor,35580.0
first_128,128,impostor,38189.0
first_128,128,impostor,31121.0
first_128,128,impostor,32483.0
first_128,128,impostor,36033.0
first_128,128,impostor,38490.0
first_128,128,impostor,40243.0
first_128,128,impostor,35378.0
first_128,128,impostor,30721.0
first_128,128,impostor,37483.0
first_128,128,impostor,35257.0
first_128,128,impostor,35351.0
first_128,128,impostor,35643.0
first_128,128,impostor,30615.0
first_128,128,impostor,36148.0
first_128,128,impostor,32916.0
first_128,128,impostor,30399.0
first_128,128,impostor,35017.0
first_128,128,impostor,37799.0
first_128,128,impostor,35175.0
first_128,128,impostor,32674.0
first_128,128,impostor,35136.0
first_128,128,impostor,31921.0
first_128,128,impostor,37386.0
first_128,128,impostor,40346.0
first_128,128,impostor,43061.0
first_128,128,impostor,36470.0
first_128,128,impostor,40459.0
first_128,128,impostor,47528.0
first_128,128,impostor,25678.0
first_128,128,impostor,33685.0
first_128,128,impostor,24944.0
first_128,128,impostor,27264.0
first_128,128,impostor,31847.0
first_128,128,impostor,36661.0
first_128,128,impostor,31091.0
first_128,128,impostor,22393.0
first_128,128,impostor,28894.0
first_128,128,impostor,25337.0
first_128,128,impostor,29812.0
first_128,128,impostor,27011.0
first_128,128,impostor,18081.0
first_128,128,impostor,19669.0
first_128,128,impostor,20389.0
first_128,128,impostor,24797.0
first_128,128,impostor,26915.0
first_128,128,impostor,22526.0
first_128,128,impostor,23700.0
first_128,128,impostor,22463.0
first_128,128,impostor,23535.0
first_128,128,impostor,23293.0
first_128,128,impostor,28027.0
first_128,128,impostor,38796.0
first_128,128,impostor,23744.0
first_128,128,impostor,29223.0
first_128,128,impostor,19662.0
first_128,128,impostor,25896.0
first_128,128,impostor,24283.0
first_128,128,impostor,27918.0
first_128,128,impostor,23809.0
first_128,128,impostor,38675.0
first_128,128,impostor,30620.0
first_128,128,impostor,39271.0
first_128,128,impostor,26808.0
first_128,128,impostor,28229.0
first_128,128,impostor,42119.0
first_128,128,impostor,41755.0
first_128,128,impostor,37083.0
first_128,128,impostor,34617.0
first_128,128,impostor,27351.0
first_128,128,impostor,34870.0
first_128,128,impostor,30926.0
first_128,128,impostor,29427.0
first_128,128,impostor,35025.0
first_128,128,impostor,36223.0
first_128,128,impostor,33539.0
first_128,128,impostor,20464.0
first_128,128,impostor,32482.0
first_128,128,impostor,22109.0
first_128,128,impostor,34550.0
first_128,128,impostor,39552.0
first_128,128,impostor,42699.0
first_128,128,impostor,33976.0
first_128,128,impostor,34841.0
first_128,128,impostor,20149.0
first_128,128,impostor,19688.0
first_128,128,impostor,18207.0
first_128,128,impostor,23102.0
first_128,128,impostor,22213.0
first_128,128,impostor,20333.0
first_128,128,impostor,18109.0
first_128,128,impostor,17807.0
first_128,128,impostor,19155.0
first_128,128,impostor,15349.0
first_128,128,impostor,20234.0
first_128,128,impostor,12056.0
first_128,128,impostor,17749.0
first_128,128,impostor,19829.0
first_128,128,impostor,21205.0
first_128,128,impostor,17733.0
first_128,128,impostor,28674.0
first_128,128,impostor,17144.0
first_128,128,impostor,15765.0
first_128,128,impostor,15608.0
first_128,128,impostor,21030.0
first_128,128,impostor,18265.0
first_128,128,impostor,18642.0
first_128,128,impostor,23625.0
first_128,128,impostor,25766.0
first_128,128,impostor,20411.0
first_128,128,impostor,28048.0
first_128,128,impostor,21389.0
first_128,128,impostor,18180.0
first_128,128,impostor,29026.0
first_128,128,impostor,29568.0
first_128,128,impostor,24580.0
first_128,128,impostor,25604.0
first_128,128,impostor,19278.0
first_128,128,impostor,24771.0
first_128,128,impostor,22425.0
first_128,128,impostor,21404.0
first_128,128,impostor,25628.0
first_128,128,impostor,27060.0
first_128,128,impostor,26396.0
first_128,128,impostor,13305.0
first_128,128,impostor,21447.0
first_128,128,impostor,14400.0
first_128,128,impostor,23117.0
first_128,128,impostor,28203.0
first_128,128,impostor,28010.0
first_128,128,impostor,23197.0
first_128,128,impostor,21672.0
first_128,128,impostor,16513.0
first_128,128,impostor,15150.0
first_128,128,impostor,15845.0
first_128,128,impostor,20288.0
first_128,128,impostor,17111.0
first_128,128,impostor,19625.0
first_128,128,impostor,19859.0
first_128,128,impostor,11189.0
first_128,128,impostor,16841.0
first_128,128,impostor,12887.0
first_128,128,impostor,16196.0
first_128,128,impostor,12394.0
first_128,128,impostor,15269.0
first_128,128,impostor,16599.0
first_128,128,impostor,17469.0
first_128,128,impostor,14329.0
first_128,128,impostor,22560.0
first_128,128,impostor,9682.0
first_128,128,impostor,13363.0
first_128,128,impostor,15828.0
first_128,128,impostor,18058.0
first_128,128,impostor,17507.0
first_128,128,impostor,13262.0
first_128,128,impostor,15225.0
first_128,128,impostor,19149.0
first_128,128,impostor,18580.0
first_128,128,impostor,21191.0
first_128,128,impostor,24482.0
first_128,128,impostor,17967.0
first_128,128,impostor,21489.0
first_128,128,impostor,17899.0
first_128,128,impostor,17747.0
first_128,128,impostor,18717.0
first_128,128,impostor,17409.0
first_128,128,impostor,17370.0
first_128,128,impostor,14034.0
first_128,128,impostor,16605.0
first_128,128,impostor,18691.0
first_128,128,impostor,20511.0
first_128,128,impostor,20929.0
first_128,128,impostor,23990.0
first_128,128,impostor,20418.0
first_128,128,impostor,17497.0
first_128,128,impostor,12100.0
first_128,128,impostor,18884.0
first_128,128,impostor,21273.0
first_128,128,impostor,22746.0
first_128,128,impostor,18039.0
first_128,128,impostor,23820.0
first_128,128,impostor,24729.0
first_128,128,impostor,22442.0
first_128,128,impostor,25855.0
first_128,128,impostor,25184.0
first_128,128,impostor,23132.0
first_128,128,impostor,21808.0
first_128,128,impostor,18324.0
first_128,128,impostor,22686.0
first_128,128,impostor,20158.0
first_128,128,impostor,24477.0
first_128,128,impostor,17927.0
first_128,128,impostor,19564.0
first_128,128,impostor,21754.0
first_128,128,impostor,25430.0
first_128,128,impostor,22520.0
first_128,128,impostor,26737.0
first_128,128,impostor,20503.0
first_128,128,impostor,21556.0
first_128,128,impostor,17741.0
first_128,128,impostor,22805.0
first_128,128,impostor,23950.0
first_128,128,impostor,24651.0
first_128,128,impostor,21054.0
first_128,128,impostor,28434.0
first_128,128,impostor,25963.0
first_128,128,impostor,28324.0
first_128,128,impostor,25903.0
first_128,128,impostor,21658.0
first_128,128,impostor,29526.0
first_128,128,impostor,27072.0
first_128,128,impostor,24798.0
first_128,128,impostor,25194.0
first_128,128,impostor,18176.0
first_128,128,impostor,28415.0
first_128,128,impostor,21493.0
first_128,128,impostor,25942.0
first_128,128,impostor,26860.0
first_128,128,impostor,27864.0
first_128,128,impostor,27710.0
first_128,128,impostor,20979.0
first_128,128,impostor,26525.0
first_128,128,impostor,18512.0
first_128,128,impostor,21937.0
first_128,128,impostor,24271.0
first_128,128,impostor,26568.0
first_128,128,impostor,27203.0
first_128,128,impostor,23366.0
first_128,128,impostor,22240.0
first_128,128,impostor,24565.0
first_128,128,impostor,25148.0
first_128,128,impostor,21923.0
first_128,128,impostor,19372.0
first_128,128,impostor,26544.0
first_128,128,impostor,24284.0
first_128,128,impostor,19746.0
first_128,128,impostor,24110.0
first_128,128,impostor,17012.0
first_128,128,impostor,21241.0
first_128,128,impostor,17595.0
first_128,128,impostor,21506.0
first_128,128,impostor,22382.0
first_128,128,impostor,25478.0
first_128,128,impostor,23074.0
first_128,128,impostor,19259.0
first_128,128,impostor,20771.0
first_128,128,impostor,17092.0
first_128,128,impostor,16207.0
first_128,128,impostor,25133.0
first_128,128,impostor,22902.0
first_128,128,impostor,21361.0
first_128,128,impostor,18502.0
first_128,128,impostor,11722.0
first_128,128,impostor,17492.0
first_128,128,impostor,8289.0
first_128,128,impostor,11759.0
first_128,128,impostor,14020.0
first_128,128,impostor,15654.0
first_128,128,impostor,16270.0
first_128,128,impostor,14910.0
first_128,128,impostor,25353.0
first_128,128,impostor,17711.0
first_128,128,impostor,19960.0
first_128,128,impostor,13213.0
first_128,128,impostor,16469.0
first_128,128,impostor,14468.0
first_128,128,impostor,14957.0
first_128,128,impostor,14732.0
first_128,128,impostor,19441.0
first_128,128,impostor,15885.0
first_128,128,impostor,19322.0
first_128,128,impostor,16946.0
first_128,128,impostor,17553.0
first_128,128,impostor,16181.0
first_128,128,impostor,22591.0
first_128,128,impostor,19695.0
first_128,128,impostor,28290.0
first_128,128,impostor,14362.0
first_128,128,impostor,20159.0
first_128,128,impostor,19082.0
first_128,128,impostor,21296.0
first_128,128,impostor,19643.0
first_128,128,impostor,15472.0
first_128,128,impostor,17003.0
first_128,128,impostor,15642.0
first_128,128,impostor,20490.0
first_128,128,impostor,15531.0
first_128,128,impostor,14583.0
first_128,128,impostor,14842.0
first_128,128,impostor,17112.0
first_128,128,impostor,17864.0
first_128,128,impostor,15092.0
first_128,128,impostor,26731.0
first_128,128,impostor,17853.0
first_128,128,impostor,21794.0
first_128,128,impostor,16087.0
first_128,128,impostor,16905.0
first_128,128,impostor,18292.0
first_128,128,impostor,15675.0
first_128,128,impostor,14588.0
first_128,128,impostor,31513.0
first_128,128,impostor,20073.0
first_128,128,impostor,27000.0
first_128,128,impostor,24138.0
first_128,128,impostor,23351.0
first_128,128,impostor,24227.0
first_128,128,impostor,27051.0
first_128,128,impostor,28047.0
first_128,128,impostor,18064.0
first_128,128,impostor,21074.0
first_128,128,impostor,18993.0
first_128,128,impostor,23486.0
first_128,128,impostor,30170.0
first_128,128,impostor,28041.0
first_128,128,impostor,27488.0
first_128,128,impostor,26465.0
first_128,128,impostor,21124.0
first_128,128,impostor,18392.0
first_128,128,impostor,19227.0
first_128,128,impostor,18387.0
first_128,128,impostor,17598.0
first_128,128,impostor,22898.0
first_128,128,impostor,19478.0
first_128,128,impostor,19760.0
first_128,128,impostor,13363.0
first_128,128,impostor,19691.0
first_128,128,impostor,17642.0
first_128,128,impostor,18785.0
first_128,128,impostor,22893.0
first_128,128,impostor,26712.0
first_128,128,impostor,22133.0
first_128,128,impostor,17108.0
first_128,128,impostor,17526.0
first_128,128,impostor,23858.0
first_128,128,impostor,19223.0
first_128,128,impostor,18939.0
first_128,128,impostor,17006.0
first_128,128,impostor,18612.0
first_128,128,impostor,20060.0
first_128,128,impostor,20396.0
first_128,128,impostor,30229.0
first_128,128,impostor,18481.0
first_128,128,impostor,24392.0
first_128,128,impostor,15361.0
first_128,128,impostor,20271.0
first_128,128,impostor,18694.0
first_128,128,impostor,19679.0
first_128,128,impostor,18308.0
first_128,128,impostor,16324.0
first_128,128,impostor,20280.0
first_128,128,impostor,14917.0
first_128,128,impostor,14127.0
first_128,128,impostor,17510.0
first_128,128,impostor,15422.0
first_128,128,impostor,16242.0
first_128,128,impostor,14238.0
first_128,128,impostor,29731.0
first_128,128,impostor,16639.0
first_128,128,impostor,18696.0
first_128,128,impostor,14093.0
first_128,128,impostor,17325.0
first_128,128,impostor,15192.0
first_128,128,impostor,19237.0
first_128,128,impostor,17286.0
first_128,128,impostor,14254.0
first_128,128,impostor,16010.0
first_128,128,impostor,11895.0
first_128,128,impostor,11423.0
first_128,128,impostor,13574.0
first_128,128,impostor,15176.0
first_128,128,impostor,16006.0
first_128,128,impostor,12034.0
first_128,128,impostor,26377.0
first_128,128,impostor,13131.0
first_128,128,impostor,19432.0
first_128,128,impostor,13153.0
first_128,128,impostor,12119.0
first_128,128,impostor,15958.0
first_128,128,impostor,15187.0
first_128,128,impostor,11882.0
first_128,128,impostor,26685.0
first_128,128,impostor,17763.0
first_128,128,impostor,20558.0
first_128,128,impostor,10559.0
first_128,128,impostor,16173.0
first_128,128,impostor,14380.0
first_128,128,impostor,17087.0
first_128,128,impostor,13796.0
first_128,128,impostor,22397.0
first_128,128,impostor,14791.0
first_128,128,impostor,15120.0
first_128,128,impostor,15773.0
first_128,128,impostor,21263.0
first_128,128,impostor,20116.0
first_128,128,impostor,15625.0
first_128,128,impostor,18406.0
first_128,128,impostor,23102.0
first_128,128,impostor,17570.0
first_128,128,impostor,16321.0
first_128,128,impostor,10982.0
first_128,128,impostor,12240.0
first_128,128,impostor,14589.0
first_128,128,impostor,15046.0
first_128,128,impostor,10769.0
first_128,128,impostor,22960.0
first_128,128,impostor,15122.0
first_128,128,impostor,15541.0
first_128,128,impostor,11114.0
first_128,128,impostor,16026.0
first_128,128,impostor,14523.0
first_128,128,impostor,15660.0
first_128,128,impostor,14567.0
first_128,128,impostor,22549.0
first_128,128,impostor,16009.0
first_128,128,impostor,20100.0
first_128,128,impostor,13667.0
first_128,128,impostor,16945.0
first_128,128,impostor,20200.0
first_128,128,impostor,15887.0
first_128,128,impostor,13120.0
first_128,128,impostor,28955.0
first_128,128,impostor,17357.0
first_128,128,impostor,18474.0
first_128,128,impostor,14361.0
first_128,128,impostor,23195.0
first_128,128,impostor,18968.0
first_128,128,impostor,17621.0
first_128,128,impostor,19762.0
first_128,128,impostor,27419.0
first_128,128,impostor,17107.0
first_128,128,impostor,20642.0
first_128,128,impostor,14991.0
first_128,128,impostor,18471.0
first_128,128,impostor,18282.0
first_128,128,impostor,18829.0
first_128,128,impostor,17186.0
first_128,128,impostor,25425.0
first_128,128,impostor,13319.0
first_128,128,impostor,19082.0
first_128,128,impostor,17345.0
first_128,128,impostor,17999.0
first_128,128,impostor,17366.0
first_128,128,impostor,17787.0
first_128,128,impostor,15800.0
first_512,512,genuine,20148.0
first_512,512,genuine,20337.0
first_512,512,genuine,22688.0
first_512,512,genuine,22071.0
first_512,512,genuine,24887.0
first_512,512,genuine,21768.0
first_512,512,genuine,23509.0
first_512,512,genuine,27345.0
first_512,512,genuine,29948.0
first_512,512,genuine,20163.0
first_512,512,genuine,22347.0
first_512,512,genuine,20586.0
first_512,512,genuine,20951.0
first_512,512,genuine,12401.0
first_512,512,genuine,31540.0
first_512,512,genuine,34414.0
first_512,512,genuine,31317.0
first_512,512,genuine,32270.0
first_512,512,genuine,33599.0
first_512,512,genuine,36797.0
first_512,512,genuine,33142.0
first_512,512,genuine,34601.0
first_512,512,genuine,17850.0
first_512,512,genuine,17009.0
first_512,512,genuine,19906.0
first_512,512,genuine,15249.0
first_512,512,genuine,18776.0
first_512,512,genuine,17559.0
first_512,512,genuine,30459.0
first_512,512,genuine,29198.0
first_512,512,genuine,29533.0
first_512,512,genuine,20341.0
first_512,512,genuine,27644.0
first_512,512,genuine,21628.0
first_512,512,genuine,25145.0
first_512,512,genuine,33565.0
first_512,512,genuine,24124.0
first_512,512,genuine,23326.0
first_512,512,genuine,17303.0
first_512,512,genuine,20937.0
first_512,512,genuine,18702.0
first_512,512,genuine,39473.0
first_512,512,genuine,21279.0
first_512,512,genuine,27214.0
first_512,512,genuine,25990.0
first_512,512,genuine,33123.0
first_512,512,genuine,26508.0
first_512,512,genuine,24999.0
first_512,512,genuine,24575.0
first_512,512,genuine,22728.0
first_512,512,genuine,19119.0
first_512,512,genuine,16733.0
first_512,512,genuine,20220.0
first_512,512,genuine,20832.0
first_512,512,genuine,17873.0
first_512,512,genuine,17901.0
first_512,512,genuine,23045.0
first_512,512,genuine,14521.0
first_512,512,genuine,14417.0
first_512,512,genuine,21379.0
first_512,512,genuine,21507.0
first_512,512,genuine,22560.0
first_512,512,genuine,19087.0
first_512,512,genuine,22676.0
first_512,512,genuine,19474.0
first_512,512,genuine,27010.0
first_512,512,genuine,29000.0
first_512,512,genuine,31641.0
first_512,512,genuine,26406.0
first_512,512,genuine,16618.0
first_512,512,genuine,18172.0
first_512,512,genuine,19392.0
first_512,512,genuine,23001.0
first_512,512,genuine,22096.0
first_512,512,genuine,21220.0
first_512,512,genuine,21540.0
first_512,512,genuine,26199.0
first_512,512,genuine,17268.0
first_512,512,genuine,15814.0
first_512,512,genuine,15731.0
first_512,512,genuine,24348.0
first_512,512,genuine,15151.0
first_512,512,genuine,23974.0
first_512,512,genuine,26111.0
first_512,512,genuine,19924.0
first_512,512,genuine,22309.0
first_512,512,genuine,18923.0
first_512,512,genuine,18011.0
first_512,512,genuine,19711.0
first_512,512,genuine,20861.0
first_512,512,genuine,21454.0
first_512,512,genuine,22443.0
first_512,512,genuine,19149.0
first_512,512,genuine,19413.0
first_512,512,genuine,21725.0
first_512,512,genuine,20447.0
first_512,512,genuine,21788.0
first_512,512,genuine,24356.0
first_512,512,genuine,16842.0
first_512,512,genuine,21772.0
first_512,512,genuine,23254.0
first_512,512,genuine,24341.0
first_512,512,genuine,19564.0
first_512,512,genuine,20958.0
first_512,512,genuine,24042.0
first_512,512,genuine,22953.0
first_512,512,genuine,14302.0
first_512,512,genuine,14816.0
first_512,512,genuine,17207.0
first_512,512,genuine,15534.0
first_512,512,genuine,19743.0
first_512,512,genuine,16989.0
first_512,512,genuine,17982.0
first_512,512,genuine,17829.0
first_512,512,genuine,35854.0
first_512,512,genuine,61408.0
first_512,512,genuine,30414.0
first_512,512,genuine,23181.0
first_512,512,genuine,39134.0
first_512,512,genuine,22325.0
first_512,512,genuine,31708.0
first_512,512,genuine,54284.0
first_512,512,genuine,31358.0
first_512,512,genuine,22843.0
first_512,512,genuine,35372.0
first_512,512,genuine,39257.0
first_512,512,genuine,62127.0
first_512,512,genuine,33929.0
first_512,512,genuine,29158.0
first_512,512,genuine,40789.0
first_512,512,genuine,44524.0
first_512,512,genuine,29522.0
first_512,512,genuine,34255.0
first_512,512,genuine,37366.0
first_512,512,genuine,47426.0
first_512,512,genuine,51641.0
first_512,512,genuine,35622.0
first_512,512,genuine,23931.0
first_512,512,genuine,25850.0
first_512,512,genuine,29137.0
first_512,512,genuine,20172.0
first_512,512,genuine,12630.0
first_512,512,genuine,13734.0
first_512,512,genuine,20278.0
first_512,512,genuine,19453.0
first_512,512,genuine,27386.0
first_512,512,genuine,17605.0
first_512,512,genuine,14180.0
first_512,512,genuine,16436.0
first_512,512,genuine,17984.0
first_512,512,genuine,17881.0
first_512,512,genuine,27510.0
first_512,512,genuine,22885.0
first_512,512,genuine,12564.0
first_512,512,genuine,15908.0
first_512,512,genuine,13237.0
first_512,512,genuine,24144.0
first_512,512,genuine,16751.0
first_512,512,genuine,17180.0
first_512,512,genuine,16453.0
first_512,512,genuine,23512.0
first_512,512,genuine,18489.0
first_512,512,genuine,11885.0
first_512,512,genuine,21830.0
first_512,512,genuine,18063.0
first_512,512,genuine,22869.0
first_512,512,genuine,16118.0
first_512,512,genuine,26429.0
first_512,512,genuine,23608.0
first_512,512,genuine,14479.0
first_512,512,genuine,21205.0
first_512,512,genuine,26150.0
first_512,512,genuine,24546.0
first_512,512,genuine,23160.0
first_512,512,genuine,21345.0
first_512,512,genuine,19913.0
first_512,512,genuine,12499.0
first_512,512,genuine,19396.0
first_512,512,genuine,17482.0
first_512,512,genuine,21978.0
first_512,512,genuine,20199.0
first_512,512,genuine,17380.0
first_512,512,genuine,21759.0
first_512,512,genuine,18159.0
first_512,512,genuine,17745.0
first_512,512,genuine,17232.0
first_512,512,genuine,17177.0
first_512,512,genuine,15771.0
first_512,512,genuine,21637.0
first_512,512,genuine,18662.0
first_512,512,genuine,15364.0
first_512,512,genuine,19576.0
first_512,512,genuine,18521.0
first_512,512,genuine,15680.0
first_512,512,genuine,14401.0
first_512,512,genuine,16429.0
first_512,512,genuine,23874.0
first_512,512,genuine,21776.0
first_512,512,genuine,26333.0
first_512,512,genuine,18130.0
first_512,512,genuine,18897.0
first_512,512,genuine,15348.0
first_512,512,genuine,14568.0
first_512,512,genuine,16890.0
first_512,512,genuine,18991.0
first_512,512,genuine,23962.0
first_512,512,genuine,21263.0
first_512,512,genuine,22764.0
first_512,512,genuine,18800.0
first_512,512,genuine,20329.0
first_512,512,genuine,22048.0
first_512,512,genuine,14897.0
first_512,512,genuine,19008.0
first_512,512,genuine,16102.0
first_512,512,genuine,19079.0
first_512,512,genuine,20966.0
first_512,512,genuine,23883.0
first_512,512,genuine,21383.0
first_512,512,genuine,20547.0
first_512,512,genuine,17922.0
first_512,512,genuine,18612.0
first_512,512,genuine,15481.0
first_512,512,genuine,14201.0
first_512,512,genuine,14186.0
first_512,512,genuine,19523.0
first_512,512,genuine,12492.0
first_512,512,genuine,15406.0
first_512,512,genuine,16588.0
first_512,512,genuine,16221.0
first_512,512,genuine,16460.0
first_512,512,genuine,16341.0
first_512,512,genuine,18647.0
first_512,512,genuine,13709.0
first_512,512,genuine,14931.0
first_512,512,genuine,14902.0
first_512,512,genuine,17743.0
first_512,512,genuine,14650.0
first_512,512,genuine,14452.0
first_512,512,genuine,16622.0
first_512,512,genuine,16003.0
first_512,512,genuine,17510.0
first_512,512,genuine,17423.0
first_512,512,genuine,11626.0
first_512,512,genuine,14247.0
first_512,512,genuine,16038.0
first_512,512,genuine,13721.0
first_512,512,genuine,13031.0
first_512,512,genuine,14528.0
first_512,512,genuine,13453.0
first_512,512,genuine,16167.0
first_512,512,genuine,13560.0
first_512,512,genuine,14167.0
first_512,512,genuine,19303.0
first_512,512,genuine,15083.0
first_512,512,genuine,21288.0
first_512,512,genuine,23554.0
first_512,512,genuine,22297.0
first_512,512,genuine,22005.0
first_512,512,genuine,19991.0
first_512,512,genuine,16730.0
first_512,512,genuine,14391.0
first_512,512,genuine,17919.0
first_512,512,genuine,14764.0
first_512,512,genuine,13890.0
first_512,512,genuine,16520.0
first_512,512,genuine,17059.0
first_512,512,genuine,20195.0
first_512,512,genuine,17066.0
first_512,512,genuine,17598.0
first_512,512,genuine,18540.0
first_512,512,genuine,15804.0
first_512,512,genuine,12281.0
first_512,512,genuine,15235.0
first_512,512,genuine,14579.0
first_512,512,genuine,15465.0
first_512,512,genuine,17173.0
first_512,512,genuine,16997.0
first_512,512,genuine,14944.0
first_512,512,genuine,15998.0
first_512,512,genuine,16766.0
first_512,512,impostor,21896.0
first_512,512,impostor,28531.0
first_512,512,impostor,21186.0
first_512,512,impostor,32301.0
first_512,512,impostor,17835.0
first_512,512,impostor,22228.0
first_512,512,impostor,19336.0
first_512,512,impostor,23765.0
first_512,512,impostor,16476.0
first_512,512,impostor,23473.0
first_512,512,impostor,21477.0
first_512,512,impostor,21051.0
first_512,512,impostor,27213.0
first_512,512,impostor,25607.0
first_512,512,impostor,26676.0
first_512,512,impostor,20323.0
first_512,512,impostor,21103.0
first_512,512,impostor,26293.0
first_512,512,impostor,24502.0
first_512,512,impostor,24556.0
first_512,512,impostor,20510.0
first_512,512,impostor,18904.0
first_512,512,impostor,18100.0
first_512,512,impostor,19899.0
first_512,512,impostor,20385.0
first_512,512,impostor,19623.0
first_512,512,impostor,26084.0
first_512,512,impostor,27309.0
first_512,512,impostor,50777.0
first_512,512,impostor,30029.0
first_512,512,impostor,22620.0
first_512,512,impostor,33143.0
first_512,512,impostor,17404.0
first_512,512,impostor,20342.0
first_512,512,impostor,17288.0
first_512,512,impostor,16496.0
first_512,512,impostor,19240.0
first_512,512,impostor,19359.0
first_512,512,impostor,25872.0
first_512,512,impostor,20935.0
first_512,512,impostor,22963.0
first_512,512,impostor,16087.0
first_512,512,impostor,19194.0
first_512,512,impostor,14940.0
first_512,512,impostor,18561.0
first_512,512,impostor,15389.0
first_512,512,impostor,21325.0
first_512,512,impostor,20010.0
first_512,512,impostor,18957.0
first_512,512,impostor,18943.0
first_512,512,impostor,19425.0
first_512,512,impostor,20146.0
first_512,512,impostor,16867.0
first_512,512,impostor,18278.0
first_512,512,impostor,18637.0
first_512,512,impostor,17123.0
first_512,512,impostor,18711.0
first_512,512,impostor,14962.0
first_512,512,impostor,19653.0
first_512,512,impostor,16693.0
first_512,512,impostor,16915.0
first_512,512,impostor,17940.0
first_512,512,impostor,19087.0
first_512,512,impostor,16396.0
first_512,512,impostor,21197.0
first_512,512,impostor,15178.0
first_512,512,impostor,18524.0
first_512,512,impostor,16039.0
first_512,512,impostor,19957.0
first_512,512,impostor,16234.0
first_512,512,impostor,16680.0
first_512,512,impostor,18048.0
first_512,512,impostor,26966.0
first_512,512,impostor,27749.0
first_512,512,impostor,22704.0
first_512,512,impostor,33643.0
first_512,512,impostor,20995.0
first_512,512,impostor,21084.0
first_512,512,impostor,22830.0
first_512,512,impostor,27051.0
first_512,512,impostor,21098.0
first_512,512,impostor,22263.0
first_512,512,impostor,18383.0
first_512,512,impostor,18267.0
first_512,512,impostor,26625.0
first_512,512,impostor,27749.0
first_512,512,impostor,32302.0
first_512,512,impostor,22287.0
first_512,512,impostor,24025.0
first_512,512,impostor,23619.0
first_512,512,impostor,23228.0
first_512,512,impostor,24508.0
first_512,512,impostor,21462.0
first_512,512,impostor,19168.0
first_512,512,impostor,22672.0
first_512,512,impostor,21681.0
first_512,512,impostor,22675.0
first_512,512,impostor,16271.0
first_512,512,impostor,29256.0
first_512,512,impostor,29985.0
first_512,512,impostor,52505.0
first_512,512,impostor,32085.0
first_512,512,impostor,22476.0
first_512,512,impostor,36435.0
first_512,512,impostor,19446.0
first_512,512,impostor,21226.0
first_512,512,impostor,18028.0
first_512,512,impostor,19964.0
first_512,512,impostor,23768.0
first_512,512,impostor,21759.0
first_512,512,impostor,32028.0
first_512,512,impostor,22915.0
first_512,512,impostor,29025.0
first_512,512,impostor,21961.0
first_512,512,impostor,24702.0
first_512,512,impostor,18828.0
first_512,512,impostor,20217.0
first_512,512,impostor,21279.0
first_512,512,impostor,22245.0
first_512,512,impostor,25626.0
first_512,512,impostor,15967.0
first_512,512,impostor,24839.0
first_512,512,impostor,26351.0
first_512,512,impostor,27070.0
first_512,512,impostor,22465.0
first_512,512,impostor,22566.0
first_512,512,impostor,20423.0
first_512,512,impostor,21029.0
first_512,512,impostor,18567.0
first_512,512,impostor,20126.0
first_512,512,impostor,17477.0
first_512,512,impostor,18463.0
first_512,512,impostor,19491.0
first_512,512,impostor,19910.0
first_512,512,impostor,19405.0
first_512,512,impostor,19080.0
first_512,512,impostor,25265.0
first_512,512,impostor,20182.0
first_512,512,impostor,22282.0
first_512,512,impostor,17783.0
first_512,512,impostor,17323.0
first_512,512,impostor,18246.0
first_512,512,impostor,22192.0
first_512,512,impostor,20204.0
first_512,512,impostor,32021.0
first_512,512,impostor,35122.0
first_512,512,impostor,24287.0
first_512,512,impostor,40340.0
first_512,512,impostor,24210.0
first_512,512,impostor,27757.0
first_512,512,impostor,29093.0
first_512,512,impostor,29320.0
first_512,512,impostor,25311.0
first_512,512,impostor,29804.0
first_512,512,impostor,28756.0
first_512,512,impostor,28798.0
first_512,512,impostor,34904.0
first_512,512,impostor,31736.0
first_512,512,impostor,34709.0
first_512,512,impostor,28290.0
first_512,512,impostor,29154.0
first_512,512,impostor,30768.0
first_512,512,impostor,30473.0
first_512,512,impostor,32109.0
first_512,512,impostor,25715.0
first_512,512,impostor,26027.0
first_512,512,impostor,22259.0
first_512,512,impostor,27970.0
first_512,512,impostor,27638.0
first_512,512,impostor,28740.0
first_512,512,impostor,31859.0
first_512,512,impostor,20290.0
first_512,512,impostor,47120.0
first_512,512,impostor,23960.0
first_512,512,impostor,28405.0
first_512,512,impostor,26916.0
first_512,512,impostor,24205.0
first_512,512,impostor,25521.0
first_512,512,impostor,22355.0
first_512,512,impostor,20641.0
first_512,512,impostor,25361.0
first_512,512,impostor,24788.0
first_512,512,impostor,25111.0
first_512,512,impostor,28352.0
first_512,512,impostor,12016.0
first_512,512,impostor,22890.0
first_512,512,impostor,16451.0
first_512,512,impostor,21113.0
first_512,512,impostor,25524.0
first_512,512,impostor,22178.0
first_512,512,impostor,24214.0
first_512,512,impostor,19179.0
first_512,512,impostor,27026.0
first_512,512,impostor,25892.0
first_512,512,impostor,28922.0
first_512,512,impostor,22549.0
first_512,512,impostor,19928.0
first_512,512,impostor,27909.0
first_512,512,impostor,25010.0
first_512,512,impostor,26042.0
first_512,512,impostor,26096.0
first_512,512,impostor,18789.0
first_512,512,impostor,25266.0
first_512,512,impostor,21976.0
first_512,512,impostor,23740.0
first_512,512,impostor,23631.0
first_512,512,impostor,25346.0
first_512,512,impostor,23685.0
first_512,512,impostor,13614.0
first_512,512,impostor,21805.0
first_512,512,impostor,17053.0
first_512,512,impostor,22600.0
first_512,512,impostor,24974.0
first_512,512,impostor,22997.0
first_512,512,impostor,23233.0
first_512,512,impostor,21173.0
first_512,512,impostor,33340.0
first_512,512,impostor,38153.0
first_512,512,impostor,24768.0
first_512,512,impostor,40487.0
first_512,512,impostor,25593.0
first_512,512,impostor,30306.0
first_512,512,impostor,31046.0
first_512,512,impostor,32657.0
first_512,512,impostor,27242.0
first_512,512,impostor,30445.0
first_512,512,impostor,31801.0
first_512,512,impostor,29609.0
first_512,512,impostor,38263.0
first_512,512,impostor,33079.0
first_512,512,impostor,37636.0
first_512,512,impostor,29451.0
first_512,512,impostor,30919.0
first_512,512,impostor,34619.0
first_512,512,impostor,30196.0
first_512,512,impostor,34858.0
first_512,512,impostor,26834.0
first_512,512,impostor,27276.0
first_512,512,impostor,23998.0
first_512,512,impostor,31271.0
first_512,512,impostor,29313.0
first_512,512,impostor,29193.0
first_512,512,impostor,32392.0
first_512,512,impostor,23031.0
first_512,512,impostor,44079.0
first_512,512,impostor,26241.0
first_512,512,impostor,31692.0
first_512,512,impostor,25649.0
first_512,512,impostor,26536.0
first_512,512,impostor,26138.0
first_512,512,impostor,24514.0
first_512,512,impostor,22028.0
first_512,512,impostor,27600.0
first_512,512,impostor,25879.0
first_512,512,impostor,27194.0
first_512,512,impostor,31283.0
first_512,512,impostor,14079.0
first_512,512,impostor,24681.0
first_512,512,impostor,16330.0
first_512,512,impostor,22228.0
first_512,512,impostor,28045.0
first_512,512,impostor,24135.0
first_512,512,impostor,24783.0
first_512,512,impostor,22048.0
first_512,512,impostor,28545.0
first_512,512,impostor,28303.0
first_512,512,impostor,31443.0
first_512,512,impostor,24342.0
first_512,512,impostor,23035.0
first_512,512,impostor,29328.0
first_512,512,impostor,28279.0
first_512,512,impostor,27627.0
first_512,512,impostor,29829.0
first_512,512,impostor,19226.0
first_512,512,impostor,27047.0
first_512,512,impostor,22451.0
first_512,512,impostor,25123.0
first_512,512,impostor,25786.0
first_512,512,impostor,26403.0
first_512,512,impostor,24418.0
first_512,512,impostor,16543.0
first_512,512,impostor,21238.0
first_512,512,impostor,16742.0
first_512,512,impostor,24261.0
first_512,512,impostor,27203.0
first_512,512,impostor,23808.0
first_512,512,impostor,25278.0
first_512,512,impostor,23414.0
first_512,512,impostor,28729.0
first_512,512,impostor,30092.0
first_512,512,impostor,29339.0
first_512,512,impostor,34350.0
first_512,512,impostor,24344.0
first_512,512,impostor,25563.0
first_512,512,impostor,25071.0
first_512,512,impostor,29720.0
first_512,512,impostor,21321.0
first_512,512,impostor,28022.0
first_512,512,impostor,20602.0
first_512,512,impostor,22752.0
first_512,512,impostor,21530.0
first_512,512,impostor,24310.0
first_512,512,impostor,27623.0
first_512,512,impostor,23172.0
first_512,512,impostor,27332.0
first_512,512,impostor,25324.0
first_512,512,impostor,29721.0
first_512,512,impostor,30931.0
first_512,512,impostor,23933.0
first_512,512,impostor,23641.0
first_512,512,impostor,22679.0
first_512,512,impostor,19350.0
first_512,512,impostor,24428.0
first_512,512,impostor,22536.0
first_512,512,impostor,34053.0
first_512,512,impostor,37032.0
first_512,512,impostor,56504.0
first_512,512,impostor,36142.0
first_512,512,impostor,25511.0
first_512,512,impostor,38538.0
first_512,512,impostor,25641.0
first_512,512,impostor,29159.0
first_512,512,impostor,22641.0
first_512,512,impostor,26669.0
first_512,512,impostor,25615.0
first_512,512,impostor,23966.0
first_512,512,impostor,34387.0
first_512,512,impostor,23244.0
first_512,512,impostor,35982.0
first_512,512,impostor,27298.0
first_512,512,impostor,30813.0
first_512,512,impostor,26533.0
first_512,512,impostor,24628.0
first_512,512,impostor,25440.0
first_512,512,impostor,27792.0
first_512,512,impostor,30033.0
first_512,512,impostor,22932.0
first_512,512,impostor,29390.0
first_512,512,impostor,26134.0
first_512,512,impostor,29573.0
first_512,512,impostor,26746.0
first_512,512,impostor,24529.0
first_512,512,impostor,22578.0
first_512,512,impostor,24688.0
first_512,512,impostor,24118.0
first_512,512,impostor,26055.0
first_512,512,impostor,23434.0
first_512,512,impostor,24210.0
first_512,512,impostor,24694.0
first_512,512,impostor,27239.0
first_512,512,impostor,25526.0
first_512,512,impostor,24623.0
first_512,512,impostor,31754.0
first_512,512,impostor,26539.0
first_512,512,impostor,28503.0
first_512,512,impostor,23074.0
first_512,512,impostor,24304.0
first_512,512,impostor,24167.0
first_512,512,impostor,27473.0
first_512,512,impostor,25467.0
first_512,512,impostor,28769.0
first_512,512,impostor,31150.0
first_512,512,impostor,32179.0
first_512,512,impostor,36132.0
first_512,512,impostor,23614.0
first_512,512,impostor,25131.0
first_512,512,impostor,23901.0
first_512,512,impostor,29302.0
first_512,512,impostor,24683.0
first_512,512,impostor,29270.0
first_512,512,impostor,21326.0
first_512,512,impostor,24282.0
first_512,512,impostor,22768.0
first_512,512,impostor,22696.0
first_512,512,impostor,28285.0
first_512,512,impostor,23628.0
first_512,512,impostor,28486.0
first_512,512,impostor,28838.0
first_512,512,impostor,29875.0
first_512,512,impostor,30735.0
first_512,512,impostor,26985.0
first_512,512,impostor,27113.0
first_512,512,impostor,24917.0
first_512,512,impostor,19830.0
first_512,512,impostor,26080.0
first_512,512,impostor,24540.0
first_512,512,impostor,33961.0
first_512,512,impostor,39846.0
first_512,512,impostor,59838.0
first_512,512,impostor,37696.0
first_512,512,impostor,25469.0
first_512,512,impostor,38274.0
first_512,512,impostor,27507.0
first_512,512,impostor,31935.0
first_512,512,impostor,25543.0
first_512,512,impostor,30171.0
first_512,512,impostor,27897.0
first_512,512,impostor,25290.0
first_512,512,impostor,35931.0
first_512,512,impostor,22848.0
first_512,512,impostor,37270.0
first_512,512,impostor,28450.0
first_512,512,impostor,32139.0
first_512,512,impostor,26741.0
first_512,512,impostor,26292.0
first_512,512,impostor,28360.0
first_512,512,impostor,29906.0
first_512,512,impostor,30363.0
first_512,512,impostor,24374.0
first_512,512,impostor,31958.0
first_512,512,impostor,25968.0
first_512,512,impostor,29049.0
first_512,512,impostor,29066.0
first_512,512,impostor,23929.0
first_512,512,impostor,23028.0
first_512,512,impostor,24464.0
first_512,512,impostor,25140.0
first_512,512,impostor,28167.0
first_512,512,impostor,24816.0
first_512,512,impostor,27756.0
first_512,512,impostor,26954.0
first_512,512,impostor,29141.0
first_512,512,impostor,27332.0
first_512,512,impostor,23417.0
first_512,512,impostor,33146.0
first_512,512,impostor,28137.0
first_512,512,impostor,31195.0
first_512,512,impostor,23852.0
first_512,512,impostor,22766.0
first_512,512,impostor,25387.0
first_512,512,impostor,27795.0
first_512,512,impostor,26993.0
first_512,512,impostor,30056.0
first_512,512,impostor,25975.0
first_512,512,impostor,27474.0
first_512,512,impostor,30537.0
first_512,512,impostor,20617.0
first_512,512,impostor,21704.0
first_512,512,impostor,21234.0
first_512,512,impostor,25153.0
first_512,512,impostor,19032.0
first_512,512,impostor,24515.0
first_512,512,impostor,17885.0
first_512,512,impostor,19549.0
first_512,512,impostor,18325.0
first_512,512,impostor,18951.0
first_512,512,impostor,23470.0
first_512,512,impostor,21959.0
first_512,512,impostor,24735.0
first_512,512,impostor,24595.0
first_512,512,impostor,26540.0
first_512,512,impostor,25424.0
first_512,512,impostor,21306.0
first_512,512,impostor,21886.0
first_512,512,impostor,21360.0
first_512,512,impostor,14679.0
first_512,512,impostor,21717.0
first_512,512,impostor,19621.0
first_512,512,impostor,27706.0
first_512,512,impostor,36707.0
first_512,512,impostor,55401.0
first_512,512,impostor,32867.0
first_512,512,impostor,21734.0
first_512,512,impostor,38631.0
first_512,512,impostor,22288.0
first_512,512,impostor,27538.0
first_512,512,impostor,20510.0
first_512,512,impostor,23906.0
first_512,512,impostor,24912.0
first_512,512,impostor,20161.0
first_512,512,impostor,34118.0
first_512,512,impostor,18447.0
first_512,512,impostor,34601.0
first_512,512,impostor,26853.0
first_512,512,impostor,29288.0
first_512,512,impostor,23852.0
first_512,512,impostor,21577.0
first_512,512,impostor,23989.0
first_512,512,impostor,28133.0
first_512,512,impostor,28314.0
first_512,512,impostor,20427.0
first_512,512,impostor,28159.0
first_512,512,impostor,25899.0
first_512,512,impostor,28300.0
first_512,512,impostor,24185.0
first_512,512,impostor,21550.0
first_512,512,impostor,20181.0
first_512,512,impostor,20787.0
first_512,512,impostor,21177.0
first_512,512,impostor,25134.0
first_512,512,impostor,19497.0
first_512,512,impostor,22053.0
first_512,512,impostor,22471.0
first_512,512,impostor,23258.0
first_512,512,impostor,23221.0
first_512,512,impostor,20958.0
first_512,512,impostor,28909.0
first_512,512,impostor,24948.0
first_512,512,impostor,28522.0
first_512,512,impostor,20787.0
first_512,512,impostor,18887.0
first_512,512,impostor,23496.0
first_512,512,impostor,25154.0
first_512,512,impostor,19806.0
first_512,512,impostor,25825.0
first_512,512,impostor,30130.0
first_512,512,impostor,28229.0
first_512,512,impostor,35438.0
first_512,512,impostor,21048.0
first_512,512,impostor,27855.0
first_512,512,impostor,22687.0
first_512,512,impostor,30812.0
first_512,512,impostor,22477.0
first_512,512,impostor,34110.0
first_512,512,impostor,22640.0
first_512,512,impostor,23078.0
first_512,512,impostor,26302.0
first_512,512,impostor,24498.0
first_512,512,impostor,29089.0
first_512,512,impostor,21274.0
first_512,512,impostor,30854.0
first_512,512,impostor,30702.0
first_512,512,impostor,31251.0
first_512,512,impostor,31185.0
first_512,512,impostor,26929.0
first_512,512,impostor,22909.0
first_512,512,impostor,23265.0
first_512,512,impostor,18828.0
first_512,512,impostor,28256.0
first_512,512,impostor,25370.0
first_512,512,impostor,35245.0
first_512,512,impostor,34428.0
first_512,512,impostor,53318.0
first_512,512,impostor,35256.0
first_512,512,impostor,24135.0
first_512,512,impostor,36122.0
first_512,512,impostor,24881.0
first_512,512,impostor,31957.0
first_512,512,impostor,25541.0
first_512,512,impostor,27569.0
first_512,512,impostor,26763.0
first_512,512,impostor,25308.0
first_512,512,impostor,34117.0
first_512,512,impostor,21170.0
first_512,512,impostor,35240.0
first_512,512,impostor,27384.0
first_512,512,impostor,30677.0
first_512,512,impostor,25755.0
first_512,512,impostor,24410.0
first_512,512,impostor,28528.0
first_512,512,impostor,28912.0
first_512,512,impostor,30197.0
first_512,512,impostor,25630.0
first_512,512,impostor,26630.0
first_512,512,impostor,25544.0
first_512,512,impostor,26159.0
first_512,512,impostor,27872.0
first_512,512,impostor,24247.0
first_512,512,impostor,24320.0
first_512,512,impostor,25602.0
first_512,512,impostor,26318.0
first_512,512,impostor,26227.0
first_512,512,impostor,26712.0
first_512,512,impostor,26216.0
first_512,512,impostor,24548.0
first_512,512,impostor,28251.0
first_512,512,impostor,26792.0
first_512,512,impostor,22969.0
first_512,512,impostor,31632.0
first_512,512,impostor,26541.0
first_512,512,impostor,30669.0
first_512,512,impostor,24158.0
first_512,512,impostor,21788.0
first_512,512,impostor,26849.0
first_512,512,impostor,25815.0
first_512,512,impostor,25161.0
first_512,512,impostor,24212.0
first_512,512,impostor,35695.0
first_512,512,impostor,31025.0
first_512,512,impostor,27319.0
first_512,512,impostor,31123.0
first_512,512,impostor,25069.0
first_512,512,impostor,28416.0
first_512,512,impostor,26155.0
first_512,512,impostor,32521.0
first_512,512,impostor,38657.0
first_512,512,impostor,35798.0
first_512,512,impostor,37088.0
first_512,512,impostor,32544.0
first_512,512,impostor,28548.0
first_512,512,impostor,26344.0
first_512,512,impostor,28229.0
first_512,512,impostor,30219.0
first_512,512,impostor,29135.0
first_512,512,impostor,33072.0
first_512,512,impostor,35569.0
first_512,512,impostor,59841.0
first_512,512,impostor,42249.0
first_512,512,impostor,29292.0
first_512,512,impostor,41547.0
first_512,512,impostor,29834.0
first_512,512,impostor,33182.0
first_512,512,impostor,28894.0
first_512,512,impostor,31100.0
first_512,512,impostor,31284.0
first_512,512,impostor,28831.0
first_512,512,impostor,36824.0
first_512,512,impostor,26909.0
first_512,512,impostor,31677.0
first_512,512,impostor,23393.0
first_512,512,impostor,31374.0
first_512,512,impostor,23638.0
first_512,512,impostor,25827.0
first_512,512,impostor,27441.0
first_512,512,impostor,32455.0
first_512,512,impostor,31346.0
first_512,512,impostor,27525.0
first_512,512,impostor,20659.0
first_512,512,impostor,19249.0
first_512,512,impostor,25822.0
first_512,512,impostor,30907.0
first_512,512,impostor,23108.0
first_512,512,impostor,25361.0
first_512,512,impostor,24927.0
first_512,512,impostor,29189.0
first_512,512,impostor,25274.0
first_512,512,impostor,26849.0
first_512,512,impostor,27391.0
first_512,512,impostor,26991.0
first_512,512,impostor,29166.0
first_512,512,impostor,29517.0
first_512,512,impostor,26162.0
first_512,512,impostor,31079.0
first_512,512,impostor,23554.0
first_512,512,impostor,27688.0
first_512,512,impostor,22557.0
first_512,512,impostor,24345.0
first_512,512,impostor,23294.0
first_512,512,impostor,22152.0
first_512,512,impostor,26094.0
first_512,512,impostor,21269.0
first_512,512,impostor,29010.0
first_512,512,impostor,19094.0
first_512,512,impostor,20210.0
first_512,512,impostor,17640.0
first_512,512,impostor,19860.0
first_512,512,impostor,20111.0
first_512,512,impostor,24966.0
first_512,512,impostor,27940.0
first_512,512,impostor,27926.0
first_512,512,impostor,33485.0
first_512,512,impostor,27559.0
first_512,512,impostor,28983.0
first_512,512,impostor,27019.0
first_512,512,impostor,24127.0
first_512,512,impostor,25802.0
first_512,512,impostor,18724.0
first_512,512,impostor,22610.0
first_512,512,impostor,20809.0
first_512,512,impostor,40792.0
first_512,512,impostor,62868.0
first_512,512,impostor,34494.0
first_512,512,impostor,22989.0
first_512,512,impostor,40404.0
first_512,512,impostor,25697.0
first_512,512,impostor,27389.0
first_512,512,impostor,23425.0
first_512,512,impostor,27035.0
first_512,512,impostor,26775.0
first_512,512,impostor,24244.0
first_512,512,impostor,35287.0
first_512,512,impostor,22558.0
first_512,512,impostor,38318.0
first_512,512,impostor,28122.0
first_512,512,impostor,31871.0
first_512,512,impostor,23461.0
first_512,512,impostor,25352.0
first_512,512,impostor,26828.0
first_512,512,impostor,32202.0
first_512,512,impostor,29965.0
first_512,512,impostor,24058.0
first_512,512,impostor,25894.0
first_512,512,impostor,24670.0
first_512,512,impostor,29767.0
first_512,512,impostor,27414.0
first_512,512,impostor,25633.0
first_512,512,impostor,20906.0
first_512,512,impostor,19990.0
first_512,512,impostor,21498.0
first_512,512,impostor,28383.0
first_512,512,impostor,21056.0
first_512,512,impostor,22954.0
first_512,512,impostor,25150.0
first_512,512,impostor,24157.0
first_512,512,impostor,26800.0
first_512,512,impostor,25283.0
first_512,512,impostor,34338.0
first_512,512,impostor,27283.0
first_512,512,impostor,28881.0
first_512,512,impostor,23390.0
first_512,512,impostor,23824.0
first_512,512,impostor,23285.0
first_512,512,impostor,24809.0
first_512,512,impostor,22597.0
first_512,512,impostor,24882.0
first_512,512,impostor,29007.0
first_512,512,impostor,29035.0
first_512,512,impostor,24435.0
first_512,512,impostor,34219.0
first_512,512,impostor,29909.0
first_512,512,impostor,35648.0
first_512,512,impostor,23303.0
first_512,512,impostor,26277.0
first_512,512,impostor,29541.0
first_512,512,impostor,28078.0
first_512,512,impostor,25884.0
first_512,512,impostor,23106.0
first_512,512,impostor,20730.0
first_512,512,impostor,22440.0
first_512,512,impostor,26977.0
first_512,512,impostor,28725.0
first_512,512,impostor,22681.0
first_512,512,impostor,29764.0
first_512,512,impostor,19339.0
first_512,512,impostor,44485.0
first_512,512,impostor,31685.0
first_512,512,impostor,26436.0
first_512,512,impostor,34507.0
first_512,512,impostor,22374.0
first_512,512,impostor,24256.0
first_512,512,impostor,21822.0
first_512,512,impostor,20182.0
first_512,512,impostor,25458.0
first_512,512,impostor,23297.0
first_512,512,impostor,27838.0
first_512,512,impostor,26471.0
first_512,512,impostor,22795.0
first_512,512,impostor,19841.0
first_512,512,impostor,21648.0
first_512,512,impostor,20660.0
first_512,512,impostor,26247.0
first_512,512,impostor,24141.0
first_512,512,impostor,21279.0
first_512,512,impostor,23790.0
first_512,512,impostor,23101.0
first_512,512,impostor,26733.0
first_512,512,impostor,27353.0
first_512,512,impostor,23756.0
first_512,512,impostor,21603.0
first_512,512,impostor,24216.0
first_512,512,impostor,25209.0
first_512,512,impostor,22747.0
first_512,512,impostor,26747.0
first_512,512,impostor,20008.0
first_512,512,impostor,26053.0
first_512,512,impostor,21113.0
first_512,512,impostor,18685.0
first_512,512,impostor,21382.0
first_512,512,impostor,18997.0
first_512,512,impostor,20698.0
first_512,512,impostor,23479.0
first_512,512,impostor,20310.0
first_512,512,impostor,22650.0
first_512,512,impostor,21575.0
first_512,512,impostor,24723.0
first_512,512,impostor,23346.0
first_512,512,impostor,21320.0
first_512,512,impostor,21900.0
first_512,512,impostor,25403.0
first_512,512,impostor,31008.0
first_512,512,impostor,27284.0
first_512,512,impostor,28406.0
first_512,512,impostor,23646.0
first_512,512,impostor,24142.0
first_512,512,impostor,22805.0
first_512,512,impostor,30600.0
first_512,512,impostor,36520.0
first_512,512,impostor,37546.0
first_512,512,impostor,41263.0
first_512,512,impostor,33583.0
first_512,512,impostor,33055.0
first_512,512,impostor,35477.0
first_512,512,impostor,30529.0
first_512,512,impostor,30260.0
first_512,512,impostor,24026.0
first_512,512,impostor,30896.0
first_512,512,impostor,27677.0
first_512,512,impostor,47670.0
first_512,512,impostor,68822.0
first_512,512,impostor,40600.0
first_512,512,impostor,34843.0
first_512,512,impostor,47188.0
first_512,512,impostor,31811.0
first_512,512,impostor,31539.0
first_512,512,impostor,29643.0
first_512,512,impostor,32365.0
first_512,512,impostor,31873.0
first_512,512,impostor,27700.0
first_512,512,impostor,40451.0
first_512,512,impostor,25816.0
first_512,512,impostor,41440.0
first_512,512,impostor,30646.0
first_512,512,impostor,36081.0
first_512,512,impostor,25777.0
first_512,512,impostor,29752.0
first_512,512,impostor,28028.0
first_512,512,impostor,37576.0
first_512,512,impostor,35215.0
first_512,512,impostor,28314.0
first_512,512,impostor,25786.0
first_512,512,impostor,22168.0
first_512,512,impostor,32563.0
first_512,512,impostor,33346.0
first_512,512,impostor,26451.0
first_512,512,impostor,26910.0
first_512,512,impostor,23286.0
first_512,512,impostor,28042.0
first_512,512,impostor,31737.0
first_512,512,impostor,23774.0
first_512,512,impostor,29984.0
first_512,512,impostor,29462.0
first_512,512,impostor,29685.0
first_512,512,impostor,31438.0
first_512,512,impostor,32533.0
first_512,512,impostor,36194.0
first_512,512,impostor,29629.0
first_512,512,impostor,33505.0
first_512,512,impostor,27052.0
first_512,512,impostor,30844.0
first_512,512,impostor,27123.0
first_512,512,impostor,29021.0
first_512,512,impostor,25029.0
first_512,512,impostor,16973.0
first_512,512,impostor,21486.0
first_512,512,impostor,21648.0
first_512,512,impostor,17732.0
first_512,512,impostor,23308.0
first_512,512,impostor,19860.0
first_512,512,impostor,22985.0
first_512,512,impostor,18844.0
first_512,512,impostor,23140.0
first_512,512,impostor,25100.0
first_512,512,impostor,21517.0
first_512,512,impostor,25027.0
first_512,512,impostor,20923.0
first_512,512,impostor,20737.0
first_512,512,impostor,18071.0
first_512,512,impostor,19430.0
first_512,512,impostor,20060.0
first_512,512,impostor,18300.0
first_512,512,impostor,23169.0
first_512,512,impostor,27092.0
first_512,512,impostor,52762.0
first_512,512,impostor,31330.0
first_512,512,impostor,24077.0
first_512,512,impostor,32532.0
first_512,512,impostor,19591.0
first_512,512,impostor,20649.0
first_512,512,impostor,17601.0
first_512,512,impostor,19401.0
first_512,512,impostor,21045.0
first_512,512,impostor,18754.0
first_512,512,impostor,30169.0
first_512,512,impostor,18382.0
first_512,512,impostor,25246.0
first_512,512,impostor,15604.0
first_512,512,impostor,21313.0
first_512,512,impostor,13313.0
first_512,512,impostor,18028.0
first_512,512,impostor,19490.0
first_512,512,impostor,22922.0
first_512,512,impostor,20643.0
first_512,512,impostor,17426.0
first_512,512,impostor,16486.0
first_512,512,impostor,16092.0
first_512,512,impostor,19923.0
first_512,512,impostor,19486.0
first_512,512,impostor,17011.0
first_512,512,impostor,17018.0
first_512,512,impostor,15316.0
first_512,512,impostor,20062.0
first_512,512,impostor,17585.0
first_512,512,impostor,18056.0
first_512,512,impostor,18514.0
first_512,512,impostor,16294.0
first_512,512,impostor,19775.0
first_512,512,impostor,17252.0
first_512,512,impostor,17353.0
first_512,512,impostor,22764.0
first_512,512,impostor,16313.0
first_512,512,impostor,18763.0
first_512,512,impostor,13416.0
first_512,512,impostor,15442.0
first_512,512,impostor,15099.0
first_512,512,impostor,14265.0
first_512,512,impostor,15291.0
first_512,512,impostor,17626.0
first_512,512,impostor,20421.0
first_512,512,impostor,16893.0
first_512,512,impostor,15325.0
first_512,512,impostor,19653.0
first_512,512,impostor,19595.0
first_512,512,impostor,22000.0
first_512,512,impostor,22057.0
first_512,512,impostor,20929.0
first_512,512,impostor,21431.0
first_512,512,impostor,26798.0
first_512,512,impostor,22018.0
first_512,512,impostor,20198.0
first_512,512,impostor,20214.0
first_512,512,impostor,19646.0
first_512,512,impostor,21791.0
first_512,512,impostor,15593.0
first_512,512,impostor,18185.0
first_512,512,impostor,19028.0
first_512,512,impostor,33165.0
first_512,512,impostor,59573.0
first_512,512,impostor,30547.0
first_512,512,impostor,22142.0
first_512,512,impostor,37557.0
first_512,512,impostor,19858.0
first_512,512,impostor,18446.0
first_512,512,impostor,17172.0
first_512,512,impostor,20522.0
first_512,512,impostor,20794.0
first_512,512,impostor,17391.0
first_512,512,impostor,30742.0
first_512,512,impostor,19015.0
first_512,512,impostor,28195.0
first_512,512,impostor,20897.0
first_512,512,impostor,23200.0
first_512,512,impostor,15990.0
first_512,512,impostor,20621.0
first_512,512,impostor,22049.0
first_512,512,impostor,28065.0
first_512,512,impostor,25474.0
first_512,512,impostor,16917.0
first_512,512,impostor,24895.0
first_512,512,impostor,22325.0
first_512,512,impostor,25714.0
first_512,512,impostor,21051.0
first_512,512,impostor,21408.0
first_512,512,impostor,18757.0
first_512,512,impostor,15885.0
first_512,512,impostor,16625.0
first_512,512,impostor,20036.0
first_512,512,impostor,13845.0
first_512,512,impostor,15493.0
first_512,512,impostor,15857.0
first_512,512,impostor,18564.0
first_512,512,impostor,20681.0
first_512,512,impostor,17974.0
first_512,512,impostor,26051.0
first_512,512,impostor,18378.0
first_512,512,impostor,21796.0
first_512,512,impostor,16909.0
first_512,512,impostor,18815.0
first_512,512,impostor,18104.0
first_512,512,impostor,17934.0
first_512,512,impostor,16924.0
first_512,512,impostor,14864.0
first_512,512,impostor,28451.0
first_512,512,impostor,20203.0
first_512,512,impostor,18781.0
first_512,512,impostor,21975.0
first_512,512,impostor,21235.0
first_512,512,impostor,23690.0
first_512,512,impostor,19575.0
first_512,512,impostor,25791.0
first_512,512,impostor,30749.0
first_512,512,impostor,30424.0
first_512,512,impostor,25500.0
first_512,512,impostor,25974.0
first_512,512,impostor,24606.0
first_512,512,impostor,24170.0
first_512,512,impostor,18601.0
first_512,512,impostor,22219.0
first_512,512,impostor,19813.0
first_512,512,impostor,25596.0
first_512,512,impostor,32679.0
first_512,512,impostor,55089.0
first_512,512,impostor,34151.0
first_512,512,impostor,23384.0
first_512,512,impostor,36919.0
first_512,512,impostor,19520.0
first_512,512,impostor,27798.0
first_512,512,impostor,21798.0
first_512,512,impostor,23438.0
first_512,512,impostor,25972.0
first_512,512,impostor,23839.0
first_512,512,impostor,31778.0
first_512,512,impostor,19567.0
first_512,512,impostor,31989.0
first_512,512,impostor,20601.0
first_512,512,impostor,25746.0
first_512,512,impostor,19770.0
first_512,512,impostor,21889.0
first_512,512,impostor,21363.0
first_512,512,impostor,27559.0
first_512,512,impostor,24764.0
first_512,512,impostor,20749.0
first_512,512,impostor,19297.0
first_512,512,impostor,16863.0
first_512,512,impostor,20440.0
first_512,512,impostor,22051.0
first_512,512,impostor,17404.0
first_512,512,impostor,19447.0
first_512,512,impostor,17075.0
first_512,512,impostor,21959.0
first_512,512,impostor,22892.0
first_512,512,impostor,20789.0
first_512,512,impostor,22993.0
first_512,512,impostor,21487.0
first_512,512,impostor,23066.0
first_512,512,impostor,25229.0
first_512,512,impostor,20906.0
first_512,512,impostor,27851.0
first_512,512,impostor,21026.0
first_512,512,impostor,25578.0
first_512,512,impostor,18539.0
first_512,512,impostor,20361.0
first_512,512,impostor,20498.0
first_512,512,impostor,21570.0
first_512,512,impostor,19958.0
first_512,512,impostor,20791.0
first_512,512,impostor,23956.0
first_512,512,impostor,21930.0
first_512,512,impostor,20838.0
first_512,512,impostor,20738.0
first_512,512,impostor,20644.0
first_512,512,impostor,21053.0
first_512,512,impostor,22840.0
first_512,512,impostor,26248.0
first_512,512,impostor,28798.0
first_512,512,impostor,31031.0
first_512,512,impostor,27095.0
first_512,512,impostor,26089.0
first_512,512,impostor,25033.0
first_512,512,impostor,21897.0
first_512,512,impostor,23184.0
first_512,512,impostor,19638.0
first_512,512,impostor,21642.0
first_512,512,impostor,16585.0
first_512,512,impostor,38152.0
first_512,512,impostor,62094.0
first_512,512,impostor,35358.0
first_512,512,impostor,24851.0
first_512,512,impostor,37592.0
first_512,512,impostor,22289.0
first_512,512,impostor,23497.0
first_512,512,impostor,20835.0
first_512,512,impostor,24555.0
first_512,512,impostor,24113.0
first_512,512,impostor,21770.0
first_512,512,impostor,33645.0
first_512,512,impostor,21424.0
first_512,512,impostor,32366.0
first_512,512,impostor,20636.0
first_512,512,impostor,27783.0
first_512,512,impostor,19785.0
first_512,512,impostor,21604.0
first_512,512,impostor,23402.0
first_512,512,impostor,30454.0
first_512,512,impostor,25357.0
first_512,512,impostor,21158.0
first_512,512,impostor,20598.0
first_512,512,impostor,18862.0
first_512,512,impostor,25205.0
first_512,512,impostor,24680.0
first_512,512,impostor,21295.0
first_512,512,impostor,20296.0
first_512,512,impostor,16082.0
first_512,512,impostor,19380.0
first_512,512,impostor,23277.0
first_512,512,impostor,17476.0
first_512,512,impostor,20922.0
first_512,512,impostor,21756.0
first_512,512,impostor,22363.0
first_512,512,impostor,23710.0
first_512,512,impostor,22723.0
first_512,512,impostor,30560.0
first_512,512,impostor,22075.0
first_512,512,impostor,25735.0
first_512,512,impostor,20592.0
first_512,512,impostor,20594.0
first_512,512,impostor,17973.0
first_512,512,impostor,21875.0
first_512,512,impostor,19615.0
first_512,512,impostor,20675.0
first_512,512,impostor,21173.0
first_512,512,impostor,25326.0
first_512,512,impostor,20646.0
first_512,512,impostor,19870.0
first_512,512,impostor,20294.0
first_512,512,impostor,17800.0
first_512,512,impostor,15495.0
first_512,512,impostor,18037.0
first_512,512,impostor,19439.0
first_512,512,impostor,23592.0
first_512,512,impostor,30847.0
first_512,512,impostor,55571.0
first_512,512,impostor,27621.0
first_512,512,impostor,18952.0
first_512,512,impostor,33603.0
first_512,512,impostor,14978.0
first_512,512,impostor,21154.0
first_512,512,impostor,13138.0
first_512,512,impostor,17206.0
first_512,512,impostor,19128.0
first_512,512,impostor,18241.0
first_512,512,impostor,28938.0
first_512,512,impostor,16315.0
first_512,512,impostor,27809.0
first_512,512,impostor,19033.0
first_512,512,impostor,23476.0
first_512,512,impostor,16314.0
first_512,512,impostor,16273.0
first_512,512,impostor,16957.0
first_512,512,impostor,23833.0
first_512,512,impostor,21486.0
first_512,512,impostor,16833.0
first_512,512,impostor,19397.0
first_512,512,impostor,16029.0
first_512,512,impostor,19702.0
first_512,512,impostor,16017.0
first_512,512,impostor,15406.0
first_512,512,impostor,16579.0
first_512,512,impostor,13873.0
first_512,512,impostor,17947.0
first_512,512,impostor,17984.0
first_512,512,impostor,16991.0
first_512,512,impostor,16299.0
first_512,512,impostor,17239.0
first_512,512,impostor,17600.0
first_512,512,impostor,21317.0
first_512,512,impostor,17312.0
first_512,512,impostor,23503.0
first_512,512,impostor,18422.0
first_512,512,impostor,20168.0
first_512,512,impostor,17449.0
first_512,512,impostor,18295.0
first_512,512,impostor,18896.0
first_512,512,impostor,19796.0
first_512,512,impostor,16140.0
first_512,512,impostor,23798.0
first_512,512,impostor,24194.0
first_512,512,impostor,20295.0
first_512,512,impostor,26587.0
first_512,512,impostor,19791.0
first_512,512,impostor,21633.0
first_512,512,impostor,21553.0
first_512,512,impostor,24714.0
first_512,512,impostor,20248.0
first_512,512,impostor,20016.0
first_512,512,impostor,23413.0
first_512,512,impostor,37120.0
first_512,512,impostor,58346.0
first_512,512,impostor,33404.0
first_512,512,impostor,26089.0
first_512,512,impostor,37636.0
first_512,512,impostor,23001.0
first_512,512,impostor,19447.0
first_512,512,impostor,16395.0
first_512,512,impostor,21117.0
first_512,512,impostor,20463.0
first_512,512,impostor,19558.0
first_512,512,impostor,31095.0
first_512,512,impostor,24792.0
first_512,512,impostor,30554.0
first_512,512,impostor,21890.0
first_512,512,impostor,25333.0
first_512,512,impostor,17943.0
first_512,512,impostor,23358.0
first_512,512,impostor,25110.0
first_512,512,impostor,29330.0
first_512,512,impostor,29023.0
first_512,512,impostor,15824.0
first_512,512,impostor,27350.0
first_512,512,impostor,25818.0
first_512,512,impostor,29761.0
first_512,512,impostor,24414.0
first_512,512,impostor,24223.0
first_512,512,impostor,20986.0
first_512,512,impostor,19638.0
first_512,512,impostor,17342.0
first_512,512,impostor,21231.0
first_512,512,impostor,15350.0
first_512,512,impostor,19754.0
first_512,512,impostor,19926.0
first_512,512,impostor,20319.0
first_512,512,impostor,18924.0
first_512,512,impostor,20423.0
first_512,512,impostor,27274.0
first_512,512,impostor,22047.0
first_512,512,impostor,25503.0
first_512,512,impostor,18544.0
first_512,512,impostor,23770.0
first_512,512,impostor,19035.0
first_512,512,impostor,22533.0
first_512,512,impostor,17597.0
first_512,512,impostor,21566.0
first_512,512,impostor,19638.0
first_512,512,impostor,25865.0
first_512,512,impostor,22521.0
first_512,512,impostor,19945.0
first_512,512,impostor,21737.0
first_512,512,impostor,20245.0
first_512,512,impostor,17592.0
first_512,512,impostor,17092.0
first_512,512,impostor,19758.0
first_512,512,impostor,23559.0
first_512,512,impostor,35932.0
first_512,512,impostor,59100.0
first_512,512,impostor,29318.0
first_512,512,impostor,20931.0
first_512,512,impostor,35158.0
first_512,512,impostor,17639.0
first_512,512,impostor,21813.0
first_512,512,impostor,15251.0
first_512,512,impostor,20375.0
first_512,512,impostor,22367.0
first_512,512,impostor,18456.0
first_512,512,impostor,32789.0
first_512,512,impostor,19214.0
first_512,512,impostor,33564.0
first_512,512,impostor,23316.0
first_512,512,impostor,28365.0
first_512,512,impostor,20409.0
first_512,512,impostor,18330.0
first_512,512,impostor,21084.0
first_512,512,impostor,27308.0
first_512,512,impostor,25439.0
first_512,512,impostor,15648.0
first_512,512,impostor,26624.0
first_512,512,impostor,22616.0
first_512,512,impostor,27077.0
first_512,512,impostor,18986.0
first_512,512,impostor,19273.0
first_512,512,impostor,16198.0
first_512,512,impostor,18444.0
first_512,512,impostor,16602.0
first_512,512,impostor,22589.0
first_512,512,impostor,14392.0
first_512,512,impostor,18774.0
first_512,512,impostor,20088.0
first_512,512,impostor,19067.0
first_512,512,impostor,21546.0
first_512,512,impostor,18693.0
first_512,512,impostor,25752.0
first_512,512,impostor,22207.0
first_512,512,impostor,24387.0
first_512,512,impostor,18754.0
first_512,512,impostor,20592.0
first_512,512,impostor,19541.0
first_512,512,impostor,23125.0
first_512,512,impostor,18733.0
first_512,512,impostor,19348.0
first_512,512,impostor,20868.0
first_512,512,impostor,20207.0
first_512,512,impostor,19645.0
first_512,512,impostor,19769.0
first_512,512,impostor,19283.0
first_512,512,impostor,19311.0
first_512,512,impostor,17028.0
first_512,512,impostor,18456.0
first_512,512,impostor,17976.0
first_512,512,impostor,24157.0
first_512,512,impostor,31458.0
first_512,512,impostor,53760.0
first_512,512,impostor,26474.0
first_512,512,impostor,17957.0
first_512,512,impostor,33314.0
first_512,512,impostor,16341.0
first_512,512,impostor,20231.0
first_512,512,impostor,14475.0
first_512,512,impostor,18785.0
first_512,512,impostor,18207.0
first_512,512,impostor,17058.0
first_512,512,impostor,28935.0
first_512,512,impostor,17816.0
first_512,512,impostor,29914.0
first_512,512,impostor,18498.0
first_512,512,impostor,25207.0
first_512,512,impostor,17153.0
first_512,512,impostor,20420.0
first_512,512,impostor,20378.0
first_512,512,impostor,25330.0
first_512,512,impostor,24673.0
first_512,512,impostor,14460.0
first_512,512,impostor,24302.0
first_512,512,impostor,19290.0
first_512,512,impostor,22717.0
first_512,512,impostor,19590.0
first_512,512,impostor,17417.0
first_512,512,impostor,15722.0
first_512,512,impostor,15816.0
first_512,512,impostor,15744.0
first_512,512,impostor,20509.0
first_512,512,impostor,15660.0
first_512,512,impostor,16430.0
first_512,512,impostor,15850.0
first_512,512,impostor,15675.0
first_512,512,impostor,17670.0
first_512,512,impostor,17177.0
first_512,512,impostor,26730.0
first_512,512,impostor,20325.0
first_512,512,impostor,23903.0
first_512,512,impostor,17324.0
first_512,512,impostor,19492.0
first_512,512,impostor,19923.0
first_512,512,impostor,20739.0
first_512,512,impostor,17057.0
first_512,512,impostor,28702.0
first_512,512,impostor,28054.0
first_512,512,impostor,33459.0
first_512,512,impostor,30119.0
first_512,512,impostor,26683.0
first_512,512,impostor,27115.0
first_512,512,impostor,22537.0
first_512,512,impostor,21476.0
first_512,512,impostor,18388.0
first_512,512,impostor,22038.0
first_512,512,impostor,24223.0
first_512,512,impostor,41054.0
first_512,512,impostor,60612.0
first_512,512,impostor,35432.0
first_512,512,impostor,25409.0
first_512,512,impostor,40804.0
first_512,512,impostor,27085.0
first_512,512,impostor,30117.0
first_512,512,impostor,23799.0
first_512,512,impostor,29609.0
first_512,512,impostor,26407.0
first_512,512,impostor,21722.0
first_512,512,impostor,37521.0
first_512,512,impostor,21228.0
first_512,512,impostor,39840.0
first_512,512,impostor,27426.0
first_512,512,impostor,33573.0
first_512,512,impostor,25801.0
first_512,512,impostor,24320.0
first_512,512,impostor,27412.0
first_512,512,impostor,31310.0
first_512,512,impostor,29915.0
first_512,512,impostor,21220.0
first_512,512,impostor,27950.0
first_512,512,impostor,25678.0
first_512,512,impostor,31513.0
first_512,512,impostor,27838.0
first_512,512,impostor,24283.0
first_512,512,impostor,20906.0
first_512,512,impostor,21808.0
first_512,512,impostor,21462.0
first_512,512,impostor,30361.0
first_512,512,impostor,18790.0
first_512,512,impostor,25036.0
first_512,512,impostor,25412.0
first_512,512,impostor,26935.0
first_512,512,impostor,26978.0
first_512,512,impostor,26957.0
first_512,512,impostor,33904.0
first_512,512,impostor,28423.0
first_512,512,impostor,29899.0
first_512,512,impostor,23778.0
first_512,512,impostor,25622.0
first_512,512,impostor,25681.0
first_512,512,impostor,27203.0
first_512,512,impostor,24015.0
first_512,512,impostor,26664.0
first_512,512,impostor,28356.0
first_512,512,impostor,32093.0
first_512,512,impostor,29457.0
first_512,512,impostor,23543.0
first_512,512,impostor,25137.0
first_512,512,impostor,20437.0
first_512,512,impostor,18804.0
first_512,512,impostor,17600.0
first_512,512,impostor,22740.0
first_512,512,impostor,22269.0
first_512,512,impostor,39440.0
first_512,512,impostor,59388.0
first_512,512,impostor,34356.0
first_512,512,impostor,25107.0
first_512,512,impostor,38268.0
first_512,512,impostor,25177.0
first_512,512,impostor,26721.0
first_512,512,impostor,22791.0
first_512,512,impostor,25197.0
first_512,512,impostor,25243.0
first_512,512,impostor,20078.0
first_512,512,impostor,34141.0
first_512,512,impostor,19100.0
first_512,512,impostor,34162.0
first_512,512,impostor,25416.0
first_512,512,impostor,28437.0
first_512,512,impostor,21313.0
first_512,512,impostor,22222.0
first_512,512,impostor,23558.0
first_512,512,impostor,30054.0
first_512,512,impostor,26277.0
first_512,512,impostor,22198.0
first_512,512,impostor,24232.0
first_512,512,impostor,23032.0
first_512,512,impostor,26365.0
first_512,512,impostor,25928.0
first_512,512,impostor,22101.0
first_512,512,impostor,20150.0
first_512,512,impostor,20238.0
first_512,512,impostor,22832.0
first_512,512,impostor,25569.0
first_512,512,impostor,19318.0
first_512,512,impostor,22440.0
first_512,512,impostor,23326.0
first_512,512,impostor,24821.0
first_512,512,impostor,25976.0
first_512,512,impostor,23861.0
first_512,512,impostor,27962.0
first_512,512,impostor,23615.0
first_512,512,impostor,27599.0
first_512,512,impostor,21788.0
first_512,512,impostor,23906.0
first_512,512,impostor,23049.0
first_512,512,impostor,24377.0
first_512,512,impostor,20683.0
first_512,512,impostor,31785.0
first_512,512,impostor,29799.0
first_512,512,impostor,36504.0
first_512,512,impostor,32850.0
first_512,512,impostor,27156.0
first_512,512,impostor,28970.0
first_512,512,impostor,23648.0
first_512,512,impostor,21933.0
first_512,512,impostor,20881.0
first_512,512,impostor,26187.0
first_512,512,impostor,23132.0
first_512,512,impostor,43043.0
first_512,512,impostor,64819.0
first_512,512,impostor,36583.0
first_512,512,impostor,28380.0
first_512,512,impostor,41949.0
first_512,512,impostor,30408.0
first_512,512,impostor,29386.0
first_512,512,impostor,26634.0
first_512,512,impostor,28848.0
first_512,512,impostor,27590.0
first_512,512,impostor,21209.0
first_512,512,impostor,35004.0
first_512,512,impostor,22643.0
first_512,512,impostor,37171.0
first_512,512,impostor,28095.0
first_512,512,impostor,32940.0
first_512,512,impostor,25890.0
first_512,512,impostor,25919.0
first_512,512,impostor,26585.0
first_512,512,impostor,34215.0
first_512,512,impostor,30612.0
first_512,512,impostor,25579.0
first_512,512,impostor,27867.0
first_512,512,impostor,25629.0
first_512,512,impostor,30652.0
first_512,512,impostor,27133.0
first_512,512,impostor,25712.0
first_512,512,impostor,23733.0
first_512,512,impostor,23207.0
first_512,512,impostor,23951.0
first_512,512,impostor,28914.0
first_512,512,impostor,23041.0
first_512,512,impostor,24261.0
first_512,512,impostor,26967.0
first_512,512,impostor,26604.0
first_512,512,impostor,29185.0
first_512,512,impostor,27644.0
first_512,512,impostor,32619.0
first_512,512,impostor,27066.0
first_512,512,impostor,29026.0
first_512,512,impostor,24073.0
first_512,512,impostor,27191.0
first_512,512,impostor,24650.0
first_512,512,impostor,26506.0
first_512,512,impostor,24110.0
first_512,512,impostor,20864.0
first_512,512,impostor,25722.0
first_512,512,impostor,25045.0
first_512,512,impostor,21027.0
first_512,512,impostor,20399.0
first_512,512,impostor,18903.0
first_512,512,impostor,19819.0
first_512,512,impostor,19122.0
first_512,512,impostor,23412.0
first_512,512,impostor,20736.0
first_512,512,impostor,26367.0
first_512,512,impostor,30696.0
first_512,512,impostor,49546.0
first_512,512,impostor,26272.0
first_512,512,impostor,15595.0
first_512,512,impostor,28602.0
first_512,512,impostor,18767.0
first_512,512,impostor,24211.0
first_512,512,impostor,19371.0
first_512,512,impostor,22345.0
first_512,512,impostor,18663.0
first_512,512,impostor,19478.0
first_512,512,impostor,23745.0
first_512,512,impostor,16956.0
first_512,512,impostor,28584.0
first_512,512,impostor,20622.0
first_512,512,impostor,25025.0
first_512,512,impostor,17985.0
first_512,512,impostor,21350.0
first_512,512,impostor,20260.0
first_512,512,impostor,22976.0
first_512,512,impostor,22233.0
first_512,512,impostor,18686.0
first_512,512,impostor,24526.0
first_512,512,impostor,20300.0
first_512,512,impostor,22951.0
first_512,512,impostor,21980.0
first_512,512,impostor,18045.0
first_512,512,impostor,19442.0
first_512,512,impostor,17722.0
first_512,512,impostor,20074.0
first_512,512,impostor,21111.0
first_512,512,impostor,21118.0
first_512,512,impostor,20794.0
first_512,512,impostor,18722.0
first_512,512,impostor,21877.0
first_512,512,impostor,19870.0
first_512,512,impostor,18437.0
first_512,512,impostor,28084.0
first_512,512,impostor,20043.0
first_512,512,impostor,22501.0
first_512,512,impostor,19750.0
first_512,512,impostor,20260.0
first_512,512,impostor,20339.0
first_512,512,impostor,21971.0
first_512,512,impostor,19631.0
first_512,512,impostor,23478.0
first_512,512,impostor,22590.0
first_512,512,impostor,28867.0
first_512,512,impostor,35118.0
first_512,512,impostor,56858.0
first_512,512,impostor,31132.0
first_512,512,impostor,25233.0
first_512,512,impostor,35190.0
first_512,512,impostor,17887.0
first_512,512,impostor,21347.0
first_512,512,impostor,16527.0
first_512,512,impostor,19239.0
first_512,512,impostor,21919.0
first_512,512,impostor,19236.0
first_512,512,impostor,29169.0
first_512,512,impostor,21170.0
first_512,512,impostor,30558.0
first_512,512,impostor,20364.0
first_512,512,impostor,25257.0
first_512,512,impostor,18351.0
first_512,512,impostor,22464.0
first_512,512,impostor,18724.0
first_512,512,impostor,26234.0
first_512,512,impostor,24845.0
first_512,512,impostor,16286.0
first_512,512,impostor,29582.0
first_512,512,impostor,25156.0
first_512,512,impostor,27741.0
first_512,512,impostor,20874.0
first_512,512,impostor,20059.0
first_512,512,impostor,17148.0
first_512,512,impostor,19030.0
first_512,512,impostor,19334.0
first_512,512,impostor,21449.0
first_512,512,impostor,19550.0
first_512,512,impostor,19696.0
first_512,512,impostor,17682.0
first_512,512,impostor,19205.0
first_512,512,impostor,18994.0
first_512,512,impostor,17985.0
first_512,512,impostor,28104.0
first_512,512,impostor,20331.0
first_512,512,impostor,22151.0
first_512,512,impostor,18758.0
first_512,512,impostor,23414.0
first_512,512,impostor,21121.0
first_512,512,impostor,21619.0
first_512,512,impostor,19995.0
first_512,512,impostor,23198.0
first_512,512,impostor,22078.0
first_512,512,impostor,29273.0
first_512,512,impostor,39386.0
first_512,512,impostor,60068.0
first_512,512,impostor,30900.0
first_512,512,impostor,25523.0
first_512,512,impostor,37604.0
first_512,512,impostor,21555.0
first_512,512,impostor,21345.0
first_512,512,impostor,15183.0
first_512,512,impostor,19703.0
first_512,512,impostor,21903.0
first_512,512,impostor,20106.0
first_512,512,impostor,28803.0
first_512,512,impostor,23646.0
first_512,512,impostor,35144.0
first_512,512,impostor,24738.0
first_512,512,impostor,30997.0
first_512,512,impostor,24017.0
first_512,512,impostor,22150.0
first_512,512,impostor,22130.0
first_512,512,impostor,29584.0
first_512,512,impostor,26321.0
first_512,512,impostor,18734.0
first_512,512,impostor,32864.0
first_512,512,impostor,28298.0
first_512,512,impostor,31553.0
first_512,512,impostor,21098.0
first_512,512,impostor,24965.0
first_512,512,impostor,21938.0
first_512,512,impostor,21728.0
first_512,512,impostor,16878.0
first_512,512,impostor,26075.0
first_512,512,impostor,17840.0
first_512,512,impostor,18118.0
first_512,512,impostor,19330.0
first_512,512,impostor,20685.0
first_512,512,impostor,21632.0
first_512,512,impostor,21185.0
first_512,512,impostor,30934.0
first_512,512,impostor,24265.0
first_512,512,impostor,27043.0
first_512,512,impostor,21894.0
first_512,512,impostor,24946.0
first_512,512,impostor,26087.0
first_512,512,impostor,26979.0
first_512,512,impostor,22289.0
first_512,512,impostor,25519.0
first_512,512,impostor,24833.0
first_512,512,impostor,30948.0
first_512,512,impostor,32049.0
first_512,512,impostor,56545.0
first_512,512,impostor,32067.0
first_512,512,impostor,28496.0
first_512,512,impostor,38421.0
first_512,512,impostor,21664.0
first_512,512,impostor,22072.0
first_512,512,impostor,17192.0
first_512,512,impostor,20920.0
first_512,512,impostor,20232.0
first_512,512,impostor,20195.0
first_512,512,impostor,28850.0
first_512,512,impostor,25645.0
first_512,512,impostor,27801.0
first_512,512,impostor,21521.0
first_512,512,impostor,25186.0
first_512,512,impostor,19400.0
first_512,512,impostor,23159.0
first_512,512,impostor,23663.0
first_512,512,impostor,27763.0
first_512,512,impostor,24144.0
first_512,512,impostor,18919.0
first_512,512,impostor,31629.0
first_512,512,impostor,28065.0
first_512,512,impostor,29594.0
first_512,512,impostor,25955.0
first_512,512,impostor,25676.0
first_512,512,impostor,22103.0
first_512,512,impostor,20763.0
first_512,512,impostor,20963.0
first_512,512,impostor,21666.0
first_512,512,impostor,20087.0
first_512,512,impostor,20481.0
first_512,512,impostor,19307.0
first_512,512,impostor,21152.0
first_512,512,impostor,18577.0
first_512,512,impostor,19016.0
first_512,512,impostor,27493.0
first_512,512,impostor,21140.0
first_512,512,impostor,23740.0
first_512,512,impostor,19871.0
first_512,512,impostor,24273.0
first_512,512,impostor,23410.0
first_512,512,impostor,23220.0
first_512,512,impostor,20476.0
first_512,512,impostor,22879.0
first_512,512,impostor,21979.0
first_512,512,impostor,26876.0
first_512,512,impostor,35103.0
first_512,512,impostor,58787.0
first_512,512,impostor,30785.0
first_512,512,impostor,23342.0
first_512,512,impostor,36691.0
first_512,512,impostor,19278.0
first_512,512,impostor,23600.0
first_512,512,impostor,16952.0
first_512,512,impostor,19740.0
first_512,512,impostor,22992.0
first_512,512,impostor,20671.0
first_512,512,impostor,30340.0
first_512,512,impostor,20767.0
first_512,512,impostor,32773.0
first_512,512,impostor,22759.0
first_512,512,impostor,26852.0
first_512,512,impostor,20054.0
first_512,512,impostor,20715.0
first_512,512,impostor,20725.0
first_512,512,impostor,25131.0
first_512,512,impostor,24304.0
first_512,512,impostor,18825.0
first_512,512,impostor,30817.0
first_512,512,impostor,26923.0
first_512,512,impostor,28524.0
first_512,512,impostor,21135.0
first_512,512,impostor,21318.0
first_512,512,impostor,21613.0
first_512,512,impostor,18265.0
first_512,512,impostor,20573.0
first_512,512,impostor,23976.0
first_512,512,impostor,20723.0
first_512,512,impostor,19615.0
first_512,512,impostor,19365.0
first_512,512,impostor,20132.0
first_512,512,impostor,20593.0
first_512,512,impostor,20618.0
first_512,512,impostor,30591.0
first_512,512,impostor,22226.0
first_512,512,impostor,26024.0
first_512,512,impostor,19387.0
first_512,512,impostor,26355.0
first_512,512,impostor,23454.0
first_512,512,impostor,25044.0
first_512,512,impostor,21104.0
first_512,512,impostor,22243.0
first_512,512,impostor,21515.0
first_512,512,impostor,24778.0
first_512,512,impostor,31559.0
first_512,512,impostor,54585.0
first_512,512,impostor,28181.0
first_512,512,impostor,21946.0
first_512,512,impostor,31711.0
first_512,512,impostor,17066.0
first_512,512,impostor,18878.0
first_512,512,impostor,12694.0
first_512,512,impostor,16424.0
first_512,512,impostor,15794.0
first_512,512,impostor,12945.0
first_512,512,impostor,24586.0
first_512,512,impostor,16249.0
first_512,512,impostor,27705.0
first_512,512,impostor,19175.0
first_512,512,impostor,21730.0
first_512,512,impostor,15672.0
first_512,512,impostor,20201.0
first_512,512,impostor,19119.0
first_512,512,impostor,25315.0
first_512,512,impostor,22208.0
first_512,512,impostor,16591.0
first_512,512,impostor,26329.0
first_512,512,impostor,23185.0
first_512,512,impostor,26036.0
first_512,512,impostor,19733.0
first_512,512,impostor,18458.0
first_512,512,impostor,17837.0
first_512,512,impostor,16781.0
first_512,512,impostor,18699.0
first_512,512,impostor,18722.0
first_512,512,impostor,18277.0
first_512,512,impostor,15653.0
first_512,512,impostor,14729.0
first_512,512,impostor,18018.0
first_512,512,impostor,15735.0
first_512,512,impostor,16154.0
first_512,512,impostor,25309.0
first_512,512,impostor,16730.0
first_512,512,impostor,21272.0
first_512,512,impostor,17235.0
first_512,512,impostor,21975.0
first_512,512,impostor,18446.0
first_512,512,impostor,19670.0
first_512,512,impostor,17114.0
first_512,512,impostor,20873.0
first_512,512,impostor,18001.0
first_512,512,impostor,26132.0
first_512,512,impostor,28499.0
first_512,512,impostor,50195.0
first_512,512,impostor,30573.0
first_512,512,impostor,19346.0
first_512,512,impostor,32843.0
first_512,512,impostor,19872.0
first_512,512,impostor,19092.0
first_512,512,impostor,15928.0
first_512,512,impostor,17920.0
first_512,512,impostor,15888.0
first_512,512,impostor,14679.0
first_512,512,impostor,24286.0
first_512,512,impostor,19481.0
first_512,512,impostor,26945.0
first_512,512,impostor,19039.0
first_512,512,impostor,21752.0
first_512,512,impostor,15418.0
first_512,512,impostor,22453.0
first_512,512,impostor,21045.0
first_512,512,impostor,22783.0
first_512,512,impostor,24700.0
first_512,512,impostor,16085.0
first_512,512,impostor,24827.0
first_512,512,impostor,25119.0
first_512,512,impostor,25966.0
first_512,512,impostor,20297.0
first_512,512,impostor,20546.0
first_512,512,impostor,19143.0
first_512,512,impostor,18427.0
first_512,512,impostor,17485.0
first_512,512,impostor,16978.0
first_512,512,impostor,17937.0
first_512,512,impostor,15379.0
first_512,512,impostor,14885.0
first_512,512,impostor,18198.0
first_512,512,impostor,16973.0
first_512,512,impostor,16494.0
first_512,512,impostor,25619.0
first_512,512,impostor,16246.0
first_512,512,impostor,20728.0
first_512,512,impostor,17435.0
first_512,512,impostor,21161.0
first_512,512,impostor,19624.0
first_512,512,impostor,19688.0
first_512,512,impostor,17282.0
first_512,512,impostor,19989.0
first_512,512,impostor,21425.0
first_512,512,impostor,22950.0
first_512,512,impostor,29685.0
first_512,512,impostor,55367.0
first_512,512,impostor,28599.0
first_512,512,impostor,19474.0
first_512,512,impostor,32925.0
first_512,512,impostor,18470.0
first_512,512,impostor,18574.0
first_512,512,impostor,15236.0
first_512,512,impostor,16614.0
first_512,512,impostor,16854.0
first_512,512,impostor,14503.0
first_512,512,impostor,24388.0
first_512,512,impostor,17319.0
first_512,512,impostor,25153.0
first_512,512,impostor,17985.0
first_512,512,impostor,21124.0
first_512,512,impostor,16168.0
first_512,512,impostor,19145.0
first_512,512,impostor,18765.0
first_512,512,impostor,23115.0
first_512,512,impostor,21388.0
first_512,512,impostor,16477.0
first_512,512,impostor,20803.0
first_512,512,impostor,21783.0
first_512,512,impostor,23254.0
first_512,512,impostor,17799.0
first_512,512,impostor,19302.0
first_512,512,impostor,17883.0
first_512,512,impostor,17559.0
first_512,512,impostor,17645.0
first_512,512,impostor,17122.0
first_512,512,impostor,18007.0
first_512,512,impostor,15375.0
first_512,512,impostor,15513.0
first_512,512,impostor,18018.0
first_512,512,impostor,18283.0
first_512,512,impostor,17894.0
first_512,512,impostor,23795.0
first_512,512,impostor,16134.0
first_512,512,impostor,19056.0
first_512,512,impostor,15473.0
first_512,512,impostor,21131.0
first_512,512,impostor,18120.0
first_512,512,impostor,17040.0
first_512,512,impostor,16444.0
first_512,512,impostor,22248.0
first_512,512,impostor,21978.0
first_512,512,impostor,26355.0
first_512,512,impostor,32962.0
first_512,512,impostor,56326.0
first_512,512,impostor,29896.0
first_512,512,impostor,19311.0
first_512,512,impostor,35210.0
first_512,512,impostor,16709.0
first_512,512,impostor,24817.0
first_512,512,impostor,16077.0
first_512,512,impostor,19555.0
first_512,512,impostor,18837.0
first_512,512,impostor,16404.0
first_512,512,impostor,30411.0
first_512,512,impostor,14838.0
first_512,512,impostor,30190.0
first_512,512,impostor,22988.0
first_512,512,impostor,27147.0
first_512,512,impostor,18939.0
first_512,512,impostor,19636.0
first_512,512,impostor,23168.0
first_512,512,impostor,27612.0
first_512,512,impostor,24405.0
first_512,512,impostor,17922.0
first_512,512,impostor,22850.0
first_512,512,impostor,19872.0
first_512,512,impostor,21989.0
first_512,512,impostor,19172.0
first_512,512,impostor,16773.0
first_512,512,impostor,16458.0
first_512,512,impostor,17794.0
first_512,512,impostor,18152.0
first_512,512,impostor,22093.0
first_512,512,impostor,18414.0
first_512,512,impostor,20392.0
first_512,512,impostor,19338.0
first_512,512,impostor,19377.0
first_512,512,impostor,21904.0
first_512,512,impostor,18269.0
first_512,512,impostor,28150.0
first_512,512,impostor,21423.0
first_512,512,impostor,26611.0
first_512,512,impostor,18572.0
first_512,512,impostor,22014.0
first_512,512,impostor,22447.0
first_512,512,impostor,23301.0
first_512,512,impostor,16669.0
first_512,512,impostor,22845.0
first_512,512,impostor,19425.0
first_512,512,impostor,17615.0
first_512,512,impostor,19543.0
first_512,512,impostor,20739.0
first_512,512,impostor,16958.0
first_512,512,impostor,30565.0
first_512,512,impostor,19350.0
first_512,512,impostor,30176.0
first_512,512,impostor,21746.0
first_512,512,impostor,25477.0
first_512,512,impostor,18841.0
first_512,512,impostor,20202.0
first_512,512,impostor,20608.0
first_512,512,impostor,26348.0
first_512,512,impostor,23971.0
first_512,512,impostor,16940.0
first_512,512,impostor,24522.0
first_512,512,impostor,23792.0
first_512,512,impostor,26631.0
first_512,512,impostor,20800.0
first_512,512,impostor,20947.0
first_512,512,impostor,19322.0
first_512,512,impostor,19314.0
first_512,512,impostor,13704.0
first_512,512,impostor,20213.0
first_512,512,impostor,13050.0
first_512,512,impostor,15290.0
first_512,512,impostor,18900.0
first_512,512,impostor,19233.0
first_512,512,impostor,21138.0
first_512,512,impostor,18891.0
first_512,512,impostor,24180.0
first_512,512,impostor,18655.0
first_512,512,impostor,22475.0
first_512,512,impostor,15800.0
first_512,512,impostor,20412.0
first_512,512,impostor,16519.0
first_512,512,impostor,20791.0
first_512,512,impostor,16543.0
first_512,512,impostor,20441.0
first_512,512,impostor,19589.0
first_512,512,impostor,17333.0
first_512,512,impostor,19881.0
first_512,512,impostor,21667.0
first_512,512,impostor,20024.0
first_512,512,impostor,31117.0
first_512,512,impostor,20882.0
first_512,512,impostor,29250.0
first_512,512,impostor,20904.0
first_512,512,impostor,24665.0
first_512,512,impostor,17267.0
first_512,512,impostor,20372.0
first_512,512,impostor,20670.0
first_512,512,impostor,23584.0
first_512,512,impostor,25283.0
first_512,512,impostor,16472.0
first_512,512,impostor,25804.0
first_512,512,impostor,24040.0
first_512,512,impostor,25791.0
first_512,512,impostor,19672.0
first_512,512,impostor,21493.0
first_512,512,impostor,19910.0
first_512,512,impostor,17616.0
first_512,512,impostor,18772.0
first_512,512,impostor,19483.0
first_512,512,impostor,15754.0
first_512,512,impostor,16832.0
first_512,512,impostor,17614.0
first_512,512,impostor,18809.0
first_512,512,impostor,18344.0
first_512,512,impostor,17871.0
first_512,512,impostor,26474.0
first_512,512,impostor,18815.0
first_512,512,impostor,22639.0
first_512,512,impostor,18114.0
first_512,512,impostor,19428.0
first_512,512,impostor,19401.0
first_512,512,impostor,21321.0
first_512,512,impostor,19591.0
first_512,512,impostor,26856.0
first_512,512,impostor,22920.0
first_512,512,impostor,20670.0
first_512,512,impostor,24852.0
first_512,512,impostor,23842.0
first_512,512,impostor,19727.0
first_512,512,impostor,33390.0
first_512,512,impostor,25067.0
first_512,512,impostor,32845.0
first_512,512,impostor,24253.0
first_512,512,impostor,29076.0
first_512,512,impostor,19136.0
first_512,512,impostor,22769.0
first_512,512,impostor,24603.0
first_512,512,impostor,29583.0
first_512,512,impostor,27114.0
first_512,512,impostor,23757.0
first_512,512,impostor,24721.0
first_512,512,impostor,24835.0
first_512,512,impostor,28000.0
first_512,512,impostor,24593.0
first_512,512,impostor,26094.0
first_512,512,impostor,24933.0
first_512,512,impostor,20831.0
first_512,512,impostor,21285.0
first_512,512,impostor,22666.0
first_512,512,impostor,19155.0
first_512,512,impostor,19551.0
first_512,512,impostor,22269.0
first_512,512,impostor,20746.0
first_512,512,impostor,25313.0
first_512,512,impostor,22260.0
first_512,512,impostor,29603.0
first_512,512,impostor,21104.0
first_512,512,impostor,23888.0
first_512,512,impostor,20329.0
first_512,512,impostor,20833.0
first_512,512,impostor,19702.0
first_512,512,impostor,22620.0
first_512,512,impostor,19428.0
first_512,512,impostor,28759.0
first_512,512,impostor,30065.0
first_512,512,impostor,29327.0
first_512,512,impostor,26601.0
first_512,512,impostor,32541.0
first_512,512,impostor,31798.0
first_512,512,impostor,31659.0
first_512,512,impostor,35678.0
first_512,512,impostor,18230.0
first_512,512,impostor,27260.0
first_512,512,impostor,18563.0
first_512,512,impostor,27155.0
first_512,512,impostor,31180.0
first_512,512,impostor,29958.0
first_512,512,impostor,25336.0
first_512,512,impostor,26441.0
first_512,512,impostor,32442.0
first_512,512,impostor,32326.0
first_512,512,impostor,33922.0
first_512,512,impostor,23371.0
first_512,512,impostor,25586.0
first_512,512,impostor,32815.0
first_512,512,impostor,33398.0
first_512,512,impostor,30614.0
first_512,512,impostor,34134.0
first_512,512,impostor,24149.0
first_512,512,impostor,32558.0
first_512,512,impostor,28872.0
first_512,512,impostor,28548.0
first_512,512,impostor,28885.0
first_512,512,impostor,28026.0
first_512,512,impostor,28201.0
first_512,512,impostor,19868.0
first_512,512,impostor,26939.0
first_512,512,impostor,21055.0
first_512,512,impostor,28950.0
first_512,512,impostor,30636.0
first_512,512,impostor,29583.0
first_512,512,impostor,27001.0
first_512,512,impostor,27647.0
first_512,512,impostor,54023.0
first_512,512,impostor,59265.0
first_512,512,impostor,53747.0
first_512,512,impostor,51227.0
first_512,512,impostor,54431.0
first_512,512,impostor,54406.0
first_512,512,impostor,45231.0
first_512,512,impostor,54308.0
first_512,512,impostor,46848.0
first_512,512,impostor,52422.0
first_512,512,impostor,49557.0
first_512,512,impostor,53505.0
first_512,512,impostor,57082.0
first_512,512,impostor,52984.0
first_512,512,impostor,48730.0
first_512,512,impostor,51759.0
first_512,512,impostor,56684.0
first_512,512,impostor,57192.0
first_512,512,impostor,56640.0
first_512,512,impostor,53333.0
first_512,512,impostor,52752.0
first_512,512,impostor,54761.0
first_512,512,impostor,55854.0
first_512,512,impostor,55642.0
first_512,512,impostor,57868.0
first_512,512,impostor,50589.0
first_512,512,impostor,56912.0
first_512,512,impostor,53360.0
first_512,512,impostor,53808.0
first_512,512,impostor,52389.0
first_512,512,impostor,52492.0
first_512,512,impostor,52617.0
first_512,512,impostor,52436.0
first_512,512,impostor,52971.0
first_512,512,impostor,50631.0
first_512,512,impostor,53348.0
first_512,512,impostor,51312.0
first_512,512,impostor,54685.0
first_512,512,impostor,54737.0
first_512,512,impostor,53435.0
first_512,512,impostor,28509.0
first_512,512,impostor,30165.0
first_512,512,impostor,26153.0
first_512,512,impostor,27575.0
first_512,512,impostor,24961.0
first_512,512,impostor,24700.0
first_512,512,impostor,20041.0
first_512,512,impostor,29464.0
first_512,512,impostor,26190.0
first_512,512,impostor,31592.0
first_512,512,impostor,23015.0
first_512,512,impostor,27001.0
first_512,512,impostor,30172.0
first_512,512,impostor,25940.0
first_512,512,impostor,26670.0
first_512,512,impostor,22533.0
first_512,512,impostor,27532.0
first_512,512,impostor,35500.0
first_512,512,impostor,35032.0
first_512,512,impostor,29927.0
first_512,512,impostor,23978.0
first_512,512,impostor,30747.0
first_512,512,impostor,29560.0
first_512,512,impostor,27494.0
first_512,512,impostor,29020.0
first_512,512,impostor,29067.0
first_512,512,impostor,27234.0
first_512,512,impostor,28874.0
first_512,512,impostor,28426.0
first_512,512,impostor,28753.0
first_512,512,impostor,30354.0
first_512,512,impostor,28537.0
first_512,512,impostor,22798.0
first_512,512,impostor,31531.0
first_512,512,impostor,24347.0
first_512,512,impostor,28614.0
first_512,512,impostor,32420.0
first_512,512,impostor,31539.0
first_512,512,impostor,32517.0
first_512,512,impostor,28469.0
first_512,512,impostor,20016.0
first_512,512,impostor,25792.0
first_512,512,impostor,20056.0
first_512,512,impostor,22558.0
first_512,512,impostor,19128.0
first_512,512,impostor,19097.0
first_512,512,impostor,22730.0
first_512,512,impostor,18477.0
first_512,512,impostor,30825.0
first_512,512,impostor,24121.0
first_512,512,impostor,27356.0
first_512,512,impostor,22072.0
first_512,512,impostor,23135.0
first_512,512,impostor,24503.0
first_512,512,impostor,27089.0
first_512,512,impostor,25432.0
first_512,512,impostor,21585.0
first_512,512,impostor,28499.0
first_512,512,impostor,25145.0
first_512,512,impostor,27222.0
first_512,512,impostor,21799.0
first_512,512,impostor,21242.0
first_512,512,impostor,18595.0
first_512,512,impostor,21121.0
first_512,512,impostor,20429.0
first_512,512,impostor,23506.0
first_512,512,impostor,22069.0
first_512,512,impostor,21821.0
first_512,512,impostor,21849.0
first_512,512,impostor,21840.0
first_512,512,impostor,22549.0
first_512,512,impostor,21388.0
first_512,512,impostor,29595.0
first_512,512,impostor,24466.0
first_512,512,impostor,25884.0
first_512,512,impostor,21709.0
first_512,512,impostor,24397.0
first_512,512,impostor,22576.0
first_512,512,impostor,26536.0
first_512,512,impostor,23474.0
first_512,512,impostor,32585.0
first_512,512,impostor,35883.0
first_512,512,impostor,32251.0
first_512,512,impostor,30943.0
first_512,512,impostor,31069.0
first_512,512,impostor,31828.0
first_512,512,impostor,25945.0
first_512,512,impostor,31932.0
first_512,512,impostor,28380.0
first_512,512,impostor,31800.0
first_512,512,impostor,29983.0
first_512,512,impostor,30885.0
first_512,512,impostor,33030.0
first_512,512,impostor,30182.0
first_512,512,impostor,31318.0
first_512,512,impostor,28979.0
first_512,512,impostor,33250.0
first_512,512,impostor,36260.0
first_512,512,impostor,35224.0
first_512,512,impostor,35003.0
first_512,512,impostor,30878.0
first_512,512,impostor,32937.0
first_512,512,impostor,33382.0
first_512,512,impostor,32726.0
first_512,512,impostor,37126.0
first_512,512,impostor,31353.0
first_512,512,impostor,35218.0
first_512,512,impostor,34144.0
first_512,512,impostor,32734.0
first_512,512,impostor,34179.0
first_512,512,impostor,34104.0
first_512,512,impostor,31837.0
first_512,512,impostor,31576.0
first_512,512,impostor,33475.0
first_512,512,impostor,30437.0
first_512,512,impostor,31698.0
first_512,512,impostor,34568.0
first_512,512,impostor,31685.0
first_512,512,impostor,34245.0
first_512,512,impostor,34041.0
first_512,512,impostor,24483.0
first_512,512,impostor,17637.0
first_512,512,impostor,21050.0
first_512,512,impostor,16480.0
first_512,512,impostor,20123.0
first_512,512,impostor,18105.0
first_512,512,impostor,24863.0
first_512,512,impostor,20194.0
first_512,512,impostor,16689.0
first_512,512,impostor,21345.0
first_512,512,impostor,19253.0
first_512,512,impostor,19018.0
first_512,512,impostor,16327.0
first_512,512,impostor,15442.0
first_512,512,impostor,15975.0
first_512,512,impostor,16067.0
first_512,512,impostor,18365.0
first_512,512,impostor,16308.0
first_512,512,impostor,18461.0
first_512,512,impostor,15741.0
first_512,512,impostor,14955.0
first_512,512,impostor,16216.0
first_512,512,impostor,19133.0
first_512,512,impostor,15826.0
first_512,512,impostor,23767.0
first_512,512,impostor,18016.0
first_512,512,impostor,20490.0
first_512,512,impostor,16571.0
first_512,512,impostor,20205.0
first_512,512,impostor,18458.0
first_512,512,impostor,20880.0
first_512,512,impostor,17422.0
first_512,512,impostor,25029.0
first_512,512,impostor,18895.0
first_512,512,impostor,20326.0
first_512,512,impostor,14164.0
first_512,512,impostor,21509.0
first_512,512,impostor,19785.0
first_512,512,impostor,25789.0
first_512,512,impostor,23122.0
first_512,512,impostor,18389.0
first_512,512,impostor,24381.0
first_512,512,impostor,26463.0
first_512,512,impostor,24866.0
first_512,512,impostor,20137.0
first_512,512,impostor,22412.0
first_512,512,impostor,20663.0
first_512,512,impostor,18605.0
first_512,512,impostor,20109.0
first_512,512,impostor,17102.0
first_512,512,impostor,17221.0
first_512,512,impostor,13621.0
first_512,512,impostor,16453.0
first_512,512,impostor,16040.0
first_512,512,impostor,17237.0
first_512,512,impostor,18190.0
first_512,512,impostor,23801.0
first_512,512,impostor,15300.0
first_512,512,impostor,18230.0
first_512,512,impostor,17601.0
first_512,512,impostor,21649.0
first_512,512,impostor,17260.0
first_512,512,impostor,18512.0
first_512,512,impostor,17528.0
first_512,512,impostor,25519.0
first_512,512,impostor,15893.0
first_512,512,impostor,20678.0
first_512,512,impostor,14134.0
first_512,512,impostor,17099.0
first_512,512,impostor,18129.0
first_512,512,impostor,22707.0
first_512,512,impostor,20904.0
first_512,512,impostor,13059.0
first_512,512,impostor,21701.0
first_512,512,impostor,19347.0
first_512,512,impostor,22258.0
first_512,512,impostor,14897.0
first_512,512,impostor,16174.0
first_512,512,impostor,14575.0
first_512,512,impostor,15061.0
first_512,512,impostor,14203.0
first_512,512,impostor,16340.0
first_512,512,impostor,13353.0
first_512,512,impostor,10871.0
first_512,512,impostor,12603.0
first_512,512,impostor,13848.0
first_512,512,impostor,14681.0
first_512,512,impostor,13538.0
first_512,512,impostor,21865.0
first_512,512,impostor,15746.0
first_512,512,impostor,17664.0
first_512,512,impostor,14263.0
first_512,512,impostor,18427.0
first_512,512,impostor,16398.0
first_512,512,impostor,18596.0
first_512,512,impostor,15020.0
first_512,512,impostor,21231.0
first_512,512,impostor,16137.0
first_512,512,impostor,17184.0
first_512,512,impostor,15356.0
first_512,512,impostor,18453.0
first_512,512,impostor,16897.0
first_512,512,impostor,21757.0
first_512,512,impostor,20016.0
first_512,512,impostor,16193.0
first_512,512,impostor,21493.0
first_512,512,impostor,21353.0
first_512,512,impostor,20102.0
first_512,512,impostor,15619.0
first_512,512,impostor,18932.0
first_512,512,impostor,17307.0
first_512,512,impostor,17405.0
first_512,512,impostor,18441.0
first_512,512,impostor,14820.0
first_512,512,impostor,17619.0
first_512,512,impostor,13047.0
first_512,512,impostor,13813.0
first_512,512,impostor,14150.0
first_512,512,impostor,17047.0
first_512,512,impostor,14620.0
first_512,512,impostor,20369.0
first_512,512,impostor,15876.0
first_512,512,impostor,16554.0
first_512,512,impostor,15951.0
first_512,512,impostor,19783.0
first_512,512,impostor,18092.0
first_512,512,impostor,19076.0
first_512,512,impostor,16186.0
first_512,512,impostor,27707.0
first_512,512,impostor,19981.0
first_512,512,impostor,23496.0
first_512,512,impostor,15300.0
first_512,512,impostor,21259.0
first_512,512,impostor,19461.0
first_512,512,impostor,25365.0
first_512,512,impostor,22946.0
first_512,512,impostor,17539.0
first_512,512,impostor,24685.0
first_512,512,impostor,22105.0
first_512,512,impostor,24262.0
first_512,512,impostor,19869.0
first_512,512,impostor,18694.0
first_512,512,impostor,19401.0
first_512,512,impostor,17025.0
first_512,512,impostor,17481.0
first_512,512,impostor,19208.0
first_512,512,impostor,19009.0
first_512,512,impostor,16557.0
first_512,512,impostor,16161.0
first_512,512,impostor,16916.0
first_512,512,impostor,18037.0
first_512,512,impostor,16970.0
first_512,512,impostor,25963.0
first_512,512,impostor,17530.0
first_512,512,impostor,21278.0
first_512,512,impostor,19517.0
first_512,512,impostor,23397.0
first_512,512,impostor,21444.0
first_512,512,impostor,18512.0
first_512,512,impostor,17286.0
first_512,512,impostor,26990.0
first_512,512,impostor,18448.0
first_512,512,impostor,22447.0
first_512,512,impostor,16031.0
first_512,512,impostor,18480.0
first_512,512,impostor,18592.0
first_512,512,impostor,23616.0
first_512,512,impostor,22641.0
first_512,512,impostor,15140.0
first_512,512,impostor,23824.0
first_512,512,impostor,21156.0
first_512,512,impostor,24245.0
first_512,512,impostor,18110.0
first_512,512,impostor,17685.0
first_512,512,impostor,16452.0
first_512,512,impostor,16238.0
first_512,512,impostor,15948.0
first_512,512,impostor,17587.0
first_512,512,impostor,14586.0
first_512,512,impostor,14428.0
first_512,512,impostor,15088.0
first_512,512,impostor,16259.0
first_512,512,impostor,16772.0
first_512,512,impostor,15635.0
first_512,512,impostor,22854.0
first_512,512,impostor,16141.0
first_512,512,impostor,19605.0
first_512,512,impostor,15830.0
first_512,512,impostor,21554.0
first_512,512,impostor,17323.0
first_512,512,impostor,18827.0
first_512,512,impostor,14869.0
first_512,512,impostor,25029.0
first_512,512,impostor,25357.0
first_512,512,impostor,20596.0
first_512,512,impostor,24342.0
first_512,512,impostor,28453.0
first_512,512,impostor,25039.0
first_512,512,impostor,24075.0
first_512,512,impostor,23174.0
first_512,512,impostor,26895.0
first_512,512,impostor,31463.0
first_512,512,impostor,31265.0
first_512,512,impostor,28054.0
first_512,512,impostor,24855.0
first_512,512,impostor,28528.0
first_512,512,impostor,28135.0
first_512,512,impostor,27689.0
first_512,512,impostor,27935.0
first_512,512,impostor,24630.0
first_512,512,impostor,28345.0
first_512,512,impostor,24269.0
first_512,512,impostor,24211.0
first_512,512,impostor,25708.0
first_512,512,impostor,27977.0
first_512,512,impostor,26786.0
first_512,512,impostor,24283.0
first_512,512,impostor,26056.0
first_512,512,impostor,22792.0
first_512,512,impostor,26325.0
first_512,512,impostor,31079.0
first_512,512,impostor,27640.0
first_512,512,impostor,27326.0
first_512,512,impostor,28854.0
first_512,512,impostor,30240.0
first_512,512,impostor,20746.0
first_512,512,impostor,25679.0
first_512,512,impostor,17831.0
first_512,512,impostor,19518.0
first_512,512,impostor,20606.0
first_512,512,impostor,26902.0
first_512,512,impostor,24315.0
first_512,512,impostor,19770.0
first_512,512,impostor,22088.0
first_512,512,impostor,17664.0
first_512,512,impostor,21447.0
first_512,512,impostor,19520.0
first_512,512,impostor,14587.0
first_512,512,impostor,16862.0
first_512,512,impostor,16418.0
first_512,512,impostor,20132.0
first_512,512,impostor,20617.0
first_512,512,impostor,18852.0
first_512,512,impostor,19974.0
first_512,512,impostor,19008.0
first_512,512,impostor,18459.0
first_512,512,impostor,21658.0
first_512,512,impostor,19185.0
first_512,512,impostor,28602.0
first_512,512,impostor,19709.0
first_512,512,impostor,24299.0
first_512,512,impostor,18748.0
first_512,512,impostor,21714.0
first_512,512,impostor,20507.0
first_512,512,impostor,22411.0
first_512,512,impostor,18013.0
first_512,512,impostor,27998.0
first_512,512,impostor,26458.0
first_512,512,impostor,30710.0
first_512,512,impostor,21503.0
first_512,512,impostor,22072.0
first_512,512,impostor,28965.0
first_512,512,impostor,28944.0
first_512,512,impostor,27218.0
first_512,512,impostor,27940.0
first_512,512,impostor,18183.0
first_512,512,impostor,27658.0
first_512,512,impostor,23572.0
first_512,512,impostor,24348.0
first_512,512,impostor,25187.0
first_512,512,impostor,26990.0
first_512,512,impostor,23767.0
first_512,512,impostor,13836.0
first_512,512,impostor,20873.0
first_512,512,impostor,15831.0
first_512,512,impostor,23788.0
first_512,512,impostor,27160.0
first_512,512,impostor,24897.0
first_512,512,impostor,22215.0
first_512,512,impostor,23739.0
first_512,512,impostor,16458.0
first_512,512,impostor,20100.0
first_512,512,impostor,18720.0
first_512,512,impostor,20881.0
first_512,512,impostor,19424.0
first_512,512,impostor,18991.0
first_512,512,impostor,17138.0
first_512,512,impostor,16676.0
first_512,512,impostor,19500.0
first_512,512,impostor,15335.0
first_512,512,impostor,19136.0
first_512,512,impostor,16118.0
first_512,512,impostor,15382.0
first_512,512,impostor,17865.0
first_512,512,impostor,17660.0
first_512,512,impostor,16565.0
first_512,512,impostor,23020.0
first_512,512,impostor,15909.0
first_512,512,impostor,16145.0
first_512,512,impostor,13858.0
first_512,512,impostor,19628.0
first_512,512,impostor,14963.0
first_512,512,impostor,14301.0
first_512,512,impostor,19929.0
first_512,512,impostor,22969.0
first_512,512,impostor,23159.0
first_512,512,impostor,27827.0
first_512,512,impostor,19220.0
first_512,512,impostor,17861.0
first_512,512,impostor,24250.0
first_512,512,impostor,23551.0
first_512,512,impostor,22553.0
first_512,512,impostor,25135.0
first_512,512,impostor,15806.0
first_512,512,impostor,23489.0
first_512,512,impostor,18791.0
first_512,512,impostor,19683.0
first_512,512,impostor,20286.0
first_512,512,impostor,22915.0
first_512,512,impostor,21164.0
first_512,512,impostor,13409.0
first_512,512,impostor,17694.0
first_512,512,impostor,14084.0
first_512,512,impostor,19001.0
first_512,512,impostor,23349.0
first_512,512,impostor,19426.0
first_512,512,impostor,20088.0
first_512,512,impostor,19976.0
first_512,512,impostor,13767.0
first_512,512,impostor,18727.0
first_512,512,impostor,18227.0
first_512,512,impostor,19014.0
first_512,512,impostor,16169.0
first_512,512,impostor,17582.0
first_512,512,impostor,16541.0
first_512,512,impostor,12749.0
first_512,512,impostor,16213.0
first_512,512,impostor,12410.0
first_512,512,impostor,14721.0
first_512,512,impostor,12777.0
first_512,512,impostor,12041.0
first_512,512,impostor,15562.0
first_512,512,impostor,14367.0
first_512,512,impostor,13004.0
first_512,512,impostor,19817.0
first_512,512,impostor,11604.0
first_512,512,impostor,14780.0
first_512,512,impostor,13239.0
first_512,512,impostor,17271.0
first_512,512,impostor,14386.0
first_512,512,impostor,13550.0
first_512,512,impostor,13182.0
first_512,512,impostor,17848.0
first_512,512,impostor,21588.0
first_512,512,impostor,22208.0
first_512,512,impostor,22343.0
first_512,512,impostor,18556.0
first_512,512,impostor,20851.0
first_512,512,impostor,18118.0
first_512,512,impostor,17932.0
first_512,512,impostor,18782.0
first_512,512,impostor,18937.0
first_512,512,impostor,19444.0
first_512,512,impostor,18554.0
first_512,512,impostor,19198.0
first_512,512,impostor,19641.0
first_512,512,impostor,21148.0
first_512,512,impostor,19857.0
first_512,512,impostor,23310.0
first_512,512,impostor,18851.0
first_512,512,impostor,19467.0
first_512,512,impostor,17718.0
first_512,512,impostor,19762.0
first_512,512,impostor,20221.0
first_512,512,impostor,20503.0
first_512,512,impostor,19525.0
first_512,512,impostor,18866.0
first_512,512,impostor,21750.0
first_512,512,impostor,21124.0
first_512,512,impostor,20339.0
first_512,512,impostor,17388.0
first_512,512,impostor,18967.0
first_512,512,impostor,20444.0
first_512,512,impostor,17292.0
first_512,512,impostor,19692.0
first_512,512,impostor,15309.0
first_512,512,impostor,19830.0
first_512,512,impostor,16874.0
first_512,512,impostor,17688.0
first_512,512,impostor,16903.0
first_512,512,impostor,19978.0
first_512,512,impostor,18157.0
first_512,512,impostor,20932.0
first_512,512,impostor,16377.0
first_512,512,impostor,17165.0
first_512,512,impostor,16482.0
first_512,512,impostor,19570.0
first_512,512,impostor,18439.0
first_512,512,impostor,20269.0
first_512,512,impostor,17521.0
first_512,512,impostor,22864.0
first_512,512,impostor,27458.0
first_512,512,impostor,27750.0
first_512,512,impostor,22929.0
first_512,512,impostor,20526.0
first_512,512,impostor,25245.0
first_512,512,impostor,25168.0
first_512,512,impostor,23220.0
first_512,512,impostor,25526.0
first_512,512,impostor,19501.0
first_512,512,impostor,25690.0
first_512,512,impostor,22924.0
first_512,512,impostor,23520.0
first_512,512,impostor,22817.0
first_512,512,impostor,24306.0
first_512,512,impostor,23987.0
first_512,512,impostor,23142.0
first_512,512,impostor,22199.0
first_512,512,impostor,17741.0
first_512,512,impostor,21392.0
first_512,512,impostor,24032.0
first_512,512,impostor,23149.0
first_512,512,impostor,23283.0
first_512,512,impostor,22593.0
first_512,512,impostor,21525.0
first_512,512,impostor,25053.0
first_512,512,impostor,26301.0
first_512,512,impostor,20148.0
first_512,512,impostor,19459.0
first_512,512,impostor,23410.0
first_512,512,impostor,23783.0
first_512,512,impostor,20801.0
first_512,512,impostor,23923.0
first_512,512,impostor,16776.0
first_512,512,impostor,22163.0
first_512,512,impostor,20755.0
first_512,512,impostor,22561.0
first_512,512,impostor,21832.0
first_512,512,impostor,23549.0
first_512,512,impostor,21708.0
first_512,512,impostor,20343.0
first_512,512,impostor,19490.0
first_512,512,impostor,16646.0
first_512,512,impostor,18229.0
first_512,512,impostor,22251.0
first_512,512,impostor,19986.0
first_512,512,impostor,21584.0
first_512,512,impostor,20072.0
first_512,512,impostor,13526.0
first_512,512,impostor,18783.0
first_512,512,impostor,12780.0
first_512,512,impostor,15536.0
first_512,512,impostor,15682.0
first_512,512,impostor,17857.0
first_512,512,impostor,14914.0
first_512,512,impostor,16299.0
first_512,512,impostor,24088.0
first_512,512,impostor,17837.0
first_512,512,impostor,20457.0
first_512,512,impostor,15284.0
first_512,512,impostor,21442.0
first_512,512,impostor,16897.0
first_512,512,impostor,17675.0
first_512,512,impostor,16475.0
first_512,512,impostor,23946.0
first_512,512,impostor,19481.0
first_512,512,impostor,22142.0
first_512,512,impostor,21232.0
first_512,512,impostor,21352.0
first_512,512,impostor,20893.0
first_512,512,impostor,25516.0
first_512,512,impostor,20961.0
first_512,512,impostor,24972.0
first_512,512,impostor,18733.0
first_512,512,impostor,23395.0
first_512,512,impostor,21058.0
first_512,512,impostor,21502.0
first_512,512,impostor,19845.0
first_512,512,impostor,18301.0
first_512,512,impostor,20815.0
first_512,512,impostor,22196.0
first_512,512,impostor,22373.0
first_512,512,impostor,21280.0
first_512,512,impostor,21230.0
first_512,512,impostor,20332.0
first_512,512,impostor,20571.0
first_512,512,impostor,23066.0
first_512,512,impostor,19899.0
first_512,512,impostor,27742.0
first_512,512,impostor,21839.0
first_512,512,impostor,25793.0
first_512,512,impostor,19184.0
first_512,512,impostor,20618.0
first_512,512,impostor,19973.0
first_512,512,impostor,18727.0
first_512,512,impostor,19383.0
first_512,512,impostor,27321.0
first_512,512,impostor,18756.0
first_512,512,impostor,24741.0
first_512,512,impostor,21783.0
first_512,512,impostor,21929.0
first_512,512,impostor,20686.0
first_512,512,impostor,25995.0
first_512,512,impostor,20386.0
first_512,512,impostor,20183.0
first_512,512,impostor,19586.0
first_512,512,impostor,20808.0
first_512,512,impostor,21435.0
first_512,512,impostor,21689.0
first_512,512,impostor,22760.0
first_512,512,impostor,21872.0
first_512,512,impostor,22040.0
first_512,512,impostor,18976.0
first_512,512,impostor,16475.0
first_512,512,impostor,19542.0
first_512,512,impostor,16722.0
first_512,512,impostor,17162.0
first_512,512,impostor,16845.0
first_512,512,impostor,19556.0
first_512,512,impostor,17571.0
first_512,512,impostor,17642.0
first_512,512,impostor,18133.0
first_512,512,impostor,17069.0
first_512,512,impostor,17256.0
first_512,512,impostor,22086.0
first_512,512,impostor,20855.0
first_512,512,impostor,20731.0
first_512,512,impostor,18029.0
first_512,512,impostor,18777.0
first_512,512,impostor,19896.0
first_512,512,impostor,18083.0
first_512,512,impostor,19895.0
first_512,512,impostor,15635.0
first_512,512,impostor,16884.0
first_512,512,impostor,21099.0
first_512,512,impostor,18200.0
first_512,512,impostor,25605.0
first_512,512,impostor,17860.0
first_512,512,impostor,23868.0
first_512,512,impostor,16141.0
first_512,512,impostor,21021.0
first_512,512,impostor,17476.0
first_512,512,impostor,18632.0
first_512,512,impostor,16278.0
first_512,512,impostor,17446.0
first_512,512,impostor,20453.0
first_512,512,impostor,17280.0
first_512,512,impostor,17064.0
first_512,512,impostor,17052.0
first_512,512,impostor,17985.0
first_512,512,impostor,17546.0
first_512,512,impostor,18227.0
first_512,512,impostor,24762.0
first_512,512,impostor,17669.0
first_512,512,impostor,21427.0
first_512,512,impostor,15716.0
first_512,512,impostor,20528.0
first_512,512,impostor,16743.0
first_512,512,impostor,18129.0
first_512,512,impostor,17187.0
first_512,512,impostor,17754.0
first_512,512,impostor,18301.0
first_512,512,impostor,14562.0
first_512,512,impostor,15876.0
first_512,512,impostor,14728.0
first_512,512,impostor,16389.0
first_512,512,impostor,16006.0
first_512,512,impostor,15711.0
first_512,512,impostor,24924.0
first_512,512,impostor,17015.0
first_512,512,impostor,21003.0
first_512,512,impostor,15584.0
first_512,512,impostor,18716.0
first_512,512,impostor,17067.0
first_512,512,impostor,15441.0
first_512,512,impostor,14009.0
first_512,512,impostor,24100.0
first_512,512,impostor,19023.0
first_512,512,impostor,21525.0
first_512,512,impostor,15020.0
first_512,512,impostor,20748.0
first_512,512,impostor,18043.0
first_512,512,impostor,19951.0
first_512,512,impostor,16233.0
first_512,512,impostor,18657.0
first_512,512,impostor,11926.0
first_512,512,impostor,12656.0
first_512,512,impostor,14601.0
first_512,512,impostor,18643.0
first_512,512,impostor,14840.0
first_512,512,impostor,14728.0
first_512,512,impostor,16862.0
first_512,512,impostor,22744.0
first_512,512,impostor,16783.0
first_512,512,impostor,21341.0
first_512,512,impostor,13390.0
first_512,512,impostor,18626.0
first_512,512,impostor,16893.0
first_512,512,impostor,17749.0
first_512,512,impostor,13381.0
first_512,512,impostor,20798.0
first_512,512,impostor,13397.0
first_512,512,impostor,16709.0
first_512,512,impostor,14594.0
first_512,512,impostor,17840.0
first_512,512,impostor,15837.0
first_512,512,impostor,16335.0
first_512,512,impostor,15499.0
first_512,512,impostor,22146.0
first_512,512,impostor,15123.0
first_512,512,impostor,19289.0
first_512,512,impostor,13820.0
first_512,512,impostor,18068.0
first_512,512,impostor,17191.0
first_512,512,impostor,15361.0
first_512,512,impostor,15099.0
first_512,512,impostor,22457.0
first_512,512,impostor,15260.0
first_512,512,impostor,18746.0
first_512,512,impostor,15959.0
first_512,512,impostor,19999.0
first_512,512,impostor,17090.0
first_512,512,impostor,17782.0
first_512,512,impostor,16092.0
first_512,512,impostor,25216.0
first_512,512,impostor,16903.0
first_512,512,impostor,20515.0
first_512,512,impostor,15440.0
first_512,512,impostor,21296.0
first_512,512,impostor,17379.0
first_512,512,impostor,17629.0
first_512,512,impostor,16753.0
first_512,512,impostor,22549.0
first_512,512,impostor,13330.0
first_512,512,impostor,19164.0
first_512,512,impostor,16263.0
first_512,512,impostor,16629.0
first_512,512,impostor,16610.0
first_512,512,impostor,16382.0
first_512,512,impostor,16448.0
full,12321,genuine,28835.0
full,12321,genuine,27625.0
full,12321,genuine,52552.0
full,12321,genuine,28744.0
full,12321,genuine,32509.0
full,12321,genuine,50962.0
full,12321,genuine,26965.0
full,12321,genuine,39570.0
full,12321,genuine,51357.0
full,12321,genuine,33079.0
full,12321,genuine,37514.0
full,12321,genuine,53525.0
full,12321,genuine,37044.0
full,12321,genuine,58533.0
full,12321,genuine,31897.0
full,12321,genuine,34644.0
full,12321,genuine,48621.0
full,12321,genuine,27644.0
full,12321,genuine,62968.0
full,12321,genuine,70505.0
full,12321,genuine,80014.0
full,12321,genuine,64443.0
full,12321,genuine,24423.0
full,12321,genuine,43774.0
full,12321,genuine,27349.0
full,12321,genuine,39625.0
full,12321,genuine,27862.0
full,12321,genuine,45499.0
full,12321,genuine,54361.0
full,12321,genuine,79648.0
full,12321,genuine,47819.0
full,12321,genuine,39047.0
full,12321,genuine,54791.0
full,12321,genuine,48273.0
full,12321,genuine,49746.0
full,12321,genuine,70041.0
full,12321,genuine,51274.0
full,12321,genuine,46244.0
full,12321,genuine,24992.0
full,12321,genuine,48256.0
full,12321,genuine,30491.0
full,12321,genuine,93551.0
full,12321,genuine,65417.0
full,12321,genuine,60725.0
full,12321,genuine,59007.0
full,12321,genuine,78348.0
full,12321,genuine,45742.0
full,12321,genuine,57758.0
full,12321,genuine,57422.0
full,12321,genuine,39763.0
full,12321,genuine,45734.0
full,12321,genuine,28368.0
full,12321,genuine,41195.0
full,12321,genuine,47922.0
full,12321,genuine,36267.0
full,12321,genuine,45365.0
full,12321,genuine,48595.0
full,12321,genuine,34641.0
full,12321,genuine,32647.0
full,12321,genuine,40538.0
full,12321,genuine,46856.0
full,12321,genuine,51781.0
full,12321,genuine,28380.0
full,12321,genuine,40642.0
full,12321,genuine,38470.0
full,12321,genuine,55167.0
full,12321,genuine,57625.0
full,12321,genuine,64248.0
full,12321,genuine,59147.0
full,12321,genuine,26048.0
full,12321,genuine,39799.0
full,12321,genuine,45373.0
full,12321,genuine,53630.0
full,12321,genuine,43493.0
full,12321,genuine,44173.0
full,12321,genuine,49739.0
full,12321,genuine,57372.0
full,12321,genuine,41947.0
full,12321,genuine,27214.0
full,12321,genuine,31045.0
full,12321,genuine,42798.0
full,12321,genuine,25309.0
full,12321,genuine,49668.0
full,12321,genuine,53759.0
full,12321,genuine,27271.0
full,12321,genuine,34552.0
full,12321,genuine,28696.0
full,12321,genuine,31729.0
full,12321,genuine,39190.0
full,12321,genuine,38856.0
full,12321,genuine,44663.0
full,12321,genuine,37403.0
full,12321,genuine,28553.0
full,12321,genuine,30404.0
full,12321,genuine,36587.0
full,12321,genuine,36591.0
full,12321,genuine,46076.0
full,12321,genuine,38176.0
full,12321,genuine,37719.0
full,12321,genuine,48662.0
full,12321,genuine,53780.0
full,12321,genuine,53899.0
full,12321,genuine,32521.0
full,12321,genuine,40116.0
full,12321,genuine,36222.0
full,12321,genuine,41431.0
full,12321,genuine,32983.0
full,12321,genuine,38089.0
full,12321,genuine,48498.0
full,12321,genuine,33764.0
full,12321,genuine,54749.0
full,12321,genuine,42445.0
full,12321,genuine,43597.0
full,12321,genuine,29934.0
full,12321,genuine,73261.0
full,12321,genuine,88478.0
full,12321,genuine,52946.0
full,12321,genuine,56812.0
full,12321,genuine,77749.0
full,12321,genuine,53277.0
full,12321,genuine,50066.0
full,12321,genuine,62271.0
full,12321,genuine,29969.0
full,12321,genuine,29095.0
full,12321,genuine,49192.0
full,12321,genuine,76517.0
full,12321,genuine,93808.0
full,12321,genuine,64216.0
full,12321,genuine,66440.0
full,12321,genuine,84807.0
full,12321,genuine,44309.0
full,12321,genuine,53637.0
full,12321,genuine,48587.0
full,12321,genuine,32908.0
full,12321,genuine,64654.0
full,12321,genuine,54798.0
full,12321,genuine,37295.0
full,12321,genuine,31232.0
full,12321,genuine,47403.0
full,12321,genuine,41657.0
full,12321,genuine,49016.0
full,12321,genuine,30495.0
full,12321,genuine,29409.0
full,12321,genuine,43768.0
full,12321,genuine,42670.0
full,12321,genuine,32915.0
full,12321,genuine,42937.0
full,12321,genuine,38903.0
full,12321,genuine,39563.0
full,12321,genuine,29460.0
full,12321,genuine,30730.0
full,12321,genuine,53311.0
full,12321,genuine,50919.0
full,12321,genuine,25022.0
full,12321,genuine,31373.0
full,12321,genuine,30145.0
full,12321,genuine,39104.0
full,12321,genuine,42762.0
full,12321,genuine,32707.0
full,12321,genuine,35295.0
full,12321,genuine,33662.0
full,12321,genuine,44014.0
full,12321,genuine,29674.0
full,12321,genuine,43613.0
full,12321,genuine,52763.0
full,12321,genuine,50745.0
full,12321,genuine,42875.0
full,12321,genuine,54812.0
full,12321,genuine,37621.0
full,12321,genuine,25318.0
full,12321,genuine,41799.0
full,12321,genuine,53060.0
full,12321,genuine,43732.0
full,12321,genuine,34397.0
full,12321,genuine,37503.0
full,12321,genuine,30839.0
full,12321,genuine,27678.0
full,12321,genuine,44009.0
full,12321,genuine,26461.0
full,12321,genuine,25854.0
full,12321,genuine,23610.0
full,12321,genuine,38747.0
full,12321,genuine,49530.0
full,12321,genuine,36262.0
full,12321,genuine,27919.0
full,12321,genuine,30551.0
full,12321,genuine,36145.0
full,12321,genuine,31199.0
full,12321,genuine,35890.0
full,12321,genuine,33168.0
full,12321,genuine,39702.0
full,12321,genuine,47759.0
full,12321,genuine,45897.0
full,12321,genuine,28673.0
full,12321,genuine,26431.0
full,12321,genuine,22910.0
full,12321,genuine,52561.0
full,12321,genuine,44728.0
full,12321,genuine,45935.0
full,12321,genuine,30159.0
full,12321,genuine,41986.0
full,12321,genuine,30557.0
full,12321,genuine,39757.0
full,12321,genuine,35059.0
full,12321,genuine,59012.0
full,12321,genuine,57424.0
full,12321,genuine,42033.0
full,12321,genuine,45576.0
full,12321,genuine,45404.0
full,12321,genuine,48579.0
full,12321,genuine,48739.0
full,12321,genuine,29854.0
full,12321,genuine,36727.0
full,12321,genuine,33657.0
full,12321,genuine,43840.0
full,12321,genuine,43007.0
full,12321,genuine,45786.0
full,12321,genuine,40822.0
full,12321,genuine,44643.0
full,12321,genuine,33810.0
full,12321,genuine,42680.0
full,12321,genuine,33365.0
full,12321,genuine,26491.0
full,12321,genuine,33864.0
full,12321,genuine,38075.0
full,12321,genuine,28014.0
full,12321,genuine,25663.0
full,12321,genuine,37567.0
full,12321,genuine,34073.0
full,12321,genuine,35051.0
full,12321,genuine,44044.0
full,12321,genuine,41539.0
full,12321,genuine,35186.0
full,12321,genuine,25712.0
full,12321,genuine,32346.0
full,12321,genuine,25664.0
full,12321,genuine,33033.0
full,12321,genuine,27311.0
full,12321,genuine,44547.0
full,12321,genuine,41961.0
full,12321,genuine,41275.0
full,12321,genuine,50708.0
full,12321,genuine,36848.0
full,12321,genuine,35288.0
full,12321,genuine,33730.0
full,12321,genuine,46055.0
full,12321,genuine,28858.0
full,12321,genuine,20370.0
full,12321,genuine,30935.0
full,12321,genuine,26614.0
full,12321,genuine,30477.0
full,12321,genuine,30777.0
full,12321,genuine,16516.0
full,12321,genuine,15286.0
full,12321,genuine,19773.0
full,12321,genuine,21855.0
full,12321,genuine,21861.0
full,12321,genuine,24385.0
full,12321,genuine,24657.0
full,12321,genuine,16384.0
full,12321,genuine,20059.0
full,12321,genuine,22283.0
full,12321,genuine,22209.0
full,12321,genuine,24223.0
full,12321,genuine,23901.0
full,12321,genuine,18833.0
full,12321,genuine,21115.0
full,12321,genuine,21175.0
full,12321,genuine,23601.0
full,12321,genuine,24137.0
full,12321,genuine,19442.0
full,12321,genuine,20620.0
full,12321,genuine,26438.0
full,12321,genuine,25566.0
full,12321,genuine,20226.0
full,12321,genuine,26950.0
full,12321,genuine,26768.0
full,12321,genuine,25014.0
full,12321,genuine,26136.0
full,12321,genuine,28652.0
full,12321,impostor,91514.0
full,12321,impostor,94663.0
full,12321,impostor,65354.0
full,12321,impostor,99727.0
full,12321,impostor,83065.0
full,12321,impostor,88281.0
full,12321,impostor,82797.0
full,12321,impostor,96034.0
full,12321,impostor,71879.0
full,12321,impostor,76160.0
full,12321,impostor,75618.0
full,12321,impostor,74052.0
full,12321,impostor,89217.0
full,12321,impostor,91321.0
full,12321,impostor,97668.0
full,12321,impostor,77077.0
full,12321,impostor,64158.0
full,12321,impostor,65281.0
full,12321,impostor,75418.0
full,12321,impostor,63458.0
full,12321,impostor,61329.0
full,12321,impostor,59664.0
full,12321,impostor,51412.0
full,12321,impostor,62123.0
full,12321,impostor,86179.0
full,12321,impostor,75530.0
full,12321,impostor,85729.0
full,12321,impostor,38846.0
full,12321,impostor,62579.0
full,12321,impostor,83029.0
full,12321,impostor,76741.0
full,12321,impostor,54872.0
full,12321,impostor,81241.0
full,12321,impostor,75835.0
full,12321,impostor,79150.0
full,12321,impostor,71916.0
full,12321,impostor,71977.0
full,12321,impostor,80403.0
full,12321,impostor,69424.0
full,12321,impostor,88630.0
full,12321,impostor,44313.0
full,12321,impostor,55740.0
full,12321,impostor,42767.0
full,12321,impostor,65634.0
full,12321,impostor,72571.0
full,12321,impostor,58565.0
full,12321,impostor,51968.0
full,12321,impostor,55816.0
full,12321,impostor,67715.0
full,12321,impostor,75074.0
full,12321,impostor,74213.0
full,12321,impostor,56808.0
full,12321,impostor,63382.0
full,12321,impostor,72011.0
full,12321,impostor,70686.0
full,12321,impostor,75090.0
full,12321,impostor,77314.0
full,12321,impostor,64911.0
full,12321,impostor,78120.0
full,12321,impostor,82117.0
full,12321,impostor,69947.0
full,12321,impostor,62021.0
full,12321,impostor,66107.0
full,12321,impostor,54490.0
full,12321,impostor,49647.0
full,12321,impostor,49207.0
full,12321,impostor,47475.0
full,12321,impostor,44152.0
full,12321,impostor,44116.0
full,12321,impostor,46684.0
full,12321,impostor,58138.0
full,12321,impostor,52020.0
full,12321,impostor,99197.0
full,12321,impostor,97554.0
full,12321,impostor,62987.0
full,12321,impostor,108052.0
full,12321,impostor,87852.0
full,12321,impostor,90742.0
full,12321,impostor,85384.0
full,12321,impostor,99607.0
full,12321,impostor,72058.0
full,12321,impostor,73907.0
full,12321,impostor,75419.0
full,12321,impostor,72339.0
full,12321,impostor,92500.0
full,12321,impostor,96144.0
full,12321,impostor,102639.0
full,12321,impostor,77994.0
full,12321,impostor,60177.0
full,12321,impostor,58640.0
full,12321,impostor,71971.0
full,12321,impostor,58433.0
full,12321,impostor,56850.0
full,12321,impostor,52449.0
full,12321,impostor,47259.0
full,12321,impostor,61512.0
full,12321,impostor,87074.0
full,12321,impostor,73219.0
full,12321,impostor,86724.0
full,12321,impostor,40307.0
full,12321,impostor,64808.0
full,12321,impostor,80508.0
full,12321,impostor,74560.0
full,12321,impostor,54573.0
full,12321,impostor,80036.0
full,12321,impostor,78494.0
full,12321,impostor,78415.0
full,12321,impostor,71177.0
full,12321,impostor,71422.0
full,12321,impostor,82458.0
full,12321,impostor,65643.0
full,12321,impostor,91293.0
full,12321,impostor,44240.0
full,12321,impostor,54415.0
full,12321,impostor,42944.0
full,12321,impostor,63669.0
full,12321,impostor,72984.0
full,12321,impostor,57994.0
full,12321,impostor,51341.0
full,12321,impostor,55449.0
full,12321,impostor,67068.0
full,12321,impostor,81653.0
full,12321,impostor,78362.0
full,12321,impostor,56827.0
full,12321,impostor,62105.0
full,12321,impostor,74554.0
full,12321,impostor,71839.0
full,12321,impostor,76375.0
full,12321,impostor,75397.0
full,12321,impostor,61846.0
full,12321,impostor,76551.0
full,12321,impostor,80110.0
full,12321,impostor,64868.0
full,12321,impostor,59264.0
full,12321,impostor,61888.0
full,12321,impostor,52761.0
full,12321,impostor,51094.0
full,12321,impostor,51176.0
full,12321,impostor,49930.0
full,12321,impostor,46859.0
full,12321,impostor,46323.0
full,12321,impostor,50011.0
full,12321,impostor,63525.0
full,12321,impostor,54391.0
full,12321,impostor,83339.0
full,12321,impostor,89224.0
full,12321,impostor,67067.0
full,12321,impostor,91756.0
full,12321,impostor,77708.0
full,12321,impostor,83066.0
full,12321,impostor,79640.0
full,12321,impostor,89867.0
full,12321,impostor,69894.0
full,12321,impostor,75905.0
full,12321,impostor,74179.0
full,12321,impostor,73111.0
full,12321,impostor,84336.0
full,12321,impostor,85256.0
full,12321,impostor,90469.0
full,12321,impostor,74442.0
full,12321,impostor,68265.0
full,12321,impostor,70218.0
full,12321,impostor,78289.0
full,12321,impostor,68149.0
full,12321,impostor,66510.0
full,12321,impostor,67803.0
full,12321,impostor,58745.0
full,12321,impostor,64454.0
full,12321,impostor,86404.0
full,12321,impostor,77761.0
full,12321,impostor,85446.0
full,12321,impostor,43743.0
full,12321,impostor,63376.0
full,12321,impostor,85890.0
full,12321,impostor,79580.0
full,12321,impostor,58911.0
full,12321,impostor,81018.0
full,12321,impostor,71796.0
full,12321,impostor,77935.0
full,12321,impostor,71529.0
full,12321,impostor,70320.0
full,12321,impostor,76306.0
full,12321,impostor,72009.0
full,12321,impostor,84857.0
full,12321,impostor,47464.0
full,12321,impostor,60323.0
full,12321,impostor,45520.0
full,12321,impostor,68625.0
full,12321,impostor,73540.0
full,12321,impostor,61928.0
full,12321,impostor,55543.0
full,12321,impostor,59837.0
full,12321,impostor,68056.0
full,12321,impostor,69615.0
full,12321,impostor,70058.0
full,12321,impostor,57727.0
full,12321,impostor,63459.0
full,12321,impostor,68570.0
full,12321,impostor,67313.0
full,12321,impostor,73111.0
full,12321,impostor,78673.0
full,12321,impostor,70600.0
full,12321,impostor,79101.0
full,12321,impostor,83274.0
full,12321,impostor,73748.0
full,12321,impostor,64974.0
full,12321,impostor,69490.0
full,12321,impostor,59181.0
full,12321,impostor,47736.0
full,12321,impostor,47330.0
full,12321,impostor,45424.0
full,12321,impostor,42859.0
full,12321,impostor,42659.0
full,12321,impostor,44975.0
full,12321,impostor,53235.0
full,12321,impostor,50425.0
full,12321,impostor,95332.0
full,12321,impostor,93827.0
full,12321,impostor,71890.0
full,12321,impostor,92813.0
full,12321,impostor,89041.0
full,12321,impostor,88061.0
full,12321,impostor,94689.0
full,12321,impostor,94400.0
full,12321,impostor,78417.0
full,12321,impostor,74084.0
full,12321,impostor,81558.0
full,12321,impostor,78690.0
full,12321,impostor,88431.0
full,12321,impostor,84873.0
full,12321,impostor,89822.0
full,12321,impostor,87147.0
full,12321,impostor,54568.0
full,12321,impostor,56449.0
full,12321,impostor,58970.0
full,12321,impostor,57400.0
full,12321,impostor,51813.0
full,12321,impostor,48482.0
full,12321,impostor,52848.0
full,12321,impostor,66475.0
full,12321,impostor,64863.0
full,12321,impostor,64650.0
full,12321,impostor,62861.0
full,12321,impostor,49644.0
full,12321,impostor,72765.0
full,12321,impostor,71591.0
full,12321,impostor,70715.0
full,12321,impostor,63528.0
full,12321,impostor,83671.0
full,12321,impostor,74525.0
full,12321,impostor,78492.0
full,12321,impostor,72090.0
full,12321,impostor,72731.0
full,12321,impostor,80043.0
full,12321,impostor,73542.0
full,12321,impostor,83714.0
full,12321,impostor,35435.0
full,12321,impostor,52644.0
full,12321,impostor,44359.0
full,12321,impostor,54294.0
full,12321,impostor,63249.0
full,12321,impostor,58357.0
full,12321,impostor,51398.0
full,12321,impostor,53014.0
full,12321,impostor,69681.0
full,12321,impostor,66056.0
full,12321,impostor,71743.0
full,12321,impostor,65920.0
full,12321,impostor,66938.0
full,12321,impostor,76323.0
full,12321,impostor,75296.0
full,12321,impostor,76790.0
full,12321,impostor,58924.0
full,12321,impostor,47001.0
full,12321,impostor,57012.0
full,12321,impostor,61853.0
full,12321,impostor,55185.0
full,12321,impostor,54399.0
full,12321,impostor,52019.0
full,12321,impostor,54494.0
full,12321,impostor,41649.0
full,12321,impostor,45059.0
full,12321,impostor,44055.0
full,12321,impostor,47610.0
full,12321,impostor,48974.0
full,12321,impostor,50526.0
full,12321,impostor,59214.0
full,12321,impostor,52550.0
full,12321,impostor,89162.0
full,12321,impostor,91839.0
full,12321,impostor,60440.0
full,12321,impostor,101499.0
full,12321,impostor,78587.0
full,12321,impostor,85207.0
full,12321,impostor,76561.0
full,12321,impostor,94842.0
full,12321,impostor,66807.0
full,12321,impostor,74570.0
full,12321,impostor,71314.0
full,12321,impostor,68852.0
full,12321,impostor,85163.0
full,12321,impostor,89753.0
full,12321,impostor,96584.0
full,12321,impostor,70419.0
full,12321,impostor,66654.0
full,12321,impostor,66739.0
full,12321,impostor,78358.0
full,12321,impostor,65382.0
full,12321,impostor,65825.0
full,12321,impostor,64746.0
full,12321,impostor,53514.0
full,12321,impostor,60131.0
full,12321,impostor,89687.0
full,12321,impostor,74636.0
full,12321,impostor,90213.0
full,12321,impostor,42024.0
full,12321,impostor,59489.0
full,12321,impostor,82013.0
full,12321,impostor,74869.0
full,12321,impostor,53314.0
full,12321,impostor,76845.0
full,12321,impostor,74083.0
full,12321,impostor,74882.0
full,12321,impostor,68398.0
full,12321,impostor,68721.0
full,12321,impostor,77359.0
full,12321,impostor,65232.0
full,12321,impostor,87160.0
full,12321,impostor,50133.0
full,12321,impostor,58466.0
full,12321,impostor,46341.0
full,12321,impostor,67940.0
full,12321,impostor,72777.0
full,12321,impostor,58989.0
full,12321,impostor,53542.0
full,12321,impostor,57634.0
full,12321,impostor,65541.0
full,12321,impostor,78874.0
full,12321,impostor,73509.0
full,12321,impostor,53836.0
full,12321,impostor,61516.0
full,12321,impostor,69233.0
full,12321,impostor,67074.0
full,12321,impostor,70828.0
full,12321,impostor,79272.0
full,12321,impostor,67437.0
full,12321,impostor,80994.0
full,12321,impostor,84055.0
full,12321,impostor,71383.0
full,12321,impostor,63371.0
full,12321,impostor,67205.0
full,12321,impostor,56286.0
full,12321,impostor,52293.0
full,12321,impostor,51361.0
full,12321,impostor,49957.0
full,12321,impostor,44196.0
full,12321,impostor,44914.0
full,12321,impostor,47282.0
full,12321,impostor,60116.0
full,12321,impostor,52676.0
full,12321,impostor,88861.0
full,12321,impostor,92046.0
full,12321,impostor,64715.0
full,12321,impostor,103810.0
full,12321,impostor,78982.0
full,12321,impostor,85152.0
full,12321,impostor,76198.0
full,12321,impostor,94527.0
full,12321,impostor,67610.0
full,12321,impostor,78089.0
full,12321,impostor,73023.0
full,12321,impostor,71241.0
full,12321,impostor,87052.0
full,12321,impostor,91822.0
full,12321,impostor,98791.0
full,12321,impostor,70416.0
full,12321,impostor,70265.0
full,12321,impostor,69884.0
full,12321,impostor,82773.0
full,12321,impostor,68035.0
full,12321,impostor,69810.0
full,12321,impostor,69129.0
full,12321,impostor,56233.0
full,12321,impostor,59600.0
full,12321,impostor,94492.0
full,12321,impostor,77447.0
full,12321,impostor,95426.0
full,12321,impostor,44851.0
full,12321,impostor,59134.0
full,12321,impostor,85844.0
full,12321,impostor,77110.0
full,12321,impostor,54581.0
full,12321,impostor,77412.0
full,12321,impostor,76302.0
full,12321,impostor,76047.0
full,12321,impostor,70131.0
full,12321,impostor,71468.0
full,12321,impostor,79404.0
full,12321,impostor,66541.0
full,12321,impostor,88297.0
full,12321,impostor,56058.0
full,12321,impostor,62043.0
full,12321,impostor,50060.0
full,12321,impostor,71897.0
full,12321,impostor,75168.0
full,12321,impostor,62204.0
full,12321,impostor,57669.0
full,12321,impostor,62131.0
full,12321,impostor,68976.0
full,12321,impostor,83559.0
full,12321,impostor,76226.0
full,12321,impostor,54511.0
full,12321,impostor,64779.0
full,12321,impostor,70660.0
full,12321,impostor,69515.0
full,12321,impostor,72089.0
full,12321,impostor,83129.0
full,12321,impostor,72790.0
full,12321,impostor,85935.0
full,12321,impostor,88292.0
full,12321,impostor,75040.0
full,12321,impostor,66746.0
full,12321,impostor,71258.0
full,12321,impostor,59459.0
full,12321,impostor,56052.0
full,12321,impostor,55644.0
full,12321,impostor,54098.0
full,12321,impostor,47695.0
full,12321,impostor,46357.0
full,12321,impostor,48635.0
full,12321,impostor,62603.0
full,12321,impostor,55205.0
full,12321,impostor,72966.0
full,12321,impostor,70371.0
full,12321,impostor,60938.0
full,12321,impostor,86265.0
full,12321,impostor,65561.0
full,12321,impostor,66353.0
full,12321,impostor,61581.0
full,12321,impostor,74700.0
full,12321,impostor,58439.0
full,12321,impostor,68744.0
full,12321,impostor,61994.0
full,12321,impostor,62240.0
full,12321,impostor,69411.0
full,12321,impostor,75691.0
full,12321,impostor,81586.0
full,12321,impostor,58969.0
full,12321,impostor,67170.0
full,12321,impostor,68381.0
full,12321,impostor,78252.0
full,12321,impostor,63678.0
full,12321,impostor,69413.0
full,12321,impostor,74602.0
full,12321,impostor,59542.0
full,12321,impostor,49831.0
full,12321,impostor,86567.0
full,12321,impostor,69902.0
full,12321,impostor,90581.0
full,12321,impostor,52090.0
full,12321,impostor,55585.0
full,12321,impostor,79455.0
full,12321,impostor,67559.0
full,12321,impostor,55258.0
full,12321,impostor,63255.0
full,12321,impostor,64237.0
full,12321,impostor,62802.0
full,12321,impostor,61016.0
full,12321,impostor,62705.0
full,12321,impostor,65271.0
full,12321,impostor,59476.0
full,12321,impostor,70906.0
full,12321,impostor,65607.0
full,12321,impostor,64432.0
full,12321,impostor,56931.0
full,12321,impostor,69826.0
full,12321,impostor,68429.0
full,12321,impostor,61733.0
full,12321,impostor,61610.0
full,12321,impostor,65090.0
full,12321,impostor,61917.0
full,12321,impostor,76300.0
full,12321,impostor,64725.0
full,12321,impostor,49040.0
full,12321,impostor,58998.0
full,12321,impostor,57999.0
full,12321,impostor,57398.0
full,12321,impostor,58226.0
full,12321,impostor,74454.0
full,12321,impostor,72979.0
full,12321,impostor,79232.0
full,12321,impostor,80569.0
full,12321,impostor,72961.0
full,12321,impostor,62451.0
full,12321,impostor,69483.0
full,12321,impostor,57926.0
full,12321,impostor,55333.0
full,12321,impostor,54033.0
full,12321,impostor,53339.0
full,12321,impostor,47340.0
full,12321,impostor,45984.0
full,12321,impostor,46298.0
full,12321,impostor,54512.0
full,12321,impostor,47980.0
full,12321,impostor,90133.0
full,12321,impostor,95828.0
full,12321,impostor,66053.0
full,12321,impostor,102510.0
full,12321,impostor,82346.0
full,12321,impostor,88772.0
full,12321,impostor,80552.0
full,12321,impostor,97569.0
full,12321,impostor,71510.0
full,12321,impostor,80137.0
full,12321,impostor,76493.0
full,12321,impostor,74509.0
full,12321,impostor,89312.0
full,12321,impostor,92676.0
full,12321,impostor,98391.0
full,12321,impostor,75576.0
full,12321,impostor,71865.0
full,12321,impostor,72354.0
full,12321,impostor,83299.0
full,12321,impostor,70645.0
full,12321,impostor,70008.0
full,12321,impostor,70291.0
full,12321,impostor,58775.0
full,12321,impostor,63758.0
full,12321,impostor,93542.0
full,12321,impostor,80843.0
full,12321,impostor,93222.0
full,12321,impostor,45067.0
full,12321,impostor,61760.0
full,12321,impostor,88878.0
full,12321,impostor,80862.0
full,12321,impostor,57739.0
full,12321,impostor,82978.0
full,12321,impostor,77492.0
full,12321,impostor,81443.0
full,12321,impostor,74775.0
full,12321,impostor,73646.0
full,12321,impostor,80364.0
full,12321,impostor,71749.0
full,12321,impostor,90093.0
full,12321,impostor,53536.0
full,12321,impostor,64065.0
full,12321,impostor,50258.0
full,12321,impostor,73701.0
full,12321,impostor,77228.0
full,12321,impostor,64386.0
full,12321,impostor,58619.0
full,12321,impostor,63633.0
full,12321,impostor,70910.0
full,12321,impostor,79291.0
full,12321,impostor,76104.0
full,12321,impostor,59293.0
full,12321,impostor,66713.0
full,12321,impostor,72308.0
full,12321,impostor,71689.0
full,12321,impostor,75545.0
full,12321,impostor,84019.0
full,12321,impostor,74062.0
full,12321,impostor,85275.0
full,12321,impostor,89144.0
full,12321,impostor,77076.0
full,12321,impostor,69646.0
full,12321,impostor,73446.0
full,12321,impostor,61313.0
full,12321,impostor,54222.0
full,12321,impostor,53742.0
full,12321,impostor,52438.0
full,12321,impostor,47037.0
full,12321,impostor,46415.0
full,12321,impostor,48859.0
full,12321,impostor,60379.0
full,12321,impostor,55471.0
full,12321,impostor,59949.0
full,12321,impostor,73770.0
full,12321,impostor,64420.0
full,12321,impostor,66790.0
full,12321,impostor,54171.0
full,12321,impostor,51755.0
full,12321,impostor,52006.0
full,12321,impostor,59997.0
full,12321,impostor,83312.0
full,12321,impostor,90557.0
full,12321,impostor,89042.0
full,12321,impostor,87260.0
full,12321,impostor,92433.0
full,12321,impostor,105054.0
full,12321,impostor,93456.0
full,12321,impostor,78877.0
full,12321,impostor,80225.0
full,12321,impostor,78368.0
full,12321,impostor,80459.0
full,12321,impostor,86308.0
full,12321,impostor,86993.0
full,12321,impostor,92267.0
full,12321,impostor,84269.0
full,12321,impostor,93702.0
full,12321,impostor,71839.0
full,12321,impostor,57203.0
full,12321,impostor,66162.0
full,12321,impostor,67208.0
full,12321,impostor,68621.0
full,12321,impostor,58983.0
full,12321,impostor,80158.0
full,12321,impostor,50028.0
full,12321,impostor,77559.0
full,12321,impostor,81610.0
full,12321,impostor,75059.0
full,12321,impostor,76976.0
full,12321,impostor,67659.0
full,12321,impostor,81217.0
full,12321,impostor,80894.0
full,12321,impostor,84116.0
full,12321,impostor,65501.0
full,12321,impostor,46100.0
full,12321,impostor,48119.0
full,12321,impostor,68874.0
full,12321,impostor,70082.0
full,12321,impostor,50549.0
full,12321,impostor,56788.0
full,12321,impostor,52512.0
full,12321,impostor,76156.0
full,12321,impostor,85613.0
full,12321,impostor,72730.0
full,12321,impostor,78111.0
full,12321,impostor,87219.0
full,12321,impostor,81777.0
full,12321,impostor,84549.0
full,12321,impostor,81330.0
full,12321,impostor,54839.0
full,12321,impostor,52747.0
full,12321,impostor,53211.0
full,12321,impostor,54614.0
full,12321,impostor,54922.0
full,12321,impostor,51678.0
full,12321,impostor,42922.0
full,12321,impostor,56014.0
full,12321,impostor,53438.0
full,12321,impostor,53995.0
full,12321,impostor,46295.0
full,12321,impostor,49845.0
full,12321,impostor,39910.0
full,12321,impostor,39440.0
full,12321,impostor,45407.0
full,12321,impostor,55854.0
full,12321,impostor,72687.0
full,12321,impostor,79964.0
full,12321,impostor,76149.0
full,12321,impostor,76477.0
full,12321,impostor,86468.0
full,12321,impostor,96959.0
full,12321,impostor,88077.0
full,12321,impostor,76836.0
full,12321,impostor,71668.0
full,12321,impostor,69603.0
full,12321,impostor,69302.0
full,12321,impostor,84057.0
full,12321,impostor,90102.0
full,12321,impostor,83818.0
full,12321,impostor,78302.0
full,12321,impostor,91009.0
full,12321,impostor,62078.0
full,12321,impostor,46408.0
full,12321,impostor,52647.0
full,12321,impostor,55827.0
full,12321,impostor,54722.0
full,12321,impostor,42874.0
full,12321,impostor,71765.0
full,12321,impostor,56911.0
full,12321,impostor,81504.0
full,12321,impostor,81331.0
full,12321,impostor,76312.0
full,12321,impostor,74923.0
full,12321,impostor,69316.0
full,12321,impostor,80604.0
full,12321,impostor,80627.0
full,12321,impostor,83723.0
full,12321,impostor,56190.0
full,12321,impostor,55331.0
full,12321,impostor,50396.0
full,12321,impostor,67363.0
full,12321,impostor,59871.0
full,12321,impostor,51306.0
full,12321,impostor,45917.0
full,12321,impostor,50463.0
full,12321,impostor,63503.0
full,12321,impostor,76906.0
full,12321,impostor,61983.0
full,12321,impostor,67534.0
full,12321,impostor,76676.0
full,12321,impostor,72590.0
full,12321,impostor,74222.0
full,12321,impostor,75603.0
full,12321,impostor,56814.0
full,12321,impostor,53596.0
full,12321,impostor,55552.0
full,12321,impostor,57003.0
full,12321,impostor,58477.0
full,12321,impostor,55207.0
full,12321,impostor,50417.0
full,12321,impostor,51503.0
full,12321,impostor,42055.0
full,12321,impostor,48092.0
full,12321,impostor,45674.0
full,12321,impostor,39074.0
full,12321,impostor,64323.0
full,12321,impostor,70803.0
full,12321,impostor,79896.0
full,12321,impostor,51179.0
full,12321,impostor,48566.0
full,12321,impostor,51603.0
full,12321,impostor,57598.0
full,12321,impostor,51042.0
full,12321,impostor,61567.0
full,12321,impostor,66262.0
full,12321,impostor,53414.0
full,12321,impostor,56381.0
full,12321,impostor,71115.0
full,12321,impostor,54588.0
full,12321,impostor,74883.0
full,12321,impostor,49926.0
full,12321,impostor,59429.0
full,12321,impostor,58717.0
full,12321,impostor,57747.0
full,12321,impostor,55858.0
full,12321,impostor,48809.0
full,12321,impostor,49091.0
full,12321,impostor,43290.0
full,12321,impostor,40934.0
full,12321,impostor,38423.0
full,12321,impostor,48981.0
full,12321,impostor,44348.0
full,12321,impostor,64198.0
full,12321,impostor,57205.0
full,12321,impostor,51598.0
full,12321,impostor,52007.0
full,12321,impostor,48814.0
full,12321,impostor,54115.0
full,12321,impostor,53481.0
full,12321,impostor,52534.0
full,12321,impostor,53296.0
full,12321,impostor,36609.0
full,12321,impostor,70136.0
full,12321,impostor,58335.0
full,12321,impostor,46102.0
full,12321,impostor,32424.0
full,12321,impostor,51813.0
full,12321,impostor,40412.0
full,12321,impostor,47676.0
full,12321,impostor,57984.0
full,12321,impostor,44393.0
full,12321,impostor,60552.0
full,12321,impostor,54611.0
full,12321,impostor,51919.0
full,12321,impostor,51511.0
full,12321,impostor,51405.0
full,12321,impostor,47892.0
full,12321,impostor,45619.0
full,12321,impostor,44039.0
full,12321,impostor,46127.0
full,12321,impostor,46788.0
full,12321,impostor,49606.0
full,12321,impostor,50074.0
full,12321,impostor,57774.0
full,12321,impostor,44046.0
full,12321,impostor,67536.0
full,12321,impostor,76787.0
full,12321,impostor,66941.0
full,12321,impostor,70349.0
full,12321,impostor,51018.0
full,12321,impostor,45424.0
full,12321,impostor,42427.0
full,12321,impostor,67548.0
full,12321,impostor,83119.0
full,12321,impostor,91718.0
full,12321,impostor,87125.0
full,12321,impostor,87281.0
full,12321,impostor,93746.0
full,12321,impostor,105121.0
full,12321,impostor,97397.0
full,12321,impostor,85778.0
full,12321,impostor,74524.0
full,12321,impostor,77977.0
full,12321,impostor,72432.0
full,12321,impostor,92587.0
full,12321,impostor,99102.0
full,12321,impostor,92340.0
full,12321,impostor,86644.0
full,12321,impostor,99763.0
full,12321,impostor,80646.0
full,12321,impostor,63842.0
full,12321,impostor,72765.0
full,12321,impostor,74551.0
full,12321,impostor,77422.0
full,12321,impostor,60190.0
full,12321,impostor,90701.0
full,12321,impostor,50859.0
full,12321,impostor,81592.0
full,12321,impostor,87427.0
full,12321,impostor,80658.0
full,12321,impostor,80943.0
full,12321,impostor,71990.0
full,12321,impostor,86842.0
full,12321,impostor,86713.0
full,12321,impostor,88761.0
full,12321,impostor,74500.0
full,12321,impostor,42177.0
full,12321,impostor,45910.0
full,12321,impostor,80299.0
full,12321,impostor,79939.0
full,12321,impostor,54740.0
full,12321,impostor,60919.0
full,12321,impostor,58651.0
full,12321,impostor,71013.0
full,12321,impostor,88332.0
full,12321,impostor,68219.0
full,12321,impostor,75934.0
full,12321,impostor,88208.0
full,12321,impostor,82602.0
full,12321,impostor,84414.0
full,12321,impostor,84895.0
full,12321,impostor,59532.0
full,12321,impostor,58414.0
full,12321,impostor,58958.0
full,12321,impostor,62533.0
full,12321,impostor,64207.0
full,12321,impostor,60021.0
full,12321,impostor,49785.0
full,12321,impostor,61113.0
full,12321,impostor,46980.0
full,12321,impostor,59395.0
full,12321,impostor,49905.0
full,12321,impostor,50211.0
full,12321,impostor,43720.0
full,12321,impostor,44350.0
full,12321,impostor,46575.0
full,12321,impostor,45242.0
full,12321,impostor,71151.0
full,12321,impostor,78996.0
full,12321,impostor,79839.0
full,12321,impostor,75417.0
full,12321,impostor,83844.0
full,12321,impostor,95897.0
full,12321,impostor,82421.0
full,12321,impostor,70842.0
full,12321,impostor,73630.0
full,12321,impostor,70545.0
full,12321,impostor,72664.0
full,12321,impostor,75449.0
full,12321,impostor,79360.0
full,12321,impostor,83088.0
full,12321,impostor,75880.0
full,12321,impostor,84531.0
full,12321,impostor,54580.0
full,12321,impostor,48518.0
full,12321,impostor,50405.0
full,12321,impostor,50383.0
full,12321,impostor,54412.0
full,12321,impostor,45938.0
full,12321,impostor,63681.0
full,12321,impostor,37633.0
full,12321,impostor,71846.0
full,12321,impostor,74501.0
full,12321,impostor,67478.0
full,12321,impostor,69179.0
full,12321,impostor,60298.0
full,12321,impostor,74282.0
full,12321,impostor,73461.0
full,12321,impostor,76443.0
full,12321,impostor,54108.0
full,12321,impostor,41783.0
full,12321,impostor,34658.0
full,12321,impostor,54955.0
full,12321,impostor,56759.0
full,12321,impostor,36788.0
full,12321,impostor,43159.0
full,12321,impostor,37637.0
full,12321,impostor,66831.0
full,12321,impostor,75500.0
full,12321,impostor,64327.0
full,12321,impostor,69072.0
full,12321,impostor,77178.0
full,12321,impostor,72916.0
full,12321,impostor,74784.0
full,12321,impostor,70219.0
full,12321,impostor,48530.0
full,12321,impostor,46704.0
full,12321,impostor,46784.0
full,12321,impostor,47329.0
full,12321,impostor,48339.0
full,12321,impostor,46265.0
full,12321,impostor,40833.0
full,12321,impostor,46627.0
full,12321,impostor,49980.0
full,12321,impostor,47041.0
full,12321,impostor,42483.0
full,12321,impostor,44033.0
full,12321,impostor,42170.0
full,12321,impostor,43748.0
full,12321,impostor,51099.0
full,12321,impostor,55066.0
full,12321,impostor,67059.0
full,12321,impostor,74388.0
full,12321,impostor,70367.0
full,12321,impostor,71631.0
full,12321,impostor,80614.0
full,12321,impostor,92207.0
full,12321,impostor,82791.0
full,12321,impostor,72194.0
full,12321,impostor,67040.0
full,12321,impostor,65299.0
full,12321,impostor,65210.0
full,12321,impostor,78037.0
full,12321,impostor,84416.0
full,12321,impostor,77864.0
full,12321,impostor,74162.0
full,12321,impostor,85185.0
full,12321,impostor,59246.0
full,12321,impostor,39706.0
full,12321,impostor,47053.0
full,12321,impostor,50265.0
full,12321,impostor,45392.0
full,12321,impostor,38918.0
full,12321,impostor,66535.0
full,12321,impostor,58027.0
full,12321,impostor,75890.0
full,12321,impostor,75931.0
full,12321,impostor,70260.0
full,12321,impostor,69775.0
full,12321,impostor,65356.0
full,12321,impostor,75140.0
full,12321,impostor,74659.0
full,12321,impostor,77291.0
full,12321,impostor,48282.0
full,12321,impostor,55317.0
full,12321,impostor,49808.0
full,12321,impostor,62267.0
full,12321,impostor,51897.0
full,12321,impostor,50040.0
full,12321,impostor,41013.0
full,12321,impostor,47243.0
full,12321,impostor,59777.0
full,12321,impostor,68750.0
full,12321,impostor,57935.0
full,12321,impostor,61446.0
full,12321,impostor,70258.0
full,12321,impostor,67136.0
full,12321,impostor,68068.0
full,12321,impostor,69823.0
full,12321,impostor,51212.0
full,12321,impostor,47372.0
full,12321,impostor,50616.0
full,12321,impostor,52077.0
full,12321,impostor,52955.0
full,12321,impostor,51455.0
full,12321,impostor,48767.0
full,12321,impostor,46981.0
full,12321,impostor,44110.0
full,12321,impostor,59195.0
full,12321,impostor,47839.0
full,12321,impostor,47807.0
full,12321,impostor,47418.0
full,12321,impostor,51646.0
full,12321,impostor,54843.0
full,12321,impostor,41206.0
full,12321,impostor,72437.0
full,12321,impostor,78552.0
full,12321,impostor,82385.0
full,12321,impostor,74703.0
full,12321,impostor,85764.0
full,12321,impostor,97383.0
full,12321,impostor,81965.0
full,12321,impostor,67408.0
full,12321,impostor,77824.0
full,12321,impostor,70781.0
full,12321,impostor,78856.0
full,12321,impostor,75851.0
full,12321,impostor,78606.0
full,12321,impostor,83840.0
full,12321,impostor,73980.0
full,12321,impostor,82279.0
full,12321,impostor,51798.0
full,12321,impostor,53340.0
full,12321,impostor,50667.0
full,12321,impostor,51159.0
full,12321,impostor,55200.0
full,12321,impostor,48178.0
full,12321,impostor,60941.0
full,12321,impostor,42779.0
full,12321,impostor,77232.0
full,12321,impostor,76955.0
full,12321,impostor,71380.0
full,12321,impostor,72749.0
full,12321,impostor,61280.0
full,12321,impostor,76060.0
full,12321,impostor,75383.0
full,12321,impostor,78983.0
full,12321,impostor,53834.0
full,12321,impostor,54003.0
full,12321,impostor,40232.0
full,12321,impostor,53173.0
full,12321,impostor,54671.0
full,12321,impostor,38018.0
full,12321,impostor,43849.0
full,12321,impostor,36481.0
full,12321,impostor,68563.0
full,12321,impostor,77520.0
full,12321,impostor,67549.0
full,12321,impostor,71836.0
full,12321,impostor,78466.0
full,12321,impostor,74740.0
full,12321,impostor,76990.0
full,12321,impostor,70083.0
full,12321,impostor,54590.0
full,12321,impostor,52276.0
full,12321,impostor,52898.0
full,12321,impostor,51957.0
full,12321,impostor,52689.0
full,12321,impostor,50829.0
full,12321,impostor,49075.0
full,12321,impostor,49973.0
full,12321,impostor,54583.0
full,12321,impostor,59736.0
full,12321,impostor,50548.0
full,12321,impostor,55166.0
full,12321,impostor,38859.0
full,12321,impostor,37633.0
full,12321,impostor,37802.0
full,12321,impostor,55069.0
full,12321,impostor,76062.0
full,12321,impostor,83625.0
full,12321,impostor,79990.0
full,12321,impostor,79960.0
full,12321,impostor,89083.0
full,12321,impostor,101146.0
full,12321,impostor,90888.0
full,12321,impostor,79915.0
full,12321,impostor,72723.0
full,12321,impostor,72360.0
full,12321,impostor,68997.0
full,12321,impostor,86866.0
full,12321,impostor,93735.0
full,12321,impostor,88199.0
full,12321,impostor,80949.0
full,12321,impostor,94468.0
full,12321,impostor,64813.0
full,12321,impostor,50233.0
full,12321,impostor,56534.0
full,12321,impostor,60552.0
full,12321,impostor,60299.0
full,12321,impostor,45789.0
full,12321,impostor,76266.0
full,12321,impostor,51458.0
full,12321,impostor,81909.0
full,12321,impostor,83432.0
full,12321,impostor,77701.0
full,12321,impostor,77608.0
full,12321,impostor,68843.0
full,12321,impostor,83149.0
full,12321,impostor,82702.0
full,12321,impostor,85526.0
full,12321,impostor,61663.0
full,12321,impostor,48886.0
full,12321,impostor,44363.0
full,12321,impostor,69420.0
full,12321,impostor,65716.0
full,12321,impostor,48889.0
full,12321,impostor,48370.0
full,12321,impostor,48372.0
full,12321,impostor,65782.0
full,12321,impostor,81577.0
full,12321,impostor,61854.0
full,12321,impostor,69781.0
full,12321,impostor,80305.0
full,12321,impostor,76195.0
full,12321,impostor,77815.0
full,12321,impostor,78468.0
full,12321,impostor,57179.0
full,12321,impostor,54067.0
full,12321,impostor,56071.0
full,12321,impostor,57476.0
full,12321,impostor,58506.0
full,12321,impostor,54724.0
full,12321,impostor,48616.0
full,12321,impostor,53474.0
full,12321,impostor,48159.0
full,12321,impostor,52746.0
full,12321,impostor,55823.0
full,12321,impostor,50467.0
full,12321,impostor,59864.0
full,12321,impostor,70977.0
full,12321,impostor,59485.0
full,12321,impostor,55300.0
full,12321,impostor,61466.0
full,12321,impostor,50207.0
full,12321,impostor,65970.0
full,12321,impostor,54309.0
full,12321,impostor,62840.0
full,12321,impostor,56128.0
full,12321,impostor,54764.0
full,12321,impostor,59469.0
full,12321,impostor,36112.0
full,12321,impostor,43118.0
full,12321,impostor,32113.0
full,12321,impostor,32409.0
full,12321,impostor,39722.0
full,12321,impostor,34368.0
full,12321,impostor,41525.0
full,12321,impostor,44079.0
full,12321,impostor,60282.0
full,12321,impostor,52759.0
full,12321,impostor,54584.0
full,12321,impostor,46789.0
full,12321,impostor,44172.0
full,12321,impostor,51276.0
full,12321,impostor,54827.0
full,12321,impostor,55159.0
full,12321,impostor,38954.0
full,12321,impostor,51223.0
full,12321,impostor,40678.0
full,12321,impostor,40797.0
full,12321,impostor,40219.0
full,12321,impostor,36306.0
full,12321,impostor,32801.0
full,12321,impostor,34445.0
full,12321,impostor,52759.0
full,12321,impostor,51952.0
full,12321,impostor,53623.0
full,12321,impostor,50924.0
full,12321,impostor,53142.0
full,12321,impostor,50246.0
full,12321,impostor,52666.0
full,12321,impostor,49217.0
full,12321,impostor,40076.0
full,12321,impostor,38378.0
full,12321,impostor,39620.0
full,12321,impostor,39243.0
full,12321,impostor,40809.0
full,12321,impostor,39633.0
full,12321,impostor,43111.0
full,12321,impostor,37231.0
full,12321,impostor,47242.0
full,12321,impostor,51925.0
full,12321,impostor,49078.0
full,12321,impostor,51256.0
full,12321,impostor,59249.0
full,12321,impostor,66888.0
full,12321,impostor,59774.0
full,12321,impostor,56311.0
full,12321,impostor,58749.0
full,12321,impostor,48130.0
full,12321,impostor,58581.0
full,12321,impostor,59216.0
full,12321,impostor,66047.0
full,12321,impostor,57117.0
full,12321,impostor,52197.0
full,12321,impostor,63708.0
full,12321,impostor,54299.0
full,12321,impostor,38683.0
full,12321,impostor,43334.0
full,12321,impostor,44042.0
full,12321,impostor,36651.0
full,12321,impostor,42733.0
full,12321,impostor,53454.0
full,12321,impostor,59814.0
full,12321,impostor,60343.0
full,12321,impostor,59224.0
full,12321,impostor,56397.0
full,12321,impostor,53388.0
full,12321,impostor,51601.0
full,12321,impostor,57965.0
full,12321,impostor,57330.0
full,12321,impostor,59042.0
full,12321,impostor,35785.0
full,12321,impostor,60448.0
full,12321,impostor,52021.0
full,12321,impostor,54580.0
full,12321,impostor,41966.0
full,12321,impostor,50173.0
full,12321,impostor,38744.0
full,12321,impostor,46026.0
full,12321,impostor,45524.0
full,12321,impostor,45815.0
full,12321,impostor,47504.0
full,12321,impostor,47949.0
full,12321,impostor,48107.0
full,12321,impostor,49629.0
full,12321,impostor,48393.0
full,12321,impostor,47120.0
full,12321,impostor,42895.0
full,12321,impostor,40639.0
full,12321,impostor,43679.0
full,12321,impostor,44722.0
full,12321,impostor,47250.0
full,12321,impostor,46298.0
full,12321,impostor,50354.0
full,12321,impostor,40256.0
full,12321,impostor,54236.0
full,12321,impostor,59573.0
full,12321,impostor,59832.0
full,12321,impostor,57234.0
full,12321,impostor,69405.0
full,12321,impostor,78312.0
full,12321,impostor,65574.0
full,12321,impostor,59763.0
full,12321,impostor,66983.0
full,12321,impostor,57066.0
full,12321,impostor,68097.0
full,12321,impostor,61580.0
full,12321,impostor,67819.0
full,12321,impostor,66463.0
full,12321,impostor,61945.0
full,12321,impostor,67086.0
full,12321,impostor,48989.0
full,12321,impostor,41505.0
full,12321,impostor,39910.0
full,12321,impostor,41934.0
full,12321,impostor,39585.0
full,12321,impostor,35577.0
full,12321,impostor,53564.0
full,12321,impostor,53494.0
full,12321,impostor,66837.0
full,12321,impostor,64026.0
full,12321,impostor,61071.0
full,12321,impostor,57634.0
full,12321,impostor,54567.0
full,12321,impostor,63659.0
full,12321,impostor,63894.0
full,12321,impostor,65720.0
full,12321,impostor,36989.0
full,12321,impostor,55742.0
full,12321,impostor,46125.0
full,12321,impostor,52522.0
full,12321,impostor,41788.0
full,12321,impostor,41707.0
full,12321,impostor,32452.0
full,12321,impostor,41926.0
full,12321,impostor,56006.0
full,12321,impostor,57591.0
full,12321,impostor,57592.0
full,12321,impostor,58245.0
full,12321,impostor,60309.0
full,12321,impostor,57619.0
full,12321,impostor,59107.0
full,12321,impostor,54336.0
full,12321,impostor,45177.0
full,12321,impostor,42995.0
full,12321,impostor,44081.0
full,12321,impostor,43504.0
full,12321,impostor,44788.0
full,12321,impostor,44138.0
full,12321,impostor,47728.0
full,12321,impostor,41432.0
full,12321,impostor,49686.0
full,12321,impostor,54753.0
full,12321,impostor,54690.0
full,12321,impostor,52976.0
full,12321,impostor,64491.0
full,12321,impostor,72388.0
full,12321,impostor,61098.0
full,12321,impostor,57771.0
full,12321,impostor,63609.0
full,12321,impostor,53220.0
full,12321,impostor,64373.0
full,12321,impostor,57554.0
full,12321,impostor,64441.0
full,12321,impostor,60099.0
full,12321,impostor,57981.0
full,12321,impostor,62530.0
full,12321,impostor,46559.0
full,12321,impostor,36829.0
full,12321,impostor,36740.0
full,12321,impostor,37960.0
full,12321,impostor,33495.0
full,12321,impostor,33959.0
full,12321,impostor,48984.0
full,12321,impostor,53542.0
full,12321,impostor,62447.0
full,12321,impostor,58152.0
full,12321,impostor,56337.0
full,12321,impostor,51964.0
full,12321,impostor,50065.0
full,12321,impostor,57865.0
full,12321,impostor,57916.0
full,12321,impostor,59698.0
full,12321,impostor,32185.0
full,12321,impostor,56602.0
full,12321,impostor,45909.0
full,12321,impostor,49148.0
full,12321,impostor,37308.0
full,12321,impostor,42323.0
full,12321,impostor,31034.0
full,12321,impostor,40136.0
full,12321,impostor,53462.0
full,12321,impostor,50473.0
full,12321,impostor,53006.0
full,12321,impostor,51885.0
full,12321,impostor,54005.0
full,12321,impostor,53053.0
full,12321,impostor,52749.0
full,12321,impostor,50318.0
full,12321,impostor,42003.0
full,12321,impostor,40865.0
full,12321,impostor,41449.0
full,12321,impostor,42048.0
full,12321,impostor,43474.0
full,12321,impostor,43174.0
full,12321,impostor,47538.0
full,12321,impostor,40192.0
full,12321,impostor,64917.0
full,12321,impostor,72580.0
full,12321,impostor,66979.0
full,12321,impostor,69837.0
full,12321,impostor,77052.0
full,12321,impostor,90573.0
full,12321,impostor,81767.0
full,12321,impostor,71044.0
full,12321,impostor,59266.0
full,12321,impostor,60805.0
full,12321,impostor,60784.0
full,12321,impostor,77097.0
full,12321,impostor,81838.0
full,12321,impostor,73946.0
full,12321,impostor,69174.0
full,12321,impostor,82563.0
full,12321,impostor,53404.0
full,12321,impostor,45508.0
full,12321,impostor,44501.0
full,12321,impostor,48553.0
full,12321,impostor,50642.0
full,12321,impostor,34250.0
full,12321,impostor,64247.0
full,12321,impostor,43517.0
full,12321,impostor,74098.0
full,12321,impostor,73993.0
full,12321,impostor,69994.0
full,12321,impostor,64835.0
full,12321,impostor,54842.0
full,12321,impostor,72338.0
full,12321,impostor,73553.0
full,12321,impostor,74827.0
full,12321,impostor,51052.0
full,12321,impostor,46771.0
full,12321,impostor,39222.0
full,12321,impostor,61355.0
full,12321,impostor,57563.0
full,12321,impostor,39436.0
full,12321,impostor,38347.0
full,12321,impostor,40707.0
full,12321,impostor,57069.0
full,12321,impostor,69276.0
full,12321,impostor,53961.0
full,12321,impostor,59472.0
full,12321,impostor,70628.0
full,12321,impostor,66848.0
full,12321,impostor,68006.0
full,12321,impostor,69391.0
full,12321,impostor,46712.0
full,12321,impostor,44732.0
full,12321,impostor,46466.0
full,12321,impostor,47433.0
full,12321,impostor,49013.0
full,12321,impostor,46439.0
full,12321,impostor,42793.0
full,12321,impostor,45473.0
full,12321,impostor,66299.0
full,12321,impostor,75332.0
full,12321,impostor,67351.0
full,12321,impostor,71633.0
full,12321,impostor,77986.0
full,12321,impostor,90707.0
full,12321,impostor,84019.0
full,12321,impostor,73224.0
full,12321,impostor,57918.0
full,12321,impostor,61315.0
full,12321,impostor,56842.0
full,12321,impostor,79301.0
full,12321,impostor,85658.0
full,12321,impostor,75696.0
full,12321,impostor,70846.0
full,12321,impostor,86069.0
full,12321,impostor,58896.0
full,12321,impostor,46082.0
full,12321,impostor,48759.0
full,12321,impostor,52959.0
full,12321,impostor,54440.0
full,12321,impostor,37656.0
full,12321,impostor,69559.0
full,12321,impostor,43829.0
full,12321,impostor,72832.0
full,12321,impostor,76121.0
full,12321,impostor,70220.0
full,12321,impostor,66689.0
full,12321,impostor,56860.0
full,12321,impostor,74296.0
full,12321,impostor,75435.0
full,12321,impostor,76931.0
full,12321,impostor,54040.0
full,12321,impostor,42921.0
full,12321,impostor,39680.0
full,12321,impostor,64351.0
full,12321,impostor,61337.0
full,12321,impostor,42616.0
full,12321,impostor,42949.0
full,12321,impostor,44291.0
full,12321,impostor,56415.0
full,12321,impostor,70114.0
full,12321,impostor,52259.0
full,12321,impostor,60294.0
full,12321,impostor,71928.0
full,12321,impostor,67624.0
full,12321,impostor,69234.0
full,12321,impostor,71599.0
full,12321,impostor,45954.0
full,12321,impostor,44158.0
full,12321,impostor,45342.0
full,12321,impostor,47873.0
full,12321,impostor,49531.0
full,12321,impostor,47061.0
full,12321,impostor,39185.0
full,12321,impostor,45859.0
full,12321,impostor,71824.0
full,12321,impostor,80265.0
full,12321,impostor,71604.0
full,12321,impostor,77266.0
full,12321,impostor,83105.0
full,12321,impostor,96460.0
full,12321,impostor,90244.0
full,12321,impostor,78413.0
full,12321,impostor,58181.0
full,12321,impostor,66564.0
full,12321,impostor,57057.0
full,12321,impostor,85954.0
full,12321,impostor,92749.0
full,12321,impostor,80947.0
full,12321,impostor,76217.0
full,12321,impostor,92504.0
full,12321,impostor,64847.0
full,12321,impostor,52059.0
full,12321,impostor,55904.0
full,12321,impostor,59132.0
full,12321,impostor,61261.0
full,12321,impostor,43075.0
full,12321,impostor,76426.0
full,12321,impostor,43866.0
full,12321,impostor,77649.0
full,12321,impostor,81404.0
full,12321,impostor,75457.0
full,12321,impostor,71228.0
full,12321,impostor,59341.0
full,12321,impostor,79293.0
full,12321,impostor,81222.0
full,12321,impostor,82394.0
full,12321,impostor,61853.0
full,12321,impostor,42754.0
full,12321,impostor,40571.0
full,12321,impostor,70190.0
full,12321,impostor,69192.0
full,12321,impostor,45633.0
full,12321,impostor,49348.0
full,12321,impostor,48166.0
full,12321,impostor,60560.0
full,12321,impostor,76571.0
full,12321,impostor,53974.0
full,12321,impostor,62391.0
full,12321,impostor,77457.0
full,12321,impostor,72713.0
full,12321,impostor,74149.0
full,12321,impostor,78442.0
full,12321,impostor,49909.0
full,12321,impostor,48237.0
full,12321,impostor,49409.0
full,12321,impostor,52414.0
full,12321,impostor,54628.0
full,12321,impostor,51080.0
full,12321,impostor,41678.0
full,12321,impostor,51074.0
full,12321,impostor,56499.0
full,12321,impostor,62100.0
full,12321,impostor,66983.0
full,12321,impostor,58927.0
full,12321,impostor,67354.0
full,12321,impostor,78573.0
full,12321,impostor,66921.0
full,12321,impostor,60392.0
full,12321,impostor,70398.0
full,12321,impostor,57223.0
full,12321,impostor,75262.0
full,12321,impostor,60905.0
full,12321,impostor,66592.0
full,12321,impostor,64022.0
full,12321,impostor,61320.0
full,12321,impostor,63773.0
full,12321,impostor,37376.0
full,12321,impostor,50590.0
full,12321,impostor,38929.0
full,12321,impostor,38131.0
full,12321,impostor,48250.0
full,12321,impostor,41638.0
full,12321,impostor,43793.0
full,12321,impostor,43339.0
full,12321,impostor,68500.0
full,12321,impostor,59075.0
full,12321,impostor,60688.0
full,12321,impostor,54321.0
full,12321,impostor,48428.0
full,12321,impostor,56098.0
full,12321,impostor,61543.0
full,12321,impostor,62203.0
full,12321,impostor,48636.0
full,12321,impostor,55313.0
full,12321,impostor,42360.0
full,12321,impostor,41903.0
full,12321,impostor,50281.0
full,12321,impostor,36520.0
full,12321,impostor,39745.0
full,12321,impostor,35361.0
full,12321,impostor,61259.0
full,12321,impostor,62854.0
full,12321,impostor,63085.0
full,12321,impostor,60242.0
full,12321,impostor,62780.0
full,12321,impostor,59408.0
full,12321,impostor,61498.0
full,12321,impostor,57249.0
full,12321,impostor,46832.0
full,12321,impostor,44920.0
full,12321,impostor,45556.0
full,12321,impostor,45465.0
full,12321,impostor,46973.0
full,12321,impostor,44845.0
full,12321,impostor,46537.0
full,12321,impostor,42567.0
full,12321,impostor,49345.0
full,12321,impostor,35056.0
full,12321,impostor,57267.0
full,12321,impostor,44228.0
full,12321,impostor,60207.0
full,12321,impostor,38769.0
full,12321,impostor,38131.0
full,12321,impostor,47820.0
full,12321,impostor,47907.0
full,12321,impostor,51087.0
full,12321,impostor,45800.0
full,12321,impostor,41736.0
full,12321,impostor,44473.0
full,12321,impostor,52801.0
full,12321,impostor,42506.0
full,12321,impostor,58656.0
full,12321,impostor,46741.0
full,12321,impostor,37104.0
full,12321,impostor,44291.0
full,12321,impostor,31238.0
full,12321,impostor,37917.0
full,12321,impostor,36227.0
full,12321,impostor,40858.0
full,12321,impostor,39250.0
full,12321,impostor,43069.0
full,12321,impostor,61562.0
full,12321,impostor,56625.0
full,12321,impostor,46456.0
full,12321,impostor,44010.0
full,12321,impostor,53121.0
full,12321,impostor,48564.0
full,12321,impostor,50600.0
full,12321,impostor,35692.0
full,12321,impostor,31339.0
full,12321,impostor,41842.0
full,12321,impostor,35089.0
full,12321,impostor,30577.0
full,12321,impostor,31009.0
full,12321,impostor,30551.0
full,12321,impostor,33686.0
full,12321,impostor,38539.0
full,12321,impostor,37561.0
full,12321,impostor,39569.0
full,12321,impostor,42228.0
full,12321,impostor,43514.0
full,12321,impostor,44150.0
full,12321,impostor,51188.0
full,12321,impostor,37720.0
full,12321,impostor,56078.0
full,12321,impostor,38345.0
full,12321,impostor,65028.0
full,12321,impostor,44709.0
full,12321,impostor,61910.0
full,12321,impostor,40546.0
full,12321,impostor,41860.0
full,12321,impostor,48099.0
full,12321,impostor,51594.0
full,12321,impostor,58456.0
full,12321,impostor,50819.0
full,12321,impostor,46901.0
full,12321,impostor,50004.0
full,12321,impostor,59566.0
full,12321,impostor,44243.0
full,12321,impostor,65477.0
full,12321,impostor,50538.0
full,12321,impostor,37801.0
full,12321,impostor,47340.0
full,12321,impostor,33873.0
full,12321,impostor,42790.0
full,12321,impostor,37932.0
full,12321,impostor,42469.0
full,12321,impostor,40427.0
full,12321,impostor,47936.0
full,12321,impostor,69197.0
full,12321,impostor,63060.0
full,12321,impostor,49629.0
full,12321,impostor,47295.0
full,12321,impostor,59500.0
full,12321,impostor,54173.0
full,12321,impostor,57009.0
full,12321,impostor,39313.0
full,12321,impostor,33882.0
full,12321,impostor,48301.0
full,12321,impostor,40430.0
full,12321,impostor,32308.0
full,12321,impostor,32750.0
full,12321,impostor,31592.0
full,12321,impostor,34749.0
full,12321,impostor,44498.0
full,12321,impostor,44050.0
full,12321,impostor,45906.0
full,12321,impostor,47323.0
full,12321,impostor,47883.0
full,12321,impostor,49037.0
full,12321,impostor,58247.0
full,12321,impostor,41803.0
full,12321,impostor,42809.0
full,12321,impostor,38706.0
full,12321,impostor,50013.0
full,12321,impostor,57236.0
full,12321,impostor,72805.0
full,12321,impostor,43297.0
full,12321,impostor,46095.0
full,12321,impostor,60868.0
full,12321,impostor,55667.0
full,12321,impostor,53959.0
full,12321,impostor,49186.0
full,12321,impostor,48786.0
full,12321,impostor,46425.0
full,12321,impostor,54961.0
full,12321,impostor,54420.0
full,12321,impostor,62334.0
full,12321,impostor,55269.0
full,12321,impostor,50944.0
full,12321,impostor,56057.0
full,12321,impostor,38582.0
full,12321,impostor,40583.0
full,12321,impostor,49321.0
full,12321,impostor,55078.0
full,12321,impostor,53096.0
full,12321,impostor,46461.0
full,12321,impostor,65198.0
full,12321,impostor,62047.0
full,12321,impostor,60618.0
full,12321,impostor,49162.0
full,12321,impostor,60879.0
full,12321,impostor,53448.0
full,12321,impostor,58366.0
full,12321,impostor,34572.0
full,12321,impostor,36783.0
full,12321,impostor,36992.0
full,12321,impostor,32451.0
full,12321,impostor,36445.0
full,12321,impostor,36695.0
full,12321,impostor,34709.0
full,12321,impostor,44178.0
full,12321,impostor,43999.0
full,12321,impostor,44187.0
full,12321,impostor,47147.0
full,12321,impostor,51296.0
full,12321,impostor,51352.0
full,12321,impostor,51076.0
full,12321,impostor,57248.0
full,12321,impostor,43942.0
full,12321,impostor,54989.0
full,12321,impostor,36430.0
full,12321,impostor,63807.0
full,12321,impostor,42302.0
full,12321,impostor,59721.0
full,12321,impostor,38861.0
full,12321,impostor,38693.0
full,12321,impostor,44512.0
full,12321,impostor,49423.0
full,12321,impostor,57387.0
full,12321,impostor,50476.0
full,12321,impostor,46688.0
full,12321,impostor,50365.0
full,12321,impostor,58349.0
full,12321,impostor,42304.0
full,12321,impostor,62274.0
full,12321,impostor,50925.0
full,12321,impostor,38592.0
full,12321,impostor,46695.0
full,12321,impostor,35416.0
full,12321,impostor,40673.0
full,12321,impostor,36033.0
full,12321,impostor,41924.0
full,12321,impostor,39710.0
full,12321,impostor,47485.0
full,12321,impostor,67356.0
full,12321,impostor,60095.0
full,12321,impostor,46258.0
full,12321,impostor,47388.0
full,12321,impostor,56017.0
full,12321,impostor,52528.0
full,12321,impostor,54130.0
full,12321,impostor,38114.0
full,12321,impostor,36421.0
full,12321,impostor,47974.0
full,12321,impostor,39983.0
full,12321,impostor,34027.0
full,12321,impostor,31543.0
full,12321,impostor,33379.0
full,12321,impostor,33634.0
full,12321,impostor,43641.0
full,12321,impostor,43223.0
full,12321,impostor,44471.0
full,12321,impostor,46148.0
full,12321,impostor,46660.0
full,12321,impostor,47756.0
full,12321,impostor,55870.0
full,12321,impostor,40516.0
full,12321,impostor,54672.0
full,12321,impostor,41181.0
full,12321,impostor,63890.0
full,12321,impostor,44507.0
full,12321,impostor,65584.0
full,12321,impostor,43060.0
full,12321,impostor,43884.0
full,12321,impostor,51193.0
full,12321,impostor,58024.0
full,12321,impostor,62824.0
full,12321,impostor,58283.0
full,12321,impostor,52855.0
full,12321,impostor,54886.0
full,12321,impostor,65348.0
full,12321,impostor,48317.0
full,12321,impostor,69137.0
full,12321,impostor,47476.0
full,12321,impostor,37553.0
full,12321,impostor,45882.0
full,12321,impostor,32901.0
full,12321,impostor,44336.0
full,12321,impostor,38024.0
full,12321,impostor,42219.0
full,12321,impostor,40367.0
full,12321,impostor,53720.0
full,12321,impostor,69441.0
full,12321,impostor,67248.0
full,12321,impostor,52437.0
full,12321,impostor,52455.0
full,12321,impostor,64272.0
full,12321,impostor,60531.0
full,12321,impostor,62889.0
full,12321,impostor,41951.0
full,12321,impostor,36752.0
full,12321,impostor,49517.0
full,12321,impostor,41246.0
full,12321,impostor,34080.0
full,12321,impostor,33116.0
full,12321,impostor,32338.0
full,12321,impostor,37463.0
full,12321,impostor,43838.0
full,12321,impostor,44024.0
full,12321,impostor,45612.0
full,12321,impostor,47805.0
full,12321,impostor,48609.0
full,12321,impostor,48887.0
full,12321,impostor,57197.0
full,12321,impostor,43993.0
full,12321,impostor,69463.0
full,12321,impostor,46382.0
full,12321,impostor,75035.0
full,12321,impostor,41976.0
full,12321,impostor,64743.0
full,12321,impostor,48037.0
full,12321,impostor,47535.0
full,12321,impostor,48318.0
full,12321,impostor,71451.0
full,12321,impostor,73385.0
full,12321,impostor,70240.0
full,12321,impostor,63814.0
full,12321,impostor,63225.0
full,12321,impostor,76365.0
full,12321,impostor,56682.0
full,12321,impostor,83680.0
full,12321,impostor,44633.0
full,12321,impostor,36412.0
full,12321,impostor,41985.0
full,12321,impostor,40168.0
full,12321,impostor,56669.0
full,12321,impostor,40517.0
full,12321,impostor,38738.0
full,12321,impostor,37976.0
full,12321,impostor,61339.0
full,12321,impostor,78526.0
full,12321,impostor,77137.0
full,12321,impostor,59160.0
full,12321,impostor,60192.0
full,12321,impostor,74917.0
full,12321,impostor,70834.0
full,12321,impostor,74668.0
full,12321,impostor,53434.0
full,12321,impostor,34863.0
full,12321,impostor,60746.0
full,12321,impostor,53741.0
full,12321,impostor,35121.0
full,12321,impostor,37291.0
full,12321,impostor,34225.0
full,12321,impostor,38708.0
full,12321,impostor,50223.0
full,12321,impostor,50737.0
full,12321,impostor,51399.0
full,12321,impostor,53380.0
full,12321,impostor,54454.0
full,12321,impostor,56152.0
full,12321,impostor,66654.0
full,12321,impostor,52196.0
full,12321,impostor,71853.0
full,12321,impostor,45984.0
full,12321,impostor,78061.0
full,12321,impostor,30824.0
full,12321,impostor,50213.0
full,12321,impostor,46163.0
full,12321,impostor,42257.0
full,12321,impostor,35474.0
full,12321,impostor,62573.0
full,12321,impostor,67075.0
full,12321,impostor,62688.0
full,12321,impostor,56690.0
full,12321,impostor,58513.0
full,12321,impostor,68229.0
full,12321,impostor,48004.0
full,12321,impostor,75372.0
full,12321,impostor,43767.0
full,12321,impostor,33098.0
full,12321,impostor,36911.0
full,12321,impostor,40472.0
full,12321,impostor,52027.0
full,12321,impostor,33505.0
full,12321,impostor,32872.0
full,12321,impostor,33434.0
full,12321,impostor,54491.0
full,12321,impostor,75424.0
full,12321,impostor,70033.0
full,12321,impostor,47268.0
full,12321,impostor,52664.0
full,12321,impostor,64755.0
full,12321,impostor,60962.0
full,12321,impostor,63554.0
full,12321,impostor,53660.0
full,12321,impostor,37687.0
full,12321,impostor,63172.0
full,12321,impostor,57235.0
full,12321,impostor,36625.0
full,12321,impostor,36691.0
full,12321,impostor,36057.0
full,12321,impostor,31534.0
full,12321,impostor,46693.0
full,12321,impostor,46181.0
full,12321,impostor,46153.0
full,12321,impostor,45034.0
full,12321,impostor,47172.0
full,12321,impostor,49528.0
full,12321,impostor,59788.0
full,12321,impostor,46038.0
full,12321,impostor,65602.0
full,12321,impostor,42653.0
full,12321,impostor,73868.0
full,12321,impostor,44345.0
full,12321,impostor,46934.0
full,12321,impostor,47190.0
full,12321,impostor,35868.0
full,12321,impostor,40661.0
full,12321,impostor,57558.0
full,12321,impostor,62496.0
full,12321,impostor,60309.0
full,12321,impostor,58209.0
full,12321,impostor,58646.0
full,12321,impostor,63938.0
full,12321,impostor,52935.0
full,12321,impostor,62867.0
full,12321,impostor,56722.0
full,12321,impostor,49717.0
full,12321,impostor,52176.0
full,12321,impostor,48729.0
full,12321,impostor,41808.0
full,12321,impostor,41548.0
full,12321,impostor,50123.0
full,12321,impostor,49729.0
full,12321,impostor,54874.0
full,12321,impostor,70933.0
full,12321,impostor,61132.0
full,12321,impostor,47783.0
full,12321,impostor,54909.0
full,12321,impostor,56420.0
full,12321,impostor,56863.0
full,12321,impostor,54921.0
full,12321,impostor,46315.0
full,12321,impostor,50998.0
full,12321,impostor,57237.0
full,12321,impostor,54108.0
full,12321,impostor,47436.0
full,12321,impostor,40126.0
full,12321,impostor,46158.0
full,12321,impostor,38351.0
full,12321,impostor,50326.0
full,12321,impostor,49718.0
full,12321,impostor,50612.0
full,12321,impostor,47819.0
full,12321,impostor,47321.0
full,12321,impostor,47705.0
full,12321,impostor,54657.0
full,12321,impostor,44257.0
full,12321,impostor,63744.0
full,12321,impostor,55490.0
full,12321,impostor,54915.0
full,12321,impostor,55467.0
full,12321,impostor,56300.0
full,12321,impostor,55848.0
full,12321,impostor,68621.0
full,12321,impostor,55895.0
full,12321,impostor,62652.0
full,12321,impostor,65727.0
full,12321,impostor,65910.0
full,12321,impostor,50145.0
full,12321,impostor,43974.0
full,12321,impostor,62400.0
full,12321,impostor,68611.0
full,12321,impostor,66775.0
full,12321,impostor,57654.0
full,12321,impostor,53741.0
full,12321,impostor,57940.0
full,12321,impostor,68321.0
full,12321,impostor,61269.0
full,12321,impostor,62276.0
full,12321,impostor,57307.0
full,12321,impostor,57835.0
full,12321,impostor,35207.0
full,12321,impostor,53106.0
full,12321,impostor,29059.0
full,12321,impostor,32942.0
full,12321,impostor,55222.0
full,12321,impostor,48682.0
full,12321,impostor,50316.0
full,12321,impostor,62361.0
full,12321,impostor,46812.0
full,12321,impostor,46436.0
full,12321,impostor,50098.0
full,12321,impostor,53975.0
full,12321,impostor,55171.0
full,12321,impostor,54983.0
full,12321,impostor,55303.0
full,12321,impostor,48453.0
full,12321,impostor,49547.0
full,12321,impostor,51515.0
full,12321,impostor,49398.0
full,12321,impostor,47846.0
full,12321,impostor,49471.0
full,12321,impostor,52371.0
full,12321,impostor,48914.0
full,12321,impostor,53596.0
full,12321,impostor,52949.0
full,12321,impostor,41882.0
full,12321,impostor,48967.0
full,12321,impostor,35106.0
full,12321,impostor,33425.0
full,12321,impostor,37963.0
full,12321,impostor,44358.0
full,12321,impostor,42512.0
full,12321,impostor,45965.0
full,12321,impostor,59760.0
full,12321,impostor,56273.0
full,12321,impostor,50196.0
full,12321,impostor,50022.0
full,12321,impostor,52611.0
full,12321,impostor,50398.0
full,12321,impostor,50340.0
full,12321,impostor,29464.0
full,12321,impostor,34665.0
full,12321,impostor,36876.0
full,12321,impostor,31997.0
full,12321,impostor,33433.0
full,12321,impostor,30811.0
full,12321,impostor,31823.0
full,12321,impostor,37972.0
full,12321,impostor,42773.0
full,12321,impostor,41417.0
full,12321,impostor,43945.0
full,12321,impostor,45846.0
full,12321,impostor,47296.0
full,12321,impostor,48078.0
full,12321,impostor,52014.0
full,12321,impostor,40436.0
full,12321,impostor,71026.0
full,12321,impostor,51992.0
full,12321,impostor,58889.0
full,12321,impostor,60537.0
full,12321,impostor,56466.0
full,12321,impostor,54514.0
full,12321,impostor,75111.0
full,12321,impostor,61017.0
full,12321,impostor,61856.0
full,12321,impostor,72135.0
full,12321,impostor,65728.0
full,12321,impostor,59431.0
full,12321,impostor,52776.0
full,12321,impostor,71338.0
full,12321,impostor,72831.0
full,12321,impostor,73123.0
full,12321,impostor,58866.0
full,12321,impostor,51795.0
full,12321,impostor,58010.0
full,12321,impostor,73135.0
full,12321,impostor,63855.0
full,12321,impostor,64324.0
full,12321,impostor,59099.0
full,12321,impostor,61363.0
full,12321,impostor,44621.0
full,12321,impostor,57612.0
full,12321,impostor,29527.0
full,12321,impostor,41566.0
full,12321,impostor,62532.0
full,12321,impostor,57744.0
full,12321,impostor,57686.0
full,12321,impostor,67757.0
full,12321,impostor,46056.0
full,12321,impostor,46256.0
full,12321,impostor,49072.0
full,12321,impostor,54099.0
full,12321,impostor,55109.0
full,12321,impostor,54509.0
full,12321,impostor,55041.0
full,12321,impostor,50315.0
full,12321,impostor,59023.0
full,12321,impostor,62455.0
full,12321,impostor,59274.0
full,12321,impostor,51874.0
full,12321,impostor,55157.0
full,12321,impostor,63563.0
full,12321,impostor,46498.0
full,12321,impostor,73000.0
full,12321,impostor,36311.0
full,12321,impostor,35192.0
full,12321,impostor,31979.0
full,12321,impostor,42546.0
full,12321,impostor,51787.0
full,12321,impostor,34235.0
full,12321,impostor,33302.0
full,12321,impostor,34528.0
full,12321,impostor,51367.0
full,12321,impostor,69646.0
full,12321,impostor,62725.0
full,12321,impostor,39892.0
full,12321,impostor,50488.0
full,12321,impostor,58497.0
full,12321,impostor,55568.0
full,12321,impostor,58702.0
full,12321,impostor,58386.0
full,12321,impostor,41297.0
full,12321,impostor,62966.0
full,12321,impostor,61067.0
full,12321,impostor,43351.0
full,12321,impostor,40763.0
full,12321,impostor,41621.0
full,12321,impostor,32932.0
full,12321,impostor,38611.0
full,12321,impostor,38681.0
full,12321,impostor,37789.0
full,12321,impostor,37044.0
full,12321,impostor,38720.0
full,12321,impostor,40550.0
full,12321,impostor,51642.0
full,12321,impostor,40066.0
full,12321,impostor,69470.0
full,12321,impostor,71148.0
full,12321,impostor,67971.0
full,12321,impostor,64059.0
full,12321,impostor,64122.0
full,12321,impostor,71094.0
full,12321,impostor,57155.0
full,12321,impostor,74609.0
full,12321,impostor,56702.0
full,12321,impostor,51933.0
full,12321,impostor,50040.0
full,12321,impostor,59333.0
full,12321,impostor,57220.0
full,12321,impostor,48968.0
full,12321,impostor,48255.0
full,12321,impostor,50427.0
full,12321,impostor,61338.0
full,12321,impostor,80745.0
full,12321,impostor,69220.0
full,12321,impostor,52409.0
full,12321,impostor,62909.0
full,12321,impostor,64110.0
full,12321,impostor,64871.0
full,12321,impostor,63051.0
full,12321,impostor,70557.0
full,12321,impostor,57228.0
full,12321,impostor,78147.0
full,12321,impostor,74320.0
full,12321,impostor,59018.0
full,12321,impostor,57232.0
full,12321,impostor,58200.0
full,12321,impostor,45965.0
full,12321,impostor,51912.0
full,12321,impostor,52322.0
full,12321,impostor,51132.0
full,12321,impostor,49485.0
full,12321,impostor,50097.0
full,12321,impostor,51765.0
full,12321,impostor,59531.0
full,12321,impostor,52615.0
full,12321,impostor,53276.0
full,12321,impostor,60546.0
full,12321,impostor,53323.0
full,12321,impostor,51821.0
full,12321,impostor,53392.0
full,12321,impostor,58720.0
full,12321,impostor,46917.0
full,12321,impostor,63041.0
full,12321,impostor,59540.0
full,12321,impostor,44269.0
full,12321,impostor,54822.0
full,12321,impostor,36843.0
full,12321,impostor,39818.0
full,12321,impostor,39818.0
full,12321,impostor,48031.0
full,12321,impostor,44395.0
full,12321,impostor,51940.0
full,12321,impostor,72243.0
full,12321,impostor,66434.0
full,12321,impostor,54921.0
full,12321,impostor,54659.0
full,12321,impostor,63064.0
full,12321,impostor,57751.0
full,12321,impostor,59369.0
full,12321,impostor,37013.0
full,12321,impostor,36994.0
full,12321,impostor,45429.0
full,12321,impostor,36452.0
full,12321,impostor,35462.0
full,12321,impostor,33826.0
full,12321,impostor,33994.0
full,12321,impostor,40005.0
full,12321,impostor,52380.0
full,12321,impostor,51350.0
full,12321,impostor,53876.0
full,12321,impostor,56505.0
full,12321,impostor,58225.0
full,12321,impostor,59409.0
full,12321,impostor,64719.0
full,12321,impostor,49699.0
full,12321,impostor,53400.0
full,12321,impostor,59642.0
full,12321,impostor,55909.0
full,12321,impostor,54555.0
full,12321,impostor,54146.0
full,12321,impostor,58360.0
full,12321,impostor,49687.0
full,12321,impostor,58131.0
full,12321,impostor,57898.0
full,12321,impostor,43721.0
full,12321,impostor,52070.0
full,12321,impostor,39717.0
full,12321,impostor,35572.0
full,12321,impostor,38210.0
full,12321,impostor,45725.0
full,12321,impostor,43527.0
full,12321,impostor,51228.0
full,12321,impostor,68983.0
full,12321,impostor,61896.0
full,12321,impostor,51679.0
full,12321,impostor,55041.0
full,12321,impostor,55754.0
full,12321,impostor,55321.0
full,12321,impostor,53497.0
full,12321,impostor,37597.0
full,12321,impostor,38722.0
full,12321,impostor,47211.0
full,12321,impostor,42182.0
full,12321,impostor,35322.0
full,12321,impostor,33854.0
full,12321,impostor,35266.0
full,12321,impostor,35493.0
full,12321,impostor,50184.0
full,12321,impostor,49188.0
full,12321,impostor,50890.0
full,12321,impostor,51477.0
full,12321,impostor,52799.0
full,12321,impostor,53807.0
full,12321,impostor,59173.0
full,12321,impostor,46403.0
full,12321,impostor,62917.0
full,12321,impostor,69377.0
full,12321,impostor,65060.0
full,12321,impostor,60004.0
full,12321,impostor,61113.0
full,12321,impostor,68891.0
full,12321,impostor,49976.0
full,12321,impostor,75382.0
full,12321,impostor,49809.0
full,12321,impostor,41124.0
full,12321,impostor,44183.0
full,12321,impostor,48034.0
full,12321,impostor,50869.0
full,12321,impostor,36881.0
full,12321,impostor,39662.0
full,12321,impostor,40066.0
full,12321,impostor,58249.0
full,12321,impostor,79538.0
full,12321,impostor,70515.0
full,12321,impostor,48628.0
full,12321,impostor,57588.0
full,12321,impostor,64451.0
full,12321,impostor,63072.0
full,12321,impostor,63636.0
full,12321,impostor,60398.0
full,12321,impostor,46261.0
full,12321,impostor,67886.0
full,12321,impostor,64435.0
full,12321,impostor,44935.0
full,12321,impostor,43019.0
full,12321,impostor,44475.0
full,12321,impostor,34756.0
full,12321,impostor,49397.0
full,12321,impostor,50357.0
full,12321,impostor,49777.0
full,12321,impostor,48162.0
full,12321,impostor,48674.0
full,12321,impostor,51396.0
full,12321,impostor,61894.0
full,12321,impostor,48596.0
full,12321,impostor,69908.0
full,12321,impostor,56611.0
full,12321,impostor,61326.0
full,12321,impostor,49013.0
full,12321,impostor,46258.0
full,12321,impostor,54920.0
full,12321,impostor,61855.0
full,12321,impostor,61301.0
full,12321,impostor,44812.0
full,12321,impostor,61571.0
full,12321,impostor,46426.0
full,12321,impostor,37329.0
full,12321,impostor,45223.0
full,12321,impostor,39162.0
full,12321,impostor,41291.0
full,12321,impostor,35265.0
full,12321,impostor,52055.0
full,12321,impostor,52268.0
full,12321,impostor,55405.0
full,12321,impostor,50478.0
full,12321,impostor,51658.0
full,12321,impostor,50732.0
full,12321,impostor,52176.0
full,12321,impostor,50503.0
full,12321,impostor,47732.0
full,12321,impostor,46550.0
full,12321,impostor,47834.0
full,12321,impostor,48783.0
full,12321,impostor,50821.0
full,12321,impostor,48795.0
full,12321,impostor,53075.0
full,12321,impostor,42071.0
full,12321,impostor,58494.0
full,12321,impostor,58833.0
full,12321,impostor,54006.0
full,12321,impostor,51327.0
full,12321,impostor,51054.0
full,12321,impostor,59306.0
full,12321,impostor,58813.0
full,12321,impostor,60221.0
full,12321,impostor,34074.0
full,12321,impostor,47249.0
full,12321,impostor,44960.0
full,12321,impostor,53743.0
full,12321,impostor,41067.0
full,12321,impostor,43650.0
full,12321,impostor,33161.0
full,12321,impostor,41581.0
full,12321,impostor,51859.0
full,12321,impostor,49452.0
full,12321,impostor,46091.0
full,12321,impostor,46976.0
full,12321,impostor,53314.0
full,12321,impostor,52340.0
full,12321,impostor,51178.0
full,12321,impostor,53441.0
full,12321,impostor,35718.0
full,12321,impostor,34514.0
full,12321,impostor,35480.0
full,12321,impostor,39017.0
full,12321,impostor,41963.0
full,12321,impostor,39799.0
full,12321,impostor,39689.0
full,12321,impostor,36011.0
full,12321,impostor,63743.0
full,12321,impostor,56750.0
full,12321,impostor,56803.0
full,12321,impostor,48786.0
full,12321,impostor,44715.0
full,12321,impostor,56079.0
full,12321,impostor,58932.0
full,12321,impostor,59684.0
full,12321,impostor,36783.0
full,12321,impostor,54164.0
full,12321,impostor,40943.0
full,12321,impostor,42736.0
full,12321,impostor,37428.0
full,12321,impostor,36975.0
full,12321,impostor,30984.0
full,12321,impostor,33522.0
full,12321,impostor,47524.0
full,12321,impostor,48041.0
full,12321,impostor,45952.0
full,12321,impostor,43879.0
full,12321,impostor,50133.0
full,12321,impostor,48497.0
full,12321,impostor,49269.0
full,12321,impostor,49934.0
full,12321,impostor,40439.0
full,12321,impostor,39047.0
full,12321,impostor,40971.0
full,12321,impostor,42808.0
full,12321,impostor,44304.0
full,12321,impostor,43206.0
full,12321,impostor,45890.0
full,12321,impostor,36242.0
full,12321,impostor,56263.0
full,12321,impostor,49442.0
full,12321,impostor,49791.0
full,12321,impostor,42866.0
full,12321,impostor,44315.0
full,12321,impostor,49791.0
full,12321,impostor,51926.0
full,12321,impostor,52472.0
full,12321,impostor,35949.0
full,12321,impostor,52646.0
full,12321,impostor,41749.0
full,12321,impostor,36570.0
full,12321,impostor,36068.0
full,12321,impostor,36767.0
full,12321,impostor,33220.0
full,12321,impostor,33608.0
full,12321,impostor,47894.0
full,12321,impostor,43937.0
full,12321,impostor,48160.0
full,12321,impostor,43727.0
full,12321,impostor,46843.0
full,12321,impostor,45555.0
full,12321,impostor,45881.0
full,12321,impostor,45768.0
full,12321,impostor,35971.0
full,12321,impostor,34553.0
full,12321,impostor,36559.0
full,12321,impostor,38754.0
full,12321,impostor,40370.0
full,12321,impostor,39466.0
full,12321,impostor,43850.0
full,12321,impostor,33758.0
full,12321,impostor,55466.0
full,12321,impostor,51969.0
full,12321,impostor,48812.0
full,12321,impostor,45451.0
full,12321,impostor,47280.0
full,12321,impostor,53094.0
full,12321,impostor,51973.0
full,12321,impostor,53141.0
full,12321,impostor,26804.0
full,12321,impostor,55097.0
full,12321,impostor,45738.0
full,12321,impostor,47985.0
full,12321,impostor,31213.0
full,12321,impostor,42954.0
full,12321,impostor,30011.0
full,12321,impostor,41429.0
full,12321,impostor,50297.0
full,12321,impostor,41440.0
full,12321,impostor,46291.0
full,12321,impostor,42850.0
full,12321,impostor,45632.0
full,12321,impostor,46944.0
full,12321,impostor,44330.0
full,12321,impostor,46161.0
full,12321,impostor,35848.0
full,12321,impostor,34204.0
full,12321,impostor,36428.0
full,12321,impostor,39457.0
full,12321,impostor,42577.0
full,12321,impostor,41503.0
full,12321,impostor,44749.0
full,12321,impostor,34869.0
full,12321,impostor,64080.0
full,12321,impostor,62369.0
full,12321,impostor,58934.0
full,12321,impostor,55371.0
full,12321,impostor,47598.0
full,12321,impostor,61216.0
full,12321,impostor,61385.0
full,12321,impostor,62713.0
full,12321,impostor,34618.0
full,12321,impostor,47143.0
full,12321,impostor,37962.0
full,12321,impostor,53259.0
full,12321,impostor,40585.0
full,12321,impostor,36570.0
full,12321,impostor,26865.0
full,12321,impostor,36827.0
full,12321,impostor,50645.0
full,12321,impostor,52500.0
full,12321,impostor,44661.0
full,12321,impostor,48092.0
full,12321,impostor,55144.0
full,12321,impostor,53982.0
full,12321,impostor,53376.0
full,12321,impostor,54285.0
full,12321,impostor,39280.0
full,12321,impostor,37718.0
full,12321,impostor,39400.0
full,12321,impostor,41373.0
full,12321,impostor,43373.0
full,12321,impostor,41907.0
full,12321,impostor,41245.0
full,12321,impostor,38045.0
full,12321,impostor,59745.0
full,12321,impostor,44358.0
full,12321,impostor,50849.0
full,12321,impostor,41836.0
full,12321,impostor,48433.0
full,12321,impostor,43703.0
full,12321,impostor,48716.0
full,12321,impostor,47578.0
full,12321,impostor,45395.0
full,12321,impostor,68214.0
full,12321,impostor,56247.0
full,12321,impostor,32820.0
full,12321,impostor,43722.0
full,12321,impostor,48515.0
full,12321,impostor,46514.0
full,12321,impostor,43872.0
full,12321,impostor,53292.0
full,12321,impostor,44075.0
full,12321,impostor,58822.0
full,12321,impostor,51689.0
full,12321,impostor,44157.0
full,12321,impostor,44919.0
full,12321,impostor,45457.0
full,12321,impostor,42858.0
full,12321,impostor,44725.0
full,12321,impostor,43213.0
full,12321,impostor,44937.0
full,12321,impostor,45690.0
full,12321,impostor,47558.0
full,12321,impostor,46738.0
full,12321,impostor,54936.0
full,12321,impostor,40948.0
full,12321,impostor,69677.0
full,12321,impostor,68176.0
full,12321,impostor,67477.0
full,12321,impostor,55956.0
full,12321,impostor,42523.0
full,12321,impostor,66635.0
full,12321,impostor,70294.0
full,12321,impostor,70590.0
full,12321,impostor,52119.0
full,12321,impostor,40200.0
full,12321,impostor,32283.0
full,12321,impostor,51542.0
full,12321,impostor,55434.0
full,12321,impostor,32547.0
full,12321,impostor,43018.0
full,12321,impostor,33766.0
full,12321,impostor,50878.0
full,12321,impostor,64213.0
full,12321,impostor,48144.0
full,12321,impostor,51667.0
full,12321,impostor,63135.0
full,12321,impostor,60221.0
full,12321,impostor,62281.0
full,12321,impostor,61080.0
full,12321,impostor,45693.0
full,12321,impostor,44473.0
full,12321,impostor,45491.0
full,12321,impostor,48428.0
full,12321,impostor,49496.0
full,12321,impostor,46658.0
full,12321,impostor,41902.0
full,12321,impostor,43466.0
full,12321,impostor,51204.0
full,12321,impostor,53651.0
full,12321,impostor,58120.0
full,12321,impostor,49915.0
full,12321,impostor,51373.0
full,12321,impostor,59760.0
full,12321,impostor,57649.0
full,12321,impostor,61155.0
full,12321,impostor,55969.0
full,12321,impostor,39424.0
full,12321,impostor,54269.0
full,12321,impostor,55988.0
full,12321,impostor,46586.0
full,12321,impostor,47044.0
full,12321,impostor,43678.0
full,12321,impostor,40039.0
full,12321,impostor,27934.0
full,12321,impostor,30330.0
full,12321,impostor,28754.0
full,12321,impostor,32277.0
full,12321,impostor,34757.0
full,12321,impostor,36845.0
full,12321,impostor,42897.0
full,12321,impostor,39715.0
full,12321,impostor,47947.0
full,12321,impostor,64350.0
full,12321,impostor,61707.0
full,12321,impostor,42390.0
full,12321,impostor,48264.0
full,12321,impostor,58075.0
full,12321,impostor,55178.0
full,12321,impostor,58062.0
full,12321,impostor,50434.0
full,12321,impostor,33017.0
full,12321,impostor,56804.0
full,12321,impostor,48491.0
full,12321,impostor,34603.0
full,12321,impostor,38837.0
full,12321,impostor,34491.0
full,12321,impostor,33886.0
full,12321,impostor,36675.0
full,12321,impostor,36733.0
full,12321,impostor,37065.0
full,12321,impostor,39922.0
full,12321,impostor,42126.0
full,12321,impostor,43758.0
full,12321,impostor,51772.0
full,12321,impostor,41442.0
full,12321,impostor,46178.0
full,12321,impostor,55369.0
full,12321,impostor,56282.0
full,12321,impostor,41481.0
full,12321,impostor,47331.0
full,12321,impostor,54208.0
full,12321,impostor,52517.0
full,12321,impostor,55033.0
full,12321,impostor,56101.0
full,12321,impostor,38544.0
full,12321,impostor,57049.0
full,12321,impostor,55982.0
full,12321,impostor,43310.0
full,12321,impostor,44958.0
full,12321,impostor,40880.0
full,12321,impostor,37013.0
full,12321,impostor,27398.0
full,12321,impostor,29342.0
full,12321,impostor,27328.0
full,12321,impostor,29695.0
full,12321,impostor,32013.0
full,12321,impostor,33659.0
full,12321,impostor,41791.0
full,12321,impostor,36357.0
full,12321,impostor,41893.0
full,12321,impostor,57422.0
full,12321,impostor,56053.0
full,12321,impostor,43486.0
full,12321,impostor,42358.0
full,12321,impostor,53651.0
full,12321,impostor,49342.0
full,12321,impostor,51094.0
full,12321,impostor,39520.0
full,12321,impostor,30385.0
full,12321,impostor,44070.0
full,12321,impostor,34769.0
full,12321,impostor,30729.0
full,12321,impostor,34395.0
full,12321,impostor,29929.0
full,12321,impostor,35502.0
full,12321,impostor,34743.0
full,12321,impostor,34211.0
full,12321,impostor,35943.0
full,12321,impostor,39780.0
full,12321,impostor,42310.0
full,12321,impostor,43014.0
full,12321,impostor,47866.0
full,12321,impostor,37466.0
full,12321,impostor,45684.0
full,12321,impostor,54573.0
full,12321,impostor,46598.0
full,12321,impostor,46195.0
full,12321,impostor,49071.0
full,12321,impostor,43846.0
full,12321,impostor,45927.0
full,12321,impostor,41799.0
full,12321,impostor,34097.0
full,12321,impostor,40668.0
full,12321,impostor,36179.0
full,12321,impostor,33038.0
full,12321,impostor,40538.0
full,12321,impostor,38584.0
full,12321,impostor,39164.0
full,12321,impostor,40151.0
full,12321,impostor,37896.0
full,12321,impostor,37960.0
full,12321,impostor,39044.0
full,12321,impostor,40591.0
full,12321,impostor,41609.0
full,12321,impostor,41921.0
full,12321,impostor,45775.0
full,12321,impostor,38149.0
full,12321,impostor,49594.0
full,12321,impostor,67253.0
full,12321,impostor,61894.0
full,12321,impostor,40793.0
full,12321,impostor,50967.0
full,12321,impostor,57236.0
full,12321,impostor,55941.0
full,12321,impostor,55749.0
full,12321,impostor,45909.0
full,12321,impostor,34844.0
full,12321,impostor,55401.0
full,12321,impostor,46406.0
full,12321,impostor,34828.0
full,12321,impostor,35340.0
full,12321,impostor,33422.0
full,12321,impostor,32513.0
full,12321,impostor,39756.0
full,12321,impostor,39982.0
full,12321,impostor,40158.0
full,12321,impostor,41259.0
full,12321,impostor,43085.0
full,12321,impostor,44687.0
full,12321,impostor,52557.0
full,12321,impostor,41523.0
full,12321,impostor,48735.0
full,12321,impostor,63694.0
full,12321,impostor,61585.0
full,12321,impostor,43922.0
full,12321,impostor,50436.0
full,12321,impostor,58263.0
full,12321,impostor,55288.0
full,12321,impostor,58174.0
full,12321,impostor,53822.0
full,12321,impostor,34585.0
full,12321,impostor,59320.0
full,12321,impostor,53321.0
full,12321,impostor,37977.0
full,12321,impostor,41295.0
full,12321,impostor,36819.0
full,12321,impostor,35050.0
full,12321,impostor,35389.0
full,12321,impostor,35883.0
full,12321,impostor,35071.0
full,12321,impostor,36810.0
full,12321,impostor,39840.0
full,12321,impostor,41836.0
full,12321,impostor,50298.0
full,12321,impostor,41580.0
full,12321,impostor,50149.0
full,12321,impostor,65960.0
full,12321,impostor,63981.0
full,12321,impostor,44890.0
full,12321,impostor,51692.0
full,12321,impostor,60415.0
full,12321,impostor,57222.0
full,12321,impostor,59374.0
full,12321,impostor,51738.0
full,12321,impostor,33093.0
full,12321,impostor,57816.0
full,12321,impostor,50643.0
full,12321,impostor,35675.0
full,12321,impostor,39619.0
full,12321,impostor,35111.0
full,12321,impostor,34458.0
full,12321,impostor,37841.0
full,12321,impostor,38241.0
full,12321,impostor,38125.0
full,12321,impostor,40476.0
full,12321,impostor,42820.0
full,12321,impostor,45066.0
full,12321,impostor,53204.0
full,12321,impostor,42958.0
full,12321,impostor,47193.0
full,12321,impostor,39446.0
full,12321,impostor,45879.0
full,12321,impostor,44782.0
full,12321,impostor,43568.0
full,12321,impostor,46092.0
full,12321,impostor,43054.0
full,12321,impostor,42693.0
full,12321,impostor,34106.0
full,12321,impostor,33426.0
full,12321,impostor,35264.0
full,12321,impostor,37739.0
full,12321,impostor,40637.0
full,12321,impostor,39977.0
full,12321,impostor,42905.0
full,12321,impostor,34883.0
full,12321,impostor,55566.0
full,12321,impostor,62665.0
full,12321,impostor,49154.0
full,12321,impostor,55601.0
full,12321,impostor,65923.0
full,12321,impostor,62301.0
full,12321,impostor,62257.0
full,12321,impostor,64196.0
full,12321,impostor,34697.0
full,12321,impostor,34537.0
full,12321,impostor,34797.0
full,12321,impostor,39634.0
full,12321,impostor,42102.0
full,12321,impostor,39418.0
full,12321,impostor,32910.0
full,12321,impostor,40684.0
full,12321,impostor,52729.0
full,12321,impostor,58306.0
full,12321,impostor,48571.0
full,12321,impostor,54080.0
full,12321,impostor,60978.0
full,12321,impostor,57284.0
full,12321,impostor,58404.0
full,12321,impostor,55795.0
full,12321,impostor,36144.0
full,12321,impostor,35830.0
full,12321,impostor,36204.0
full,12321,impostor,39023.0
full,12321,impostor,40903.0
full,12321,impostor,38673.0
full,12321,impostor,34715.0
full,12321,impostor,37211.0
full,12321,impostor,54862.0
full,12321,impostor,48107.0
full,12321,impostor,59342.0
full,12321,impostor,56747.0
full,12321,impostor,49993.0
full,12321,impostor,47121.0
full,12321,impostor,49215.0
full,12321,impostor,42920.0
full,12321,impostor,37595.0
full,12321,impostor,36459.0
full,12321,impostor,36451.0
full,12321,impostor,37426.0
full,12321,impostor,38818.0
full,12321,impostor,38966.0
full,12321,impostor,45622.0
full,12321,impostor,35964.0
full,12321,impostor,50328.0
full,12321,impostor,41331.0
full,12321,impostor,49460.0
full,12321,impostor,46673.0
full,12321,impostor,45685.0
full,12321,impostor,45467.0
full,12321,impostor,45487.0
full,12321,impostor,43338.0
full,12321,impostor,37897.0
full,12321,impostor,36787.0
full,12321,impostor,38871.0
full,12321,impostor,40714.0
full,12321,impostor,42578.0
full,12321,impostor,43148.0
full,12321,impostor,47238.0
full,12321,impostor,36428.0
full,12321,impostor,52885.0
full,12321,impostor,56218.0
full,12321,impostor,52007.0
full,12321,impostor,55048.0
full,12321,impostor,57750.0
full,12321,impostor,55720.0
full,12321,impostor,56634.0
full,12321,impostor,51227.0
full,12321,impostor,37966.0
full,12321,impostor,37000.0
full,12321,impostor,36848.0
full,12321,impostor,37999.0
full,12321,impostor,39369.0
full,12321,impostor,37941.0
full,12321,impostor,35847.0
full,12321,impostor,35189.0
full,12321,impostor,49406.0
full,12321,impostor,49561.0
full,12321,impostor,47272.0
full,12321,impostor,48661.0
full,12321,impostor,51803.0
full,12321,impostor,49719.0
full,12321,impostor,50127.0
full,12321,impostor,48230.0
full,12321,impostor,36757.0
full,12321,impostor,34581.0
full,12321,impostor,36511.0
full,12321,impostor,37456.0
full,12321,impostor,40296.0
full,12321,impostor,38574.0
full,12321,impostor,40200.0
full,12321,impostor,33202.0
full,12321,impostor,48474.0
full,12321,impostor,53579.0
full,12321,impostor,48594.0
full,12321,impostor,50521.0
full,12321,impostor,55369.0
full,12321,impostor,53287.0
full,12321,impostor,55019.0
full,12321,impostor,49860.0
full,12321,impostor,37869.0
full,12321,impostor,36967.0
full,12321,impostor,38089.0
full,12321,impostor,38058.0
full,12321,impostor,40434.0
full,12321,impostor,38786.0
full,12321,impostor,38412.0
full,12321,impostor,35014.0
full,12321,impostor,42131.0
full,12321,impostor,41615.0
full,12321,impostor,44735.0
full,12321,impostor,47278.0
full,12321,impostor,48674.0
full,12321,impostor,48558.0
full,12321,impostor,51234.0
full,12321,impostor,40672.0
full,12321,impostor,35362.0
full,12321,impostor,36022.0
full,12321,impostor,37522.0
full,12321,impostor,41281.0
full,12321,impostor,43783.0
full,12321,impostor,44793.0
full,12321,impostor,52655.0
full,12321,impostor,39527.0
full,12321,impostor,39125.0
full,12321,impostor,39437.0
full,12321,impostor,42493.0
full,12321,impostor,46496.0
full,12321,impostor,46892.0
full,12321,impostor,47178.0
full,12321,impostor,49010.0
full,12321,impostor,40800.0
full,12321,impostor,40314.0
full,12321,impostor,40202.0
full,12321,impostor,43922.0
full,12321,impostor,48229.0
full,12321,impostor,49659.0
full,12321,impostor,49705.0
full,12321,impostor,52427.0
full,12321,impostor,42683.0
full,12321,impostor,40608.0
full,12321,impostor,40518.0
full,12321,impostor,43114.0
full,12321,impostor,45677.0
full,12321,impostor,48075.0
full,12321,impostor,48211.0
full,12321,impostor,55817.0
full,12321,impostor,41523.0
full,12321,impostor,40286.0
full,12321,impostor,39420.0
full,12321,impostor,41832.0
full,12321,impostor,43075.0
full,12321,impostor,44203.0
full,12321,impostor,45033.0
full,12321,impostor,51273.0
full,12321,impostor,37499.0
full,12321,impostor,38288.0
full,12321,impostor,38000.0
full,12321,impostor,40358.0
full,12321,impostor,43187.0
full,12321,impostor,45521.0
full,12321,impostor,45729.0
full,12321,impostor,52569.0
full,12321,impostor,40349.0
full,12321,impostor,38087.0
full,12321,impostor,38133.0
full,12321,impostor,38765.0
full,12321,impostor,39452.0
full,12321,impostor,40766.0
full,12321,impostor,42142.0
full,12321,impostor,50696.0
full,12321,impostor,36954.0
pooled_2x2,36,genuine,1319.0
pooled_2x2,36,genuine,1500.0
pooled_2x2,36,genuine,11781.0
pooled_2x2,36,genuine,1601.0
pooled_2x2,36,genuine,2933.0
pooled_2x2,36,genuine,7245.0
pooled_2x2,36,genuine,1100.0
pooled_2x2,36,genuine,4795.0
pooled_2x2,36,genuine,10914.0
pooled_2x2,36,genuine,2574.0
pooled_2x2,36,genuine,3748.0
pooled_2x2,36,genuine,8038.0
pooled_2x2,36,genuine,3073.0
pooled_2x2,36,genuine,15061.0
pooled_2x2,36,genuine,2141.0
pooled_2x2,36,genuine,3349.0
pooled_2x2,36,genuine,6011.0
pooled_2x2,36,genuine,1312.0
pooled_2x2,36,genuine,17598.0
pooled_2x2,36,genuine,21326.0
pooled_2x2,36,genuine,24302.0
pooled_2x2,36,genuine,17745.0
pooled_2x2,36,genuine,508.0
pooled_2x2,36,genuine,3390.0
pooled_2x2,36,genuine,581.0
pooled_2x2,36,genuine,2420.0
pooled_2x2,36,genuine,1035.0
pooled_2x2,36,genuine,4785.0
pooled_2x2,36,genuine,6365.0
pooled_2x2,36,genuine,22475.0
pooled_2x2,36,genuine,3863.0
pooled_2x2,36,genuine,1658.0
pooled_2x2,36,genuine,6916.0
pooled_2x2,36,genuine,5192.0
pooled_2x2,36,genuine,5501.0
pooled_2x2,36,genuine,19040.0
pooled_2x2,36,genuine,3598.0
pooled_2x2,36,genuine,3377.0
pooled_2x2,36,genuine,587.0
pooled_2x2,36,genuine,4253.0
pooled_2x2,36,genuine,436.0
pooled_2x2,36,genuine,30098.0
pooled_2x2,36,genuine,15117.0
pooled_2x2,36,genuine,15589.0
pooled_2x2,36,genuine,11277.0
pooled_2x2,36,genuine,23158.0
pooled_2x2,36,genuine,4855.0
pooled_2x2,36,genuine,5315.0
pooled_2x2,36,genuine,9525.0
pooled_2x2,36,genuine,2350.0
pooled_2x2,36,genuine,3060.0
pooled_2x2,36,genuine,2014.0
pooled_2x2,36,genuine,3361.0
pooled_2x2,36,genuine,3752.0
pooled_2x2,36,genuine,1463.0
pooled_2x2,36,genuine,5137.0
pooled_2x2,36,genuine,6510.0
pooled_2x2,36,genuine,1481.0
pooled_2x2,36,genuine,902.0
pooled_2x2,36,genuine,5461.0
pooled_2x2,36,genuine,9046.0
pooled_2x2,36,genuine,11485.0
pooled_2x2,36,genuine,876.0
pooled_2x2,36,genuine,3889.0
pooled_2x2,36,genuine,3272.0
pooled_2x2,36,genuine,9111.0
pooled_2x2,36,genuine,10324.0
pooled_2x2,36,genuine,13695.0
pooled_2x2,36,genuine,10306.0
pooled_2x2,36,genuine,503.0
pooled_2x2,36,genuine,3918.0
pooled_2x2,36,genuine,6575.0
pooled_2x2,36,genuine,9284.0
pooled_2x2,36,genuine,3007.0
pooled_2x2,36,genuine,5217.0
pooled_2x2,36,genuine,8174.0
pooled_2x2,36,genuine,10997.0
pooled_2x2,36,genuine,2588.0
pooled_2x2,36,genuine,745.0
pooled_2x2,36,genuine,1378.0
pooled_2x2,36,genuine,5461.0
pooled_2x2,36,genuine,391.0
pooled_2x2,36,genuine,9396.0
pooled_2x2,36,genuine,11157.0
pooled_2x2,36,genuine,625.0
pooled_2x2,36,genuine,1418.0
pooled_2x2,36,genuine,564.0
pooled_2x2,36,genuine,1786.0
pooled_2x2,36,genuine,3997.0
pooled_2x2,36,genuine,3822.0
pooled_2x2,36,genuine,4349.0
pooled_2x2,36,genuine,2549.0
pooled_2x2,36,genuine,241.0
pooled_2x2,36,genuine,1701.0
pooled_2x2,36,genuine,2662.0
pooled_2x2,36,genuine,2351.0
pooled_2x2,36,genuine,3866.0
pooled_2x2,36,genuine,2406.0
pooled_2x2,36,genuine,2394.0
pooled_2x2,36,genuine,5615.0
pooled_2x2,36,genuine,8052.0
pooled_2x2,36,genuine,7547.0
pooled_2x2,36,genuine,1534.0
pooled_2x2,36,genuine,2807.0
pooled_2x2,36,genuine,2248.0
pooled_2x2,36,genuine,2567.0
pooled_2x2,36,genuine,1515.0
pooled_2x2,36,genuine,3696.0
pooled_2x2,36,genuine,5413.0
pooled_2x2,36,genuine,2167.0
pooled_2x2,36,genuine,6210.0
pooled_2x2,36,genuine,3041.0
pooled_2x2,36,genuine,6663.0
pooled_2x2,36,genuine,1090.0
pooled_2x2,36,genuine,20662.0
pooled_2x2,36,genuine,24056.0
pooled_2x2,36,genuine,10888.0
pooled_2x2,36,genuine,10811.0
pooled_2x2,36,genuine,22023.0
pooled_2x2,36,genuine,11199.0
pooled_2x2,36,genuine,8951.0
pooled_2x2,36,genuine,10127.0
pooled_2x2,36,genuine,1549.0
pooled_2x2,36,genuine,918.0
pooled_2x2,36,genuine,7046.0
pooled_2x2,36,genuine,25342.0
pooled_2x2,36,genuine,28540.0
pooled_2x2,36,genuine,16774.0
pooled_2x2,36,genuine,16271.0
pooled_2x2,36,genuine,28019.0
pooled_2x2,36,genuine,3040.0
pooled_2x2,36,genuine,9306.0
pooled_2x2,36,genuine,7449.0
pooled_2x2,36,genuine,2203.0
pooled_2x2,36,genuine,9422.0
pooled_2x2,36,genuine,7571.0
pooled_2x2,36,genuine,1971.0
pooled_2x2,36,genuine,715.0
pooled_2x2,36,genuine,5825.0
pooled_2x2,36,genuine,4268.0
pooled_2x2,36,genuine,7107.0
pooled_2x2,36,genuine,1334.0
pooled_2x2,36,genuine,1302.0
pooled_2x2,36,genuine,4302.0
pooled_2x2,36,genuine,4839.0
pooled_2x2,36,genuine,1676.0
pooled_2x2,36,genuine,5065.0
pooled_2x2,36,genuine,3137.0
pooled_2x2,36,genuine,3703.0
pooled_2x2,36,genuine,1893.0
pooled_2x2,36,genuine,978.0
pooled_2x2,36,genuine,9523.0
pooled_2x2,36,genuine,3552.0
pooled_2x2,36,genuine,378.0
pooled_2x2,36,genuine,1554.0
pooled_2x2,36,genuine,1727.0
pooled_2x2,36,genuine,3234.0
pooled_2x2,36,genuine,3439.0
pooled_2x2,36,genuine,1292.0
pooled_2x2,36,genuine,2831.0
pooled_2x2,36,genuine,2224.0
pooled_2x2,36,genuine,4699.0
pooled_2x2,36,genuine,2423.0
pooled_2x2,36,genuine,4504.0
pooled_2x2,36,genuine,5799.0
pooled_2x2,36,genuine,8153.0
pooled_2x2,36,genuine,1666.0
pooled_2x2,36,genuine,9565.0
pooled_2x2,36,genuine,4034.0
pooled_2x2,36,genuine,702.0
pooled_2x2,36,genuine,6107.0
pooled_2x2,36,genuine,9606.0
pooled_2x2,36,genuine,5277.0
pooled_2x2,36,genuine,2788.0
pooled_2x2,36,genuine,4005.0
pooled_2x2,36,genuine,2110.0
pooled_2x2,36,genuine,1457.0
pooled_2x2,36,genuine,4918.0
pooled_2x2,36,genuine,503.0
pooled_2x2,36,genuine,592.0
pooled_2x2,36,genuine,331.0
pooled_2x2,36,genuine,4055.0
pooled_2x2,36,genuine,7648.0
pooled_2x2,36,genuine,3227.0
pooled_2x2,36,genuine,1372.0
pooled_2x2,36,genuine,2333.0
pooled_2x2,36,genuine,2183.0
pooled_2x2,36,genuine,1742.0
pooled_2x2,36,genuine,2883.0
pooled_2x2,36,genuine,2246.0
pooled_2x2,36,genuine,4013.0
pooled_2x2,36,genuine,6762.0
pooled_2x2,36,genuine,5919.0
pooled_2x2,36,genuine,1143.0
pooled_2x2,36,genuine,618.0
pooled_2x2,36,genuine,247.0
pooled_2x2,36,genuine,10713.0
pooled_2x2,36,genuine,5644.0
pooled_2x2,36,genuine,4260.0
pooled_2x2,36,genuine,1158.0
pooled_2x2,36,genuine,3575.0
pooled_2x2,36,genuine,1668.0
pooled_2x2,36,genuine,3089.0
pooled_2x2,36,genuine,1963.0
pooled_2x2,36,genuine,14401.0
pooled_2x2,36,genuine,13253.0
pooled_2x2,36,genuine,4716.0
pooled_2x2,36,genuine,7349.0
pooled_2x2,36,genuine,6486.0
pooled_2x2,36,genuine,7558.0
pooled_2x2,36,genuine,7166.0
pooled_2x2,36,genuine,881.0
pooled_2x2,36,genuine,2664.0
pooled_2x2,36,genuine,1699.0
pooled_2x2,36,genuine,3064.0
pooled_2x2,36,genuine,4955.0
pooled_2x2,36,genuine,5836.0
pooled_2x2,36,genuine,4853.0
pooled_2x2,36,genuine,4387.0
pooled_2x2,36,genuine,2398.0
pooled_2x2,36,genuine,4373.0
pooled_2x2,36,genuine,1171.0
pooled_2x2,36,genuine,588.0
pooled_2x2,36,genuine,1091.0
pooled_2x2,36,genuine,5544.0
pooled_2x2,36,genuine,1164.0
pooled_2x2,36,genuine,1050.0
pooled_2x2,36,genuine,4409.0
pooled_2x2,36,genuine,4011.0
pooled_2x2,36,genuine,3712.0
pooled_2x2,36,genuine,6834.0
pooled_2x2,36,genuine,9148.0
pooled_2x2,36,genuine,4570.0
pooled_2x2,36,genuine,949.0
pooled_2x2,36,genuine,3643.0
pooled_2x2,36,genuine,1344.0
pooled_2x2,36,genuine,2520.0
pooled_2x2,36,genuine,1516.0
pooled_2x2,36,genuine,8219.0
pooled_2x2,36,genuine,7429.0
pooled_2x2,36,genuine,7324.0
pooled_2x2,36,genuine,11534.0
pooled_2x2,36,genuine,3725.0
pooled_2x2,36,genuine,5031.0
pooled_2x2,36,genuine,3484.0
pooled_2x2,36,genuine,7524.0
pooled_2x2,36,genuine,1974.0
pooled_2x2,36,genuine,369.0
pooled_2x2,36,genuine,1839.0
pooled_2x2,36,genuine,1055.0
pooled_2x2,36,genuine,1191.0
pooled_2x2,36,genuine,1400.0
pooled_2x2,36,genuine,139.0
pooled_2x2,36,genuine,133.0
pooled_2x2,36,genuine,815.0
pooled_2x2,36,genuine,1895.0
pooled_2x2,36,genuine,1476.0
pooled_2x2,36,genuine,2179.0
pooled_2x2,36,genuine,2798.0
pooled_2x2,36,genuine,118.0
pooled_2x2,36,genuine,860.0
pooled_2x2,36,genuine,2148.0
pooled_2x2,36,genuine,1653.0
pooled_2x2,36,genuine,1800.0
pooled_2x2,36,genuine,2521.0
pooled_2x2,36,genuine,528.0
pooled_2x2,36,genuine,1554.0
pooled_2x2,36,genuine,1173.0
pooled_2x2,36,genuine,1626.0
pooled_2x2,36,genuine,2721.0
pooled_2x2,36,genuine,468.0
pooled_2x2,36,genuine,435.0
pooled_2x2,36,genuine,2240.0
pooled_2x2,36,genuine,2139.0
pooled_2x2,36,genuine,187.0
pooled_2x2,36,genuine,3156.0
pooled_2x2,36,genuine,2429.0
pooled_2x2,36,genuine,2227.0
pooled_2x2,36,genuine,2054.0
pooled_2x2,36,genuine,3397.0
pooled_2x2,36,impostor,31220.0
pooled_2x2,36,impostor,35941.0
pooled_2x2,36,impostor,20567.0
pooled_2x2,36,impostor,39875.0
pooled_2x2,36,impostor,29156.0
pooled_2x2,36,impostor,31552.0
pooled_2x2,36,impostor,29948.0
pooled_2x2,36,impostor,38461.0
pooled_2x2,36,impostor,23878.0
pooled_2x2,36,impostor,25586.0
pooled_2x2,36,impostor,24683.0
pooled_2x2,36,impostor,23968.0
pooled_2x2,36,impostor,33639.0
pooled_2x2,36,impostor,36286.0
pooled_2x2,36,impostor,40063.0
pooled_2x2,36,impostor,26014.0
pooled_2x2,36,impostor,17155.0
pooled_2x2,36,impostor,17038.0
pooled_2x2,36,impostor,22791.0
pooled_2x2,36,impostor,15305.0
pooled_2x2,36,impostor,14963.0
pooled_2x2,36,impostor,15804.0
pooled_2x2,36,impostor,12325.0
pooled_2x2,36,impostor,11614.0
pooled_2x2,36,impostor,31111.0
pooled_2x2,36,impostor,23514.0
pooled_2x2,36,impostor,34419.0
pooled_2x2,36,impostor,7309.0
pooled_2x2,36,impostor,12729.0
pooled_2x2,36,impostor,26171.0
pooled_2x2,36,impostor,22602.0
pooled_2x2,36,impostor,12682.0
pooled_2x2,36,impostor,28508.0
pooled_2x2,36,impostor,25099.0
pooled_2x2,36,impostor,28330.0
pooled_2x2,36,impostor,25470.0
pooled_2x2,36,impostor,23296.0
pooled_2x2,36,impostor,29473.0
pooled_2x2,36,impostor,23774.0
pooled_2x2,36,impostor,30873.0
pooled_2x2,36,impostor,7782.0
pooled_2x2,36,impostor,13406.0
pooled_2x2,36,impostor,8698.0
pooled_2x2,36,impostor,19647.0
pooled_2x2,36,impostor,22956.0
pooled_2x2,36,impostor,14093.0
pooled_2x2,36,impostor,12196.0
pooled_2x2,36,impostor,13769.0
pooled_2x2,36,impostor,22650.0
pooled_2x2,36,impostor,27409.0
pooled_2x2,36,impostor,24550.0
pooled_2x2,36,impostor,14656.0
pooled_2x2,36,impostor,17414.0
pooled_2x2,36,impostor,23621.0
pooled_2x2,36,impostor,24958.0
pooled_2x2,36,impostor,26999.0
pooled_2x2,36,impostor,23840.0
pooled_2x2,36,impostor,20842.0
pooled_2x2,36,impostor,28530.0
pooled_2x2,36,impostor,27118.0
pooled_2x2,36,impostor,21427.0
pooled_2x2,36,impostor,15039.0
pooled_2x2,36,impostor,18566.0
pooled_2x2,36,impostor,13532.0
pooled_2x2,36,impostor,17307.0
pooled_2x2,36,impostor,17256.0
pooled_2x2,36,impostor,16132.0
pooled_2x2,36,impostor,12424.0
pooled_2x2,36,impostor,10596.0
pooled_2x2,36,impostor,12577.0
pooled_2x2,36,impostor,18426.0
pooled_2x2,36,impostor,14977.0
pooled_2x2,36,impostor,35731.0
pooled_2x2,36,impostor,37798.0
pooled_2x2,36,impostor,17754.0
pooled_2x2,36,impostor,44432.0
pooled_2x2,36,impostor,31767.0
pooled_2x2,36,impostor,33153.0
pooled_2x2,36,impostor,31271.0
pooled_2x2,36,impostor,40896.0
pooled_2x2,36,impostor,22933.0
pooled_2x2,36,impostor,24049.0
pooled_2x2,36,impostor,23758.0
pooled_2x2,36,impostor,22767.0
pooled_2x2,36,impostor,35454.0
pooled_2x2,36,impostor,38763.0
pooled_2x2,36,impostor,43328.0
pooled_2x2,36,impostor,25893.0
pooled_2x2,36,impostor,14540.0
pooled_2x2,36,impostor,13433.0
pooled_2x2,36,impostor,20842.0
pooled_2x2,36,impostor,12468.0
pooled_2x2,36,impostor,12866.0
pooled_2x2,36,impostor,12397.0
pooled_2x2,36,impostor,9048.0
pooled_2x2,36,impostor,10381.0
pooled_2x2,36,impostor,32952.0
pooled_2x2,36,impostor,22845.0
pooled_2x2,36,impostor,36592.0
pooled_2x2,36,impostor,5488.0
pooled_2x2,36,impostor,10476.0
pooled_2x2,36,impostor,24104.0
pooled_2x2,36,impostor,21005.0
pooled_2x2,36,impostor,10129.0
pooled_2x2,36,impostor,25845.0
pooled_2x2,36,impostor,25744.0
pooled_2x2,36,impostor,26403.0
pooled_2x2,36,impostor,23365.0
pooled_2x2,36,impostor,22053.0
pooled_2x2,36,impostor,29296.0
pooled_2x2,36,impostor,19925.0
pooled_2x2,36,impostor,31942.0
pooled_2x2,36,impostor,8189.0
pooled_2x2,36,impostor,11513.0
pooled_2x2,36,impostor,8773.0
pooled_2x2,36,impostor,18002.0
pooled_2x2,36,impostor,22287.0
pooled_2x2,36,impostor,12620.0
pooled_2x2,36,impostor,10981.0
pooled_2x2,36,impostor,12090.0
pooled_2x2,36,impostor,21381.0
pooled_2x2,36,impostor,31206.0
pooled_2x2,36,impostor,26489.0
pooled_2x2,36,impostor,13343.0
pooled_2x2,36,impostor,15563.0
pooled_2x2,36,impostor,24428.0
pooled_2x2,36,impostor,24629.0
pooled_2x2,36,impostor,27034.0
pooled_2x2,36,impostor,23401.0
pooled_2x2,36,impostor,17533.0
pooled_2x2,36,impostor,29057.0
pooled_2x2,36,impostor,26279.0
pooled_2x2,36,impostor,18260.0
pooled_2x2,36,impostor,13798.0
pooled_2x2,36,impostor,16427.0
pooled_2x2,36,impostor,10985.0
pooled_2x2,36,impostor,18614.0
pooled_2x2,36,impostor,18645.0
pooled_2x2,36,impostor,17749.0
pooled_2x2,36,impostor,13805.0
pooled_2x2,36,impostor,11785.0
pooled_2x2,36,impostor,13902.0
pooled_2x2,36,impostor,21403.0
pooled_2x2,36,impostor,15060.0
pooled_2x2,36,impostor,23526.0
pooled_2x2,36,impostor,30967.0
pooled_2x2,36,impostor,21725.0
pooled_2x2,36,impostor,32385.0
pooled_2x2,36,impostor,23314.0
pooled_2x2,36,impostor,27320.0
pooled_2x2,36,impostor,25560.0
pooled_2x2,36,impostor,32649.0
pooled_2x2,36,impostor,21966.0
pooled_2x2,36,impostor,25406.0
pooled_2x2,36,impostor,22863.0
pooled_2x2,36,impostor,22638.0
pooled_2x2,36,impostor,28307.0
pooled_2x2,36,impostor,30310.0
pooled_2x2,36,impostor,33173.0
pooled_2x2,36,impostor,22964.0
pooled_2x2,36,impostor,19403.0
pooled_2x2,36,impostor,20398.0
pooled_2x2,36,impostor,24223.0
pooled_2x2,36,impostor,18199.0
pooled_2x2,36,impostor,17647.0
pooled_2x2,36,impostor,20424.0
pooled_2x2,36,impostor,16575.0
pooled_2x2,36,impostor,13948.0
pooled_2x2,36,impostor,28619.0
pooled_2x2,36,impostor,24046.0
pooled_2x2,36,impostor,31313.0
pooled_2x2,36,impostor,10333.0
pooled_2x2,36,impostor,15509.0
pooled_2x2,36,impostor,27889.0
pooled_2x2,36,impostor,24438.0
pooled_2x2,36,impostor,16254.0
pooled_2x2,36,impostor,27242.0
pooled_2x2,36,impostor,21739.0
pooled_2x2,36,impostor,26496.0
pooled_2x2,36,impostor,24188.0
pooled_2x2,36,impostor,21860.0
pooled_2x2,36,impostor,26103.0
pooled_2x2,36,impostor,24738.0
pooled_2x2,36,impostor,26067.0
pooled_2x2,36,impostor,8864.0
pooled_2x2,36,impostor,15672.0
pooled_2x2,36,impostor,9568.0
pooled_2x2,36,impostor,20671.0
pooled_2x2,36,impostor,22878.0
pooled_2x2,36,impostor,16193.0
pooled_2x2,36,impostor,14346.0
pooled_2x2,36,impostor,16225.0
pooled_2x2,36,impostor,21282.0
pooled_2x2,36,impostor,21365.0
pooled_2x2,36,impostor,19830.0
pooled_2x2,36,impostor,14296.0
pooled_2x2,36,impostor,16832.0
pooled_2x2,36,impostor,19625.0
pooled_2x2,36,impostor,22004.0
pooled_2x2,36,impostor,23641.0
pooled_2x2,36,impostor,23740.0
pooled_2x2,36,impostor,23636.0
pooled_2x2,36,impostor,27004.0
pooled_2x2,36,impostor,26696.0
pooled_2x2,36,impostor,23963.0
pooled_2x2,36,impostor,16649.0
pooled_2x2,36,impostor,20468.0
pooled_2x2,36,impostor,16414.0
pooled_2x2,36,impostor,15329.0
pooled_2x2,36,impostor,15006.0
pooled_2x2,36,impostor,13812.0
pooled_2x2,36,impostor,10616.0
pooled_2x2,36,impostor,9240.0
pooled_2x2,36,impostor,10605.0
pooled_2x2,36,impostor,13804.0
pooled_2x2,36,impostor,13697.0
pooled_2x2,36,impostor,35809.0
pooled_2x2,36,impostor,33336.0
pooled_2x2,36,impostor,25080.0
pooled_2x2,36,impostor,35922.0
pooled_2x2,36,impostor,31545.0
pooled_2x2,36,impostor,29309.0
pooled_2x2,36,impostor,35693.0
pooled_2x2,36,impostor,35866.0
pooled_2x2,36,impostor,25011.0
pooled_2x2,36,impostor,19013.0
pooled_2x2,36,impostor,23116.0
pooled_2x2,36,impostor,22629.0
pooled_2x2,36,impostor,29492.0
pooled_2x2,36,impostor,29381.0
pooled_2x2,36,impostor,33136.0
pooled_2x2,36,impostor,29223.0
pooled_2x2,36,impostor,10504.0
pooled_2x2,36,impostor,12005.0
pooled_2x2,36,impostor,11404.0
pooled_2x2,36,impostor,11152.0
pooled_2x2,36,impostor,9290.0
pooled_2x2,36,impostor,10679.0
pooled_2x2,36,impostor,13332.0
pooled_2x2,36,impostor,13995.0
pooled_2x2,36,impostor,19698.0
pooled_2x2,36,impostor,19537.0
pooled_2x2,36,impostor,20786.0
pooled_2x2,36,impostor,11110.0
pooled_2x2,36,impostor,17674.0
pooled_2x2,36,impostor,22166.0
pooled_2x2,36,impostor,20595.0
pooled_2x2,36,impostor,17797.0
pooled_2x2,36,impostor,27707.0
pooled_2x2,36,impostor,21838.0
pooled_2x2,36,impostor,24187.0
pooled_2x2,36,impostor,22521.0
pooled_2x2,36,impostor,20619.0
pooled_2x2,36,impostor,25556.0
pooled_2x2,36,impostor,23461.0
pooled_2x2,36,impostor,28868.0
pooled_2x2,36,impostor,6055.0
pooled_2x2,36,impostor,13545.0
pooled_2x2,36,impostor,9671.0
pooled_2x2,36,impostor,15084.0
pooled_2x2,36,impostor,16961.0
pooled_2x2,36,impostor,14586.0
pooled_2x2,36,impostor,12755.0
pooled_2x2,36,impostor,13844.0
pooled_2x2,36,impostor,21933.0
pooled_2x2,36,impostor,22418.0
pooled_2x2,36,impostor,22919.0
pooled_2x2,36,impostor,19483.0
pooled_2x2,36,impostor,19499.0
pooled_2x2,36,impostor,24454.0
pooled_2x2,36,impostor,24941.0
pooled_2x2,36,impostor,26304.0
pooled_2x2,36,impostor,13619.0
pooled_2x2,36,impostor,13273.0
pooled_2x2,36,impostor,16321.0
pooled_2x2,36,impostor,15661.0
pooled_2x2,36,impostor,14888.0
pooled_2x2,36,impostor,12908.0
pooled_2x2,36,impostor,13175.0
pooled_2x2,36,impostor,13093.0
pooled_2x2,36,impostor,12570.0
pooled_2x2,36,impostor,13239.0
pooled_2x2,36,impostor,13139.0
pooled_2x2,36,impostor,12427.0
pooled_2x2,36,impostor,11681.0
pooled_2x2,36,impostor,12830.0
pooled_2x2,36,impostor,17215.0
pooled_2x2,36,impostor,12982.0
pooled_2x2,36,impostor,27123.0
pooled_2x2,36,impostor,33076.0
pooled_2x2,36,impostor,16188.0
pooled_2x2,36,impostor,38120.0
pooled_2x2,36,impostor,25113.0
pooled_2x2,36,impostor,29057.0
pooled_2x2,36,impostor,24207.0
pooled_2x2,36,impostor,35484.0
pooled_2x2,36,impostor,19659.0
pooled_2x2,36,impostor,24501.0
pooled_2x2,36,impostor,21260.0
pooled_2x2,36,impostor,20467.0
pooled_2x2,36,impostor,30924.0
pooled_2x2,36,impostor,34889.0
pooled_2x2,36,impostor,38638.0
pooled_2x2,36,impostor,20789.0
pooled_2x2,36,impostor,18332.0
pooled_2x2,36,impostor,17955.0
pooled_2x2,36,impostor,25498.0
pooled_2x2,36,impostor,16166.0
pooled_2x2,36,impostor,17590.0
pooled_2x2,36,impostor,18395.0
pooled_2x2,36,impostor,12394.0
pooled_2x2,36,impostor,11201.0
pooled_2x2,36,impostor,34034.0
pooled_2x2,36,impostor,23397.0
pooled_2x2,36,impostor,37786.0
pooled_2x2,36,impostor,7200.0
pooled_2x2,36,impostor,10462.0
pooled_2x2,36,impostor,25930.0
pooled_2x2,36,impostor,22045.0
pooled_2x2,36,impostor,11229.0
pooled_2x2,36,impostor,24557.0
pooled_2x2,36,impostor,23336.0
pooled_2x2,36,impostor,25431.0
pooled_2x2,36,impostor,22715.0
pooled_2x2,36,impostor,21123.0
pooled_2x2,36,impostor,26770.0
pooled_2x2,36,impostor,20417.0
pooled_2x2,36,impostor,27754.0
pooled_2x2,36,impostor,9657.0
pooled_2x2,36,impostor,12865.0
pooled_2x2,36,impostor,9091.0
pooled_2x2,36,impostor,19594.0
pooled_2x2,36,impostor,22857.0
pooled_2x2,36,impostor,13542.0
pooled_2x2,36,impostor,11789.0
pooled_2x2,36,impostor,13322.0
pooled_2x2,36,impostor,19745.0
pooled_2x2,36,impostor,27384.0
pooled_2x2,36,impostor,22361.0
pooled_2x2,36,impostor,11289.0
pooled_2x2,36,impostor,14401.0
pooled_2x2,36,impostor,20402.0
pooled_2x2,36,impostor,21529.0
pooled_2x2,36,impostor,23324.0
pooled_2x2,36,impostor,25625.0
pooled_2x2,36,impostor,21387.0
pooled_2x2,36,impostor,30749.0
pooled_2x2,36,impostor,28443.0
pooled_2x2,36,impostor,21932.0
pooled_2x2,36,impostor,15896.0
pooled_2x2,36,impostor,19317.0
pooled_2x2,36,impostor,13205.0
pooled_2x2,36,impostor,17962.0
pooled_2x2,36,impostor,17689.0
pooled_2x2,36,impostor,16429.0
pooled_2x2,36,impostor,12193.0
pooled_2x2,36,impostor,10641.0
pooled_2x2,36,impostor,12444.0
pooled_2x2,36,impostor,18235.0
pooled_2x2,36,impostor,14926.0
pooled_2x2,36,impostor,28131.0
pooled_2x2,36,impostor,34486.0
pooled_2x2,36,impostor,17758.0
pooled_2x2,36,impostor,39822.0
pooled_2x2,36,impostor,26113.0
pooled_2x2,36,impostor,30583.0
pooled_2x2,36,impostor,24391.0
pooled_2x2,36,impostor,36632.0
pooled_2x2,36,impostor,20685.0
pooled_2x2,36,impostor,27223.0
pooled_2x2,36,impostor,22804.0
pooled_2x2,36,impostor,22145.0
pooled_2x2,36,impostor,32580.0
pooled_2x2,36,impostor,37059.0
pooled_2x2,36,impostor,40672.0
pooled_2x2,36,impostor,21263.0
pooled_2x2,36,impostor,21096.0
pooled_2x2,36,impostor,20511.0
pooled_2x2,36,impostor,28702.0
pooled_2x2,36,impostor,18546.0
pooled_2x2,36,impostor,20356.0
pooled_2x2,36,impostor,21327.0
pooled_2x2,36,impostor,14756.0
pooled_2x2,36,impostor,12739.0
pooled_2x2,36,impostor,37188.0
pooled_2x2,36,impostor,26211.0
pooled_2x2,36,impostor,40722.0
pooled_2x2,36,impostor,9136.0
pooled_2x2,36,impostor,11486.0
pooled_2x2,36,impostor,28670.0
pooled_2x2,36,impostor,24477.0
pooled_2x2,36,impostor,12579.0
pooled_2x2,36,impostor,24897.0
pooled_2x2,36,impostor,25228.0
pooled_2x2,36,impostor,26769.0
pooled_2x2,36,impostor,24021.0
pooled_2x2,36,impostor,23127.0
pooled_2x2,36,impostor,28466.0
pooled_2x2,36,impostor,21239.0
pooled_2x2,36,impostor,29008.0
pooled_2x2,36,impostor,12979.0
pooled_2x2,36,impostor,15321.0
pooled_2x2,36,impostor,11859.0
pooled_2x2,36,impostor,22350.0
pooled_2x2,36,impostor,25195.0
pooled_2x2,36,impostor,15750.0
pooled_2x2,36,impostor,14613.0
pooled_2x2,36,impostor,16098.0
pooled_2x2,36,impostor,22065.0
pooled_2x2,36,impostor,30056.0
pooled_2x2,36,impostor,24059.0
pooled_2x2,36,impostor,11871.0
pooled_2x2,36,impostor,16131.0
pooled_2x2,36,impostor,21600.0
pooled_2x2,36,impostor,23235.0
pooled_2x2,36,impostor,24480.0
pooled_2x2,36,impostor,29049.0
pooled_2x2,36,impostor,24461.0
pooled_2x2,36,impostor,33913.0
pooled_2x2,36,impostor,31587.0
pooled_2x2,36,impostor,24830.0
pooled_2x2,36,impostor,18506.0
pooled_2x2,36,impostor,22409.0
pooled_2x2,36,impostor,15489.0
pooled_2x2,36,impostor,20872.0
pooled_2x2,36,impostor,20653.0
pooled_2x2,36,impostor,19211.0
pooled_2x2,36,impostor,14525.0
pooled_2x2,36,impostor,12445.0
pooled_2x2,36,impostor,14238.0
pooled_2x2,36,impostor,20611.0
pooled_2x2,36,impostor,17040.0
pooled_2x2,36,impostor,19943.0
pooled_2x2,36,impostor,24386.0
pooled_2x2,36,impostor,14598.0
pooled_2x2,36,impostor,30066.0
pooled_2x2,36,impostor,17691.0
pooled_2x2,36,impostor,21439.0
pooled_2x2,36,impostor,15531.0
pooled_2x2,36,impostor,26026.0
pooled_2x2,36,impostor,14589.0
pooled_2x2,36,impostor,21739.0
pooled_2x2,36,impostor,16496.0
pooled_2x2,36,impostor,16363.0
pooled_2x2,36,impostor,24032.0
pooled_2x2,36,impostor,28299.0
pooled_2x2,36,impostor,31486.0
pooled_2x2,36,impostor,14741.0
pooled_2x2,36,impostor,19830.0
pooled_2x2,36,impostor,19781.0
pooled_2x2,36,impostor,26450.0
pooled_2x2,36,impostor,17760.0
pooled_2x2,36,impostor,20992.0
pooled_2x2,36,impostor,23827.0
pooled_2x2,36,impostor,16556.0
pooled_2x2,36,impostor,11671.0
pooled_2x2,36,impostor,31366.0
pooled_2x2,36,impostor,23059.0
pooled_2x2,36,impostor,33706.0
pooled_2x2,36,impostor,11258.0
pooled_2x2,36,impostor,12312.0
pooled_2x2,36,impostor,26492.0
pooled_2x2,36,impostor,22299.0
pooled_2x2,36,impostor,13915.0
pooled_2x2,36,impostor,17721.0
pooled_2x2,36,impostor,18090.0
pooled_2x2,36,impostor,19341.0
pooled_2x2,36,impostor,17729.0
pooled_2x2,36,impostor,17419.0
pooled_2x2,36,impostor,20306.0
pooled_2x2,36,impostor,16553.0
pooled_2x2,36,impostor,20606.0
pooled_2x2,36,impostor,14779.0
pooled_2x2,36,impostor,16325.0
pooled_2x2,36,impostor,12959.0
pooled_2x2,36,impostor,21422.0
pooled_2x2,36,impostor,22241.0
pooled_2x2,36,impostor,16522.0
pooled_2x2,36,impostor,16291.0
pooled_2x2,36,impostor,17670.0
pooled_2x2,36,impostor,17221.0
pooled_2x2,36,impostor,23348.0
pooled_2x2,36,impostor,17085.0
pooled_2x2,36,impostor,8717.0
pooled_2x2,36,impostor,11857.0
pooled_2x2,36,impostor,14554.0
pooled_2x2,36,impostor,16095.0
pooled_2x2,36,impostor,16708.0
pooled_2x2,36,impostor,25193.0
pooled_2x2,36,impostor,23357.0
pooled_2x2,36,impostor,28371.0
pooled_2x2,36,impostor,27411.0
pooled_2x2,36,impostor,23524.0
pooled_2x2,36,impostor,17086.0
pooled_2x2,36,impostor,21457.0
pooled_2x2,36,impostor,15275.0
pooled_2x2,36,impostor,18444.0
pooled_2x2,36,impostor,17983.0
pooled_2x2,36,impostor,16711.0
pooled_2x2,36,impostor,12345.0
pooled_2x2,36,impostor,10491.0
pooled_2x2,36,impostor,11384.0
pooled_2x2,36,impostor,15937.0
pooled_2x2,36,impostor,12590.0
pooled_2x2,36,impostor,29016.0
pooled_2x2,36,impostor,36221.0
pooled_2x2,36,impostor,21001.0
pooled_2x2,36,impostor,40003.0
pooled_2x2,36,impostor,27826.0
pooled_2x2,36,impostor,32100.0
pooled_2x2,36,impostor,27734.0
pooled_2x2,36,impostor,38337.0
pooled_2x2,36,impostor,24006.0
pooled_2x2,36,impostor,28588.0
pooled_2x2,36,impostor,25531.0
pooled_2x2,36,impostor,24894.0
pooled_2x2,36,impostor,34183.0
pooled_2x2,36,impostor,37686.0
pooled_2x2,36,impostor,41131.0
pooled_2x2,36,impostor,24816.0
pooled_2x2,36,impostor,21663.0
pooled_2x2,36,impostor,21550.0
pooled_2x2,36,impostor,28339.0
pooled_2x2,36,impostor,19433.0
pooled_2x2,36,impostor,19897.0
pooled_2x2,36,impostor,20888.0
pooled_2x2,36,impostor,15669.0
pooled_2x2,36,impostor,13882.0
pooled_2x2,36,impostor,35989.0
pooled_2x2,36,impostor,27110.0
pooled_2x2,36,impostor,39341.0
pooled_2x2,36,impostor,9665.0
pooled_2x2,36,impostor,13643.0
pooled_2x2,36,impostor,30003.0
pooled_2x2,36,impostor,25874.0
pooled_2x2,36,impostor,14534.0
pooled_2x2,36,impostor,29028.0
pooled_2x2,36,impostor,26541.0
pooled_2x2,36,impostor,29746.0
pooled_2x2,36,impostor,26866.0
pooled_2x2,36,impostor,25030.0
pooled_2x2,36,impostor,30697.0
pooled_2x2,36,impostor,25156.0
pooled_2x2,36,impostor,31287.0
pooled_2x2,36,impostor,11036.0
pooled_2x2,36,impostor,16082.0
pooled_2x2,36,impostor,11096.0
pooled_2x2,36,impostor,23045.0
pooled_2x2,36,impostor,26172.0
pooled_2x2,36,impostor,16643.0
pooled_2x2,36,impostor,14782.0
pooled_2x2,36,impostor,16527.0
pooled_2x2,36,impostor,24140.0
pooled_2x2,36,impostor,29015.0
pooled_2x2,36,impostor,25030.0
pooled_2x2,36,impostor,14584.0
pooled_2x2,36,impostor,18502.0
pooled_2x2,36,impostor,23685.0
pooled_2x2,36,impostor,25706.0
pooled_2x2,36,impostor,27229.0
pooled_2x2,36,impostor,28618.0
pooled_2x2,36,impostor,25262.0
pooled_2x2,36,impostor,33336.0
pooled_2x2,36,impostor,31682.0
pooled_2x2,36,impostor,25853.0
pooled_2x2,36,impostor,18899.0
pooled_2x2,36,impostor,22846.0
pooled_2x2,36,impostor,16724.0
pooled_2x2,36,impostor,19927.0
pooled_2x2,36,impostor,19728.0
pooled_2x2,36,impostor,18272.0
pooled_2x2,36,impostor,14090.0
pooled_2x2,36,impostor,12194.0
pooled_2x2,36,impostor,14133.0
pooled_2x2,36,impostor,19646.0
pooled_2x2,36,impostor,17553.0
pooled_2x2,36,impostor,12374.0
pooled_2x2,36,impostor,19140.0
pooled_2x2,36,impostor,10587.0
pooled_2x2,36,impostor,12572.0
pooled_2x2,36,impostor,5425.0
pooled_2x2,36,impostor,6272.0
pooled_2x2,36,impostor,6389.0
pooled_2x2,36,impostor,10032.0
pooled_2x2,36,impostor,30641.0
pooled_2x2,36,impostor,35712.0
pooled_2x2,36,impostor,32571.0
pooled_2x2,36,impostor,33337.0
pooled_2x2,36,impostor,37461.0
pooled_2x2,36,impostor,45894.0
pooled_2x2,36,impostor,39419.0
pooled_2x2,36,impostor,29546.0
pooled_2x2,36,impostor,25173.0
pooled_2x2,36,impostor,28572.0
pooled_2x2,36,impostor,23959.0
pooled_2x2,36,impostor,31441.0
pooled_2x2,36,impostor,28563.0
pooled_2x2,36,impostor,36187.0
pooled_2x2,36,impostor,33174.0
pooled_2x2,36,impostor,35466.0
pooled_2x2,36,impostor,19596.0
pooled_2x2,36,impostor,9943.0
pooled_2x2,36,impostor,16180.0
pooled_2x2,36,impostor,17616.0
pooled_2x2,36,impostor,16034.0
pooled_2x2,36,impostor,10041.0
pooled_2x2,36,impostor,25288.0
pooled_2x2,36,impostor,8245.0
pooled_2x2,36,impostor,24558.0
pooled_2x2,36,impostor,30166.0
pooled_2x2,36,impostor,23572.0
pooled_2x2,36,impostor,28519.0
pooled_2x2,36,impostor,23894.0
pooled_2x2,36,impostor,31157.0
pooled_2x2,36,impostor,29324.0
pooled_2x2,36,impostor,31507.0
pooled_2x2,36,impostor,15714.0
pooled_2x2,36,impostor,5639.0
pooled_2x2,36,impostor,4810.0
pooled_2x2,36,impostor,17166.0
pooled_2x2,36,impostor,16908.0
pooled_2x2,36,impostor,6895.0
pooled_2x2,36,impostor,9782.0
pooled_2x2,36,impostor,8919.0
pooled_2x2,36,impostor,25020.0
pooled_2x2,36,impostor,32854.0
pooled_2x2,36,impostor,22850.0
pooled_2x2,36,impostor,25198.0
pooled_2x2,36,impostor,34875.0
pooled_2x2,36,impostor,30769.0
pooled_2x2,36,impostor,31852.0
pooled_2x2,36,impostor,32462.0
pooled_2x2,36,impostor,15577.0
pooled_2x2,36,impostor,14644.0
pooled_2x2,36,impostor,14056.0
pooled_2x2,36,impostor,14066.0
pooled_2x2,36,impostor,15552.0
pooled_2x2,36,impostor,14059.0
pooled_2x2,36,impostor,8292.0
pooled_2x2,36,impostor,15439.0
pooled_2x2,36,impostor,11143.0
pooled_2x2,36,impostor,10755.0
pooled_2x2,36,impostor,6218.0
pooled_2x2,36,impostor,8945.0
pooled_2x2,36,impostor,4116.0
pooled_2x2,36,impostor,4777.0
pooled_2x2,36,impostor,6264.0
pooled_2x2,36,impostor,11475.0
pooled_2x2,36,impostor,26606.0
pooled_2x2,36,impostor,31247.0
pooled_2x2,36,impostor,27800.0
pooled_2x2,36,impostor,29254.0
pooled_2x2,36,impostor,36038.0
pooled_2x2,36,impostor,43847.0
pooled_2x2,36,impostor,37362.0
pooled_2x2,36,impostor,27147.0
pooled_2x2,36,impostor,19942.0
pooled_2x2,36,impostor,24383.0
pooled_2x2,36,impostor,17364.0
pooled_2x2,36,impostor,32272.0
pooled_2x2,36,impostor,30016.0
pooled_2x2,36,impostor,32848.0
pooled_2x2,36,impostor,29637.0
pooled_2x2,36,impostor,35699.0
pooled_2x2,36,impostor,17633.0
pooled_2x2,36,impostor,7316.0
pooled_2x2,36,impostor,12791.0
pooled_2x2,36,impostor,15533.0
pooled_2x2,36,impostor,13369.0
pooled_2x2,36,impostor,6616.0
pooled_2x2,36,impostor,23681.0
pooled_2x2,36,impostor,8606.0
pooled_2x2,36,impostor,26557.0
pooled_2x2,36,impostor,31043.0
pooled_2x2,36,impostor,25889.0
pooled_2x2,36,impostor,28564.0
pooled_2x2,36,impostor,21907.0
pooled_2x2,36,impostor,31852.0
pooled_2x2,36,impostor,30603.0
pooled_2x2,36,impostor,32210.0
pooled_2x2,36,impostor,13175.0
pooled_2x2,36,impostor,8218.0
pooled_2x2,36,impostor,6241.0
pooled_2x2,36,impostor,18849.0
pooled_2x2,36,impostor,14259.0
pooled_2x2,36,impostor,7500.0
pooled_2x2,36,impostor,6885.0
pooled_2x2,36,impostor,7252.0
pooled_2x2,36,impostor,18573.0
pooled_2x2,36,impostor,28653.0
pooled_2x2,36,impostor,16079.0
pooled_2x2,36,impostor,19949.0
pooled_2x2,36,impostor,30526.0
pooled_2x2,36,impostor,27964.0
pooled_2x2,36,impostor,28977.0
pooled_2x2,36,impostor,29987.0
pooled_2x2,36,impostor,18348.0
pooled_2x2,36,impostor,17241.0
pooled_2x2,36,impostor,17699.0
pooled_2x2,36,impostor,17563.0
pooled_2x2,36,impostor,19117.0
pooled_2x2,36,impostor,17514.0
pooled_2x2,36,impostor,12845.0
pooled_2x2,36,impostor,13798.0
pooled_2x2,36,impostor,5581.0
pooled_2x2,36,impostor,7159.0
pooled_2x2,36,impostor,5852.0
pooled_2x2,36,impostor,4043.0
pooled_2x2,36,impostor,17124.0
pooled_2x2,36,impostor,21715.0
pooled_2x2,36,impostor,26138.0
pooled_2x2,36,impostor,7813.0
pooled_2x2,36,impostor,12088.0
pooled_2x2,36,impostor,12679.0
pooled_2x2,36,impostor,19020.0
pooled_2x2,36,impostor,12676.0
pooled_2x2,36,impostor,19234.0
pooled_2x2,36,impostor,20517.0
pooled_2x2,36,impostor,12084.0
pooled_2x2,36,impostor,11967.0
pooled_2x2,36,impostor,27034.0
pooled_2x2,36,impostor,14773.0
pooled_2x2,36,impostor,30220.0
pooled_2x2,36,impostor,9316.0
pooled_2x2,36,impostor,7250.0
pooled_2x2,36,impostor,16628.0
pooled_2x2,36,impostor,14367.0
pooled_2x2,36,impostor,11363.0
pooled_2x2,36,impostor,9019.0
pooled_2x2,36,impostor,10170.0
pooled_2x2,36,impostor,8239.0
pooled_2x2,36,impostor,7191.0
pooled_2x2,36,impostor,5619.0
pooled_2x2,36,impostor,10380.0
pooled_2x2,36,impostor,6153.0
pooled_2x2,36,impostor,14964.0
pooled_2x2,36,impostor,11935.0
pooled_2x2,36,impostor,8785.0
pooled_2x2,36,impostor,8815.0
pooled_2x2,36,impostor,11592.0
pooled_2x2,36,impostor,14433.0
pooled_2x2,36,impostor,10844.0
pooled_2x2,36,impostor,8493.0
pooled_2x2,36,impostor,9388.0
pooled_2x2,36,impostor,3839.0
pooled_2x2,36,impostor,22054.0
pooled_2x2,36,impostor,13655.0
pooled_2x2,36,impostor,4819.0
pooled_2x2,36,impostor,2787.0
pooled_2x2,36,impostor,10224.0
pooled_2x2,36,impostor,6955.0
pooled_2x2,36,impostor,8870.0
pooled_2x2,36,impostor,17217.0
pooled_2x2,36,impostor,10093.0
pooled_2x2,36,impostor,21503.0
pooled_2x2,36,impostor,16779.0
pooled_2x2,36,impostor,12478.0
pooled_2x2,36,impostor,13786.0
pooled_2x2,36,impostor,12745.0
pooled_2x2,36,impostor,9775.0
pooled_2x2,36,impostor,13410.0
pooled_2x2,36,impostor,12709.0
pooled_2x2,36,impostor,13105.0
pooled_2x2,36,impostor,11017.0
pooled_2x2,36,impostor,12519.0
pooled_2x2,36,impostor,12768.0
pooled_2x2,36,impostor,16627.0
pooled_2x2,36,impostor,10202.0
pooled_2x2,36,impostor,16545.0
pooled_2x2,36,impostor,18247.0
pooled_2x2,36,impostor,12042.0
pooled_2x2,36,impostor,15355.0
pooled_2x2,36,impostor,4348.0
pooled_2x2,36,impostor,3419.0
pooled_2x2,36,impostor,3150.0
pooled_2x2,36,impostor,15531.0
pooled_2x2,36,impostor,31686.0
pooled_2x2,36,impostor,37637.0
pooled_2x2,36,impostor,30482.0
pooled_2x2,36,impostor,34952.0
pooled_2x2,36,impostor,39266.0
pooled_2x2,36,impostor,49115.0
pooled_2x2,36,impostor,44864.0
pooled_2x2,36,impostor,32635.0
pooled_2x2,36,impostor,19042.0
pooled_2x2,36,impostor,27977.0
pooled_2x2,36,impostor,16300.0
pooled_2x2,36,impostor,38678.0
pooled_2x2,36,impostor,36434.0
pooled_2x2,36,impostor,37090.0
pooled_2x2,36,impostor,34275.0
pooled_2x2,36,impostor,42071.0
pooled_2x2,36,impostor,24019.0
pooled_2x2,36,impostor,11474.0
pooled_2x2,36,impostor,18943.0
pooled_2x2,36,impostor,21887.0
pooled_2x2,36,impostor,20053.0
pooled_2x2,36,impostor,10970.0
pooled_2x2,36,impostor,31589.0
pooled_2x2,36,impostor,9390.0
pooled_2x2,36,impostor,29931.0
pooled_2x2,36,impostor,36327.0
pooled_2x2,36,impostor,30125.0
pooled_2x2,36,impostor,32088.0
pooled_2x2,36,impostor,23747.0
pooled_2x2,36,impostor,36300.0
pooled_2x2,36,impostor,35871.0
pooled_2x2,36,impostor,37564.0
pooled_2x2,36,impostor,20021.0
pooled_2x2,36,impostor,5156.0
pooled_2x2,36,impostor,6853.0
pooled_2x2,36,impostor,24785.0
pooled_2x2,36,impostor,22587.0
pooled_2x2,36,impostor,10176.0
pooled_2x2,36,impostor,12593.0
pooled_2x2,36,impostor,11528.0
pooled_2x2,36,impostor,21107.0
pooled_2x2,36,impostor,35167.0
pooled_2x2,36,impostor,17165.0
pooled_2x2,36,impostor,22209.0
pooled_2x2,36,impostor,36398.0
pooled_2x2,36,impostor,32474.0
pooled_2x2,36,impostor,33619.0
pooled_2x2,36,impostor,36553.0
pooled_2x2,36,impostor,19506.0
pooled_2x2,36,impostor,18717.0
pooled_2x2,36,impostor,18723.0
pooled_2x2,36,impostor,19447.0
pooled_2x2,36,impostor,20835.0
pooled_2x2,36,impostor,18952.0
pooled_2x2,36,impostor,11995.0
pooled_2x2,36,impostor,17932.0
pooled_2x2,36,impostor,7092.0
pooled_2x2,36,impostor,12460.0
pooled_2x2,36,impostor,5471.0
pooled_2x2,36,impostor,6876.0
pooled_2x2,36,impostor,2927.0
pooled_2x2,36,impostor,4476.0
pooled_2x2,36,impostor,5497.0
pooled_2x2,36,impostor,5814.0
pooled_2x2,36,impostor,24683.0
pooled_2x2,36,impostor,29372.0
pooled_2x2,36,impostor,27429.0
pooled_2x2,36,impostor,27541.0
pooled_2x2,36,impostor,32629.0
pooled_2x2,36,impostor,40294.0
pooled_2x2,36,impostor,33419.0
pooled_2x2,36,impostor,25136.0
pooled_2x2,36,impostor,21797.0
pooled_2x2,36,impostor,23846.0
pooled_2x2,36,impostor,20511.0
pooled_2x2,36,impostor,26177.0
pooled_2x2,36,impostor,23745.0
pooled_2x2,36,impostor,31031.0
pooled_2x2,36,impostor,28114.0
pooled_2x2,36,impostor,30466.0
pooled_2x2,36,impostor,13064.0
pooled_2x2,36,impostor,5211.0
pooled_2x2,36,impostor,9754.0
pooled_2x2,36,impostor,10990.0
pooled_2x2,36,impostor,9836.0
pooled_2x2,36,impostor,5053.0
pooled_2x2,36,impostor,18020.0
pooled_2x2,36,impostor,5391.0
pooled_2x2,36,impostor,20640.0
pooled_2x2,36,impostor,24638.0
pooled_2x2,36,impostor,19134.0
pooled_2x2,36,impostor,23099.0
pooled_2x2,36,impostor,19416.0
pooled_2x2,36,impostor,26121.0
pooled_2x2,36,impostor,24174.0
pooled_2x2,36,impostor,26175.0
pooled_2x2,36,impostor,9802.0
pooled_2x2,36,impostor,5193.0
pooled_2x2,36,impostor,2500.0
pooled_2x2,36,impostor,11752.0
pooled_2x2,36,impostor,10800.0
pooled_2x2,36,impostor,3561.0
pooled_2x2,36,impostor,4986.0
pooled_2x2,36,impostor,4191.0
pooled_2x2,36,impostor,20546.0
pooled_2x2,36,impostor,25810.0
pooled_2x2,36,impostor,18666.0
pooled_2x2,36,impostor,20114.0
pooled_2x2,36,impostor,28351.0
pooled_2x2,36,impostor,25963.0
pooled_2x2,36,impostor,26322.0
pooled_2x2,36,impostor,26690.0
pooled_2x2,36,impostor,11879.0
pooled_2x2,36,impostor,10910.0
pooled_2x2,36,impostor,10764.0
pooled_2x2,36,impostor,10710.0
pooled_2x2,36,impostor,12226.0
pooled_2x2,36,impostor,10767.0
pooled_2x2,36,impostor,6654.0
pooled_2x2,36,impostor,10663.0
pooled_2x2,36,impostor,9472.0
pooled_2x2,36,impostor,8422.0
pooled_2x2,36,impostor,5235.0
pooled_2x2,36,impostor,7166.0
pooled_2x2,36,impostor,4247.0
pooled_2x2,36,impostor,5130.0
pooled_2x2,36,impostor,6921.0
pooled_2x2,36,impostor,10272.0
pooled_2x2,36,impostor,23369.0
pooled_2x2,36,impostor,27812.0
pooled_2x2,36,impostor,25271.0
pooled_2x2,36,impostor,25959.0
pooled_2x2,36,impostor,32351.0
pooled_2x2,36,impostor,39376.0
pooled_2x2,36,impostor,32881.0
pooled_2x2,36,impostor,23866.0
pooled_2x2,36,impostor,18281.0
pooled_2x2,36,impostor,21914.0
pooled_2x2,36,impostor,15853.0
pooled_2x2,36,impostor,27491.0
pooled_2x2,36,impostor,25943.0
pooled_2x2,36,impostor,30021.0
pooled_2x2,36,impostor,26746.0
pooled_2x2,36,impostor,31678.0
pooled_2x2,36,impostor,15906.0
pooled_2x2,36,impostor,5027.0
pooled_2x2,36,impostor,10878.0
pooled_2x2,36,impostor,13030.0
pooled_2x2,36,impostor,10354.0
pooled_2x2,36,impostor,5265.0
pooled_2x2,36,impostor,20730.0
pooled_2x2,36,impostor,8289.0
pooled_2x2,36,impostor,21892.0
pooled_2x2,36,impostor,26776.0
pooled_2x2,36,impostor,21290.0
pooled_2x2,36,impostor,25025.0
pooled_2x2,36,impostor,19770.0
pooled_2x2,36,impostor,27895.0
pooled_2x2,36,impostor,26044.0
pooled_2x2,36,impostor,27819.0
pooled_2x2,36,impostor,10508.0
pooled_2x2,36,impostor,7487.0
pooled_2x2,36,impostor,5236.0
pooled_2x2,36,impostor,15718.0
pooled_2x2,36,impostor,11392.0
pooled_2x2,36,impostor,6467.0
pooled_2x2,36,impostor,5496.0
pooled_2x2,36,impostor,5979.0
pooled_2x2,36,impostor,16910.0
pooled_2x2,36,impostor,24858.0
pooled_2x2,36,impostor,14650.0
pooled_2x2,36,impostor,17920.0
pooled_2x2,36,impostor,27163.0
pooled_2x2,36,impostor,24619.0
pooled_2x2,36,impostor,25654.0
pooled_2x2,36,impostor,26186.0
pooled_2x2,36,impostor,14799.0
pooled_2x2,36,impostor,13654.0
pooled_2x2,36,impostor,14174.0
pooled_2x2,36,impostor,14126.0
pooled_2x2,36,impostor,15766.0
pooled_2x2,36,impostor,14339.0
pooled_2x2,36,impostor,10558.0
pooled_2x2,36,impostor,10855.0
pooled_2x2,36,impostor,6406.0
pooled_2x2,36,impostor,12570.0
pooled_2x2,36,impostor,4927.0
pooled_2x2,36,impostor,6102.0
pooled_2x2,36,impostor,6287.0
pooled_2x2,36,impostor,9678.0
pooled_2x2,36,impostor,11447.0
pooled_2x2,36,impostor,5200.0
pooled_2x2,36,impostor,26219.0
pooled_2x2,36,impostor,29856.0
pooled_2x2,36,impostor,30835.0
pooled_2x2,36,impostor,28013.0
pooled_2x2,36,impostor,35479.0
pooled_2x2,36,impostor,41940.0
pooled_2x2,36,impostor,32563.0
pooled_2x2,36,impostor,23462.0
pooled_2x2,36,impostor,27041.0
pooled_2x2,36,impostor,24596.0
pooled_2x2,36,impostor,26295.0
pooled_2x2,36,impostor,25853.0
pooled_2x2,36,impostor,20903.0
pooled_2x2,36,impostor,31219.0
pooled_2x2,36,impostor,27462.0
pooled_2x2,36,impostor,28140.0
pooled_2x2,36,impostor,12660.0
pooled_2x2,36,impostor,7733.0
pooled_2x2,36,impostor,10712.0
pooled_2x2,36,impostor,11988.0
pooled_2x2,36,impostor,11008.0
pooled_2x2,36,impostor,6993.0
pooled_2x2,36,impostor,16730.0
pooled_2x2,36,impostor,8293.0
pooled_2x2,36,impostor,23504.0
pooled_2x2,36,impostor,24994.0
pooled_2x2,36,impostor,20920.0
pooled_2x2,36,impostor,25237.0
pooled_2x2,36,impostor,21210.0
pooled_2x2,36,impostor,26227.0
pooled_2x2,36,impostor,24602.0
pooled_2x2,36,impostor,26435.0
pooled_2x2,36,impostor,10410.0
pooled_2x2,36,impostor,11883.0
pooled_2x2,36,impostor,6144.0
pooled_2x2,36,impostor,10974.0
pooled_2x2,36,impostor,10236.0
pooled_2x2,36,impostor,5753.0
pooled_2x2,36,impostor,5826.0
pooled_2x2,36,impostor,5177.0
pooled_2x2,36,impostor,23448.0
pooled_2x2,36,impostor,26908.0
pooled_2x2,36,impostor,22882.0
pooled_2x2,36,impostor,23620.0
pooled_2x2,36,impostor,29419.0
pooled_2x2,36,impostor,27031.0
pooled_2x2,36,impostor,28068.0
pooled_2x2,36,impostor,26200.0
pooled_2x2,36,impostor,16623.0
pooled_2x2,36,impostor,15682.0
pooled_2x2,36,impostor,15430.0
pooled_2x2,36,impostor,14058.0
pooled_2x2,36,impostor,15242.0
pooled_2x2,36,impostor,14157.0
pooled_2x2,36,impostor,12434.0
pooled_2x2,36,impostor,13367.0
pooled_2x2,36,impostor,12893.0
pooled_2x2,36,impostor,14073.0
pooled_2x2,36,impostor,8106.0
pooled_2x2,36,impostor,11307.0
pooled_2x2,36,impostor,4108.0
pooled_2x2,36,impostor,4545.0
pooled_2x2,36,impostor,5470.0
pooled_2x2,36,impostor,12571.0
pooled_2x2,36,impostor,29972.0
pooled_2x2,36,impostor,35049.0
pooled_2x2,36,impostor,30732.0
pooled_2x2,36,impostor,32812.0
pooled_2x2,36,impostor,39252.0
pooled_2x2,36,impostor,47925.0
pooled_2x2,36,impostor,41782.0
pooled_2x2,36,impostor,30525.0
pooled_2x2,36,impostor,21420.0
pooled_2x2,36,impostor,27593.0
pooled_2x2,36,impostor,18358.0
pooled_2x2,36,impostor,35978.0
pooled_2x2,36,impostor,33538.0
pooled_2x2,36,impostor,36590.0
pooled_2x2,36,impostor,33277.0
pooled_2x2,36,impostor,39505.0
pooled_2x2,36,impostor,19463.0
pooled_2x2,36,impostor,8936.0
pooled_2x2,36,impostor,14787.0
pooled_2x2,36,impostor,17695.0
pooled_2x2,36,impostor,16097.0
pooled_2x2,36,impostor,8004.0
pooled_2x2,36,impostor,26561.0
pooled_2x2,36,impostor,9024.0
pooled_2x2,36,impostor,29553.0
pooled_2x2,36,impostor,34599.0
pooled_2x2,36,impostor,29019.0
pooled_2x2,36,impostor,31584.0
pooled_2x2,36,impostor,24049.0
pooled_2x2,36,impostor,35288.0
pooled_2x2,36,impostor,34379.0
pooled_2x2,36,impostor,36076.0
pooled_2x2,36,impostor,16107.0
pooled_2x2,36,impostor,7932.0
pooled_2x2,36,impostor,6495.0
pooled_2x2,36,impostor,20957.0
pooled_2x2,36,impostor,17299.0
pooled_2x2,36,impostor,8298.0
pooled_2x2,36,impostor,8739.0
pooled_2x2,36,impostor,8394.0
pooled_2x2,36,impostor,21171.0
pooled_2x2,36,impostor,32649.0
pooled_2x2,36,impostor,17907.0
pooled_2x2,36,impostor,22339.0
pooled_2x2,36,impostor,34426.0
pooled_2x2,36,impostor,31366.0
pooled_2x2,36,impostor,32573.0
pooled_2x2,36,impostor,33869.0
pooled_2x2,36,impostor,19860.0
pooled_2x2,36,impostor,18805.0
pooled_2x2,36,impostor,19067.0
pooled_2x2,36,impostor,19103.0
pooled_2x2,36,impostor,20389.0
pooled_2x2,36,impostor,18636.0
pooled_2x2,36,impostor,13271.0
pooled_2x2,36,impostor,15712.0
pooled_2x2,36,impostor,10291.0
pooled_2x2,36,impostor,12880.0
pooled_2x2,36,impostor,14179.0
pooled_2x2,36,impostor,12111.0
pooled_2x2,36,impostor,17361.0
pooled_2x2,36,impostor,23010.0
pooled_2x2,36,impostor,16831.0
pooled_2x2,36,impostor,12506.0
pooled_2x2,36,impostor,16419.0
pooled_2x2,36,impostor,10474.0
pooled_2x2,36,impostor,18493.0
pooled_2x2,36,impostor,12685.0
pooled_2x2,36,impostor,10271.0
pooled_2x2,36,impostor,13917.0
pooled_2x2,36,impostor,12408.0
pooled_2x2,36,impostor,13656.0
pooled_2x2,36,impostor,2910.0
pooled_2x2,36,impostor,4445.0
pooled_2x2,36,impostor,2546.0
pooled_2x2,36,impostor,2614.0
pooled_2x2,36,impostor,3772.0
pooled_2x2,36,impostor,2961.0
pooled_2x2,36,impostor,4224.0
pooled_2x2,36,impostor,3357.0
pooled_2x2,36,impostor,13170.0
pooled_2x2,36,impostor,9402.0
pooled_2x2,36,impostor,9786.0
pooled_2x2,36,impostor,8109.0
pooled_2x2,36,impostor,6756.0
pooled_2x2,36,impostor,10383.0
pooled_2x2,36,impostor,10848.0
pooled_2x2,36,impostor,11239.0
pooled_2x2,36,impostor,2714.0
pooled_2x2,36,impostor,10395.0
pooled_2x2,36,impostor,4068.0
pooled_2x2,36,impostor,2530.0
pooled_2x2,36,impostor,3342.0
pooled_2x2,36,impostor,2185.0
pooled_2x2,36,impostor,2276.0
pooled_2x2,36,impostor,1279.0
pooled_2x2,36,impostor,11412.0
pooled_2x2,36,impostor,10730.0
pooled_2x2,36,impostor,12376.0
pooled_2x2,36,impostor,9702.0
pooled_2x2,36,impostor,11645.0
pooled_2x2,36,impostor,12257.0
pooled_2x2,36,impostor,11258.0
pooled_2x2,36,impostor,11152.0
pooled_2x2,36,impostor,7685.0
pooled_2x2,36,impostor,7504.0
pooled_2x2,36,impostor,7546.0
pooled_2x2,36,impostor,6268.0
pooled_2x2,36,impostor,7038.0
pooled_2x2,36,impostor,6457.0
pooled_2x2,36,impostor,8320.0
pooled_2x2,36,impostor,5415.0
pooled_2x2,36,impostor,7165.0
pooled_2x2,36,impostor,9450.0
pooled_2x2,36,impostor,9051.0
pooled_2x2,36,impostor,8943.0
pooled_2x2,36,impostor,14303.0
pooled_2x2,36,impostor,17556.0
pooled_2x2,36,impostor,13257.0
pooled_2x2,36,impostor,10472.0
pooled_2x2,36,impostor,10819.0
pooled_2x2,36,impostor,7338.0
pooled_2x2,36,impostor,11657.0
pooled_2x2,36,impostor,12605.0
pooled_2x2,36,impostor,12923.0
pooled_2x2,36,impostor,11143.0
pooled_2x2,36,impostor,9580.0
pooled_2x2,36,impostor,14896.0
pooled_2x2,36,impostor,9742.0
pooled_2x2,36,impostor,4155.0
pooled_2x2,36,impostor,5496.0
pooled_2x2,36,impostor,6380.0
pooled_2x2,36,impostor,3552.0
pooled_2x2,36,impostor,4501.0
pooled_2x2,36,impostor,9622.0
pooled_2x2,36,impostor,8993.0
pooled_2x2,36,impostor,11088.0
pooled_2x2,36,impostor,10662.0
pooled_2x2,36,impostor,9872.0
pooled_2x2,36,impostor,9193.0
pooled_2x2,36,impostor,8068.0
pooled_2x2,36,impostor,11299.0
pooled_2x2,36,impostor,10474.0
pooled_2x2,36,impostor,10755.0
pooled_2x2,36,impostor,3192.0
pooled_2x2,36,impostor,11901.0
pooled_2x2,36,impostor,8378.0
pooled_2x2,36,impostor,9432.0
pooled_2x2,36,impostor,4918.0
pooled_2x2,36,impostor,7303.0
pooled_2x2,36,impostor,4496.0
pooled_2x2,36,impostor,6003.0
pooled_2x2,36,impostor,5246.0
pooled_2x2,36,impostor,6182.0
pooled_2x2,36,impostor,6218.0
pooled_2x2,36,impostor,5414.0
pooled_2x2,36,impostor,7913.0
pooled_2x2,36,impostor,9135.0
pooled_2x2,36,impostor,7952.0
pooled_2x2,36,impostor,9228.0
pooled_2x2,36,impostor,9647.0
pooled_2x2,36,impostor,9000.0
pooled_2x2,36,impostor,10094.0
pooled_2x2,36,impostor,9764.0
pooled_2x2,36,impostor,11656.0
pooled_2x2,36,impostor,11085.0
pooled_2x2,36,impostor,11564.0
pooled_2x2,36,impostor,5749.0
pooled_2x2,36,impostor,11062.0
pooled_2x2,36,impostor,13853.0
pooled_2x2,36,impostor,14324.0
pooled_2x2,36,impostor,12996.0
pooled_2x2,36,impostor,19140.0
pooled_2x2,36,impostor,24457.0
pooled_2x2,36,impostor,18250.0
pooled_2x2,36,impostor,13453.0
pooled_2x2,36,impostor,15622.0
pooled_2x2,36,impostor,11313.0
pooled_2x2,36,impostor,16662.0
pooled_2x2,36,impostor,14848.0
pooled_2x2,36,impostor,12818.0
pooled_2x2,36,impostor,15970.0
pooled_2x2,36,impostor,13997.0
pooled_2x2,36,impostor,16515.0
pooled_2x2,36,impostor,5715.0
pooled_2x2,36,impostor,3852.0
pooled_2x2,36,impostor,3641.0
pooled_2x2,36,impostor,4503.0
pooled_2x2,36,impostor,4263.0
pooled_2x2,36,impostor,2412.0
pooled_2x2,36,impostor,7573.0
pooled_2x2,36,impostor,4154.0
pooled_2x2,36,impostor,13815.0
pooled_2x2,36,impostor,12241.0
pooled_2x2,36,impostor,11549.0
pooled_2x2,36,impostor,10972.0
pooled_2x2,36,impostor,8393.0
pooled_2x2,36,impostor,13302.0
pooled_2x2,36,impostor,12927.0
pooled_2x2,36,impostor,13534.0
pooled_2x2,36,impostor,2879.0
pooled_2x2,36,impostor,8974.0
pooled_2x2,36,impostor,3807.0
pooled_2x2,36,impostor,5561.0
pooled_2x2,36,impostor,3585.0
pooled_2x2,36,impostor,2586.0
pooled_2x2,36,impostor,1483.0
pooled_2x2,36,impostor,1798.0
pooled_2x2,36,impostor,9673.0
pooled_2x2,36,impostor,11509.0
pooled_2x2,36,impostor,10481.0
pooled_2x2,36,impostor,9319.0
pooled_2x2,36,impostor,12808.0
pooled_2x2,36,impostor,13432.0
pooled_2x2,36,impostor,12423.0
pooled_2x2,36,impostor,12657.0
pooled_2x2,36,impostor,9060.0
pooled_2x2,36,impostor,8621.0
pooled_2x2,36,impostor,8987.0
pooled_2x2,36,impostor,7997.0
pooled_2x2,36,impostor,9219.0
pooled_2x2,36,impostor,8536.0
pooled_2x2,36,impostor,8929.0
pooled_2x2,36,impostor,5950.0
pooled_2x2,36,impostor,9375.0
pooled_2x2,36,impostor,11948.0
pooled_2x2,36,impostor,13071.0
pooled_2x2,36,impostor,11319.0
pooled_2x2,36,impostor,17119.0
pooled_2x2,36,impostor,21816.0
pooled_2x2,36,impostor,15561.0
pooled_2x2,36,impostor,11910.0
pooled_2x2,36,impostor,15351.0
pooled_2x2,36,impostor,9622.0
pooled_2x2,36,impostor,16973.0
pooled_2x2,36,impostor,12275.0
pooled_2x2,36,impostor,10177.0
pooled_2x2,36,impostor,13435.0
pooled_2x2,36,impostor,11738.0
pooled_2x2,36,impostor,13850.0
pooled_2x2,36,impostor,4716.0
pooled_2x2,36,impostor,3423.0
pooled_2x2,36,impostor,2842.0
pooled_2x2,36,impostor,3222.0
pooled_2x2,36,impostor,2810.0
pooled_2x2,36,impostor,2423.0
pooled_2x2,36,impostor,5470.0
pooled_2x2,36,impostor,4513.0
pooled_2x2,36,impostor,11790.0
pooled_2x2,36,impostor,9378.0
pooled_2x2,36,impostor,9130.0
pooled_2x2,36,impostor,8369.0
pooled_2x2,36,impostor,7106.0
pooled_2x2,36,impostor,10519.0
pooled_2x2,36,impostor,9964.0
pooled_2x2,36,impostor,10509.0
pooled_2x2,36,impostor,1618.0
pooled_2x2,36,impostor,10007.0
pooled_2x2,36,impostor,4420.0
pooled_2x2,36,impostor,4000.0
pooled_2x2,36,impostor,2668.0
pooled_2x2,36,impostor,2923.0
pooled_2x2,36,impostor,1680.0
pooled_2x2,36,impostor,1795.0
pooled_2x2,36,impostor,9444.0
pooled_2x2,36,impostor,8986.0
pooled_2x2,36,impostor,10630.0
pooled_2x2,36,impostor,8392.0
pooled_2x2,36,impostor,10517.0
pooled_2x2,36,impostor,11647.0
pooled_2x2,36,impostor,10286.0
pooled_2x2,36,impostor,10444.0
pooled_2x2,36,impostor,7643.0
pooled_2x2,36,impostor,7256.0
pooled_2x2,36,impostor,7658.0
pooled_2x2,36,impostor,6782.0
pooled_2x2,36,impostor,8212.0
pooled_2x2,36,impostor,7609.0
pooled_2x2,36,impostor,8742.0
pooled_2x2,36,impostor,5293.0
pooled_2x2,36,impostor,18638.0
pooled_2x2,36,impostor,23629.0
pooled_2x2,36,impostor,19044.0
pooled_2x2,36,impostor,22070.0
pooled_2x2,36,impostor,26524.0
pooled_2x2,36,impostor,35027.0
pooled_2x2,36,impostor,30602.0
pooled_2x2,36,impostor,22739.0
pooled_2x2,36,impostor,12954.0
pooled_2x2,36,impostor,16343.0
pooled_2x2,36,impostor,12254.0
pooled_2x2,36,impostor,25434.0
pooled_2x2,36,impostor,23462.0
pooled_2x2,36,impostor,22850.0
pooled_2x2,36,impostor,21363.0
pooled_2x2,36,impostor,27935.0
pooled_2x2,36,impostor,10261.0
pooled_2x2,36,impostor,3886.0
pooled_2x2,36,impostor,6857.0
pooled_2x2,36,impostor,8671.0
pooled_2x2,36,impostor,8543.0
pooled_2x2,36,impostor,2496.0
pooled_2x2,36,impostor,15659.0
pooled_2x2,36,impostor,1830.0
pooled_2x2,36,impostor,20255.0
pooled_2x2,36,impostor,21203.0
pooled_2x2,36,impostor,18509.0
pooled_2x2,36,impostor,16858.0
pooled_2x2,36,impostor,11727.0
pooled_2x2,36,impostor,21816.0
pooled_2x2,36,impostor,21981.0
pooled_2x2,36,impostor,22844.0
pooled_2x2,36,impostor,8243.0
pooled_2x2,36,impostor,3266.0
pooled_2x2,36,impostor,1621.0
pooled_2x2,36,impostor,12173.0
pooled_2x2,36,impostor,11169.0
pooled_2x2,36,impostor,2810.0
pooled_2x2,36,impostor,4249.0
pooled_2x2,36,impostor,2756.0
pooled_2x2,36,impostor,12807.0
pooled_2x2,36,impostor,20177.0
pooled_2x2,36,impostor,10265.0
pooled_2x2,36,impostor,11447.0
pooled_2x2,36,impostor,21270.0
pooled_2x2,36,impostor,20802.0
pooled_2x2,36,impostor,19851.0
pooled_2x2,36,impostor,22927.0
pooled_2x2,36,impostor,10156.0
pooled_2x2,36,impostor,9631.0
pooled_2x2,36,impostor,9949.0
pooled_2x2,36,impostor,10531.0
pooled_2x2,36,impostor,12107.0
pooled_2x2,36,impostor,10430.0
pooled_2x2,36,impostor,6721.0
pooled_2x2,36,impostor,9056.0
pooled_2x2,36,impostor,20149.0
pooled_2x2,36,impostor,25674.0
pooled_2x2,36,impostor,19143.0
pooled_2x2,36,impostor,24121.0
pooled_2x2,36,impostor,27653.0
pooled_2x2,36,impostor,36792.0
pooled_2x2,36,impostor,33765.0
pooled_2x2,36,impostor,25742.0
pooled_2x2,36,impostor,11477.0
pooled_2x2,36,impostor,18154.0
pooled_2x2,36,impostor,9973.0
pooled_2x2,36,impostor,28755.0
pooled_2x2,36,impostor,28097.0
pooled_2x2,36,impostor,25283.0
pooled_2x2,36,impostor,24102.0
pooled_2x2,36,impostor,32376.0
pooled_2x2,36,impostor,13644.0
pooled_2x2,36,impostor,4659.0
pooled_2x2,36,impostor,9032.0
pooled_2x2,36,impostor,11122.0
pooled_2x2,36,impostor,10286.0
pooled_2x2,36,impostor,3827.0
pooled_2x2,36,impostor,19592.0
pooled_2x2,36,impostor,3241.0
pooled_2x2,36,impostor,21722.0
pooled_2x2,36,impostor,24598.0
pooled_2x2,36,impostor,20820.0
pooled_2x2,36,impostor,19193.0
pooled_2x2,36,impostor,13732.0
pooled_2x2,36,impostor,25173.0
pooled_2x2,36,impostor,25198.0
pooled_2x2,36,impostor,26167.0
pooled_2x2,36,impostor,10544.0
pooled_2x2,36,impostor,2105.0
pooled_2x2,36,impostor,2552.0
pooled_2x2,36,impostor,16182.0
pooled_2x2,36,impostor,14022.0
pooled_2x2,36,impostor,4571.0
pooled_2x2,36,impostor,6248.0
pooled_2x2,36,impostor,5065.0
pooled_2x2,36,impostor,12796.0
pooled_2x2,36,impostor,22060.0
pooled_2x2,36,impostor,9318.0
pooled_2x2,36,impostor,11652.0
pooled_2x2,36,impostor,23185.0
pooled_2x2,36,impostor,22491.0
pooled_2x2,36,impostor,21542.0
pooled_2x2,36,impostor,25800.0
pooled_2x2,36,impostor,10883.0
pooled_2x2,36,impostor,10304.0
pooled_2x2,36,impostor,10830.0
pooled_2x2,36,impostor,12162.0
pooled_2x2,36,impostor,13962.0
pooled_2x2,36,impostor,11985.0
pooled_2x2,36,impostor,6712.0
pooled_2x2,36,impostor,10139.0
pooled_2x2,36,impostor,23854.0
pooled_2x2,36,impostor,29857.0
pooled_2x2,36,impostor,22150.0
pooled_2x2,36,impostor,28042.0
pooled_2x2,36,impostor,31166.0
pooled_2x2,36,impostor,40963.0
pooled_2x2,36,impostor,38306.0
pooled_2x2,36,impostor,29217.0
pooled_2x2,36,impostor,12406.0
pooled_2x2,36,impostor,20675.0
pooled_2x2,36,impostor,10666.0
pooled_2x2,36,impostor,32850.0
pooled_2x2,36,impostor,31452.0
pooled_2x2,36,impostor,27960.0
pooled_2x2,36,impostor,26899.0
pooled_2x2,36,impostor,36063.0
pooled_2x2,36,impostor,16267.0
pooled_2x2,36,impostor,6650.0
pooled_2x2,36,impostor,11747.0
pooled_2x2,36,impostor,14063.0
pooled_2x2,36,impostor,13365.0
pooled_2x2,36,impostor,5764.0
pooled_2x2,36,impostor,23093.0
pooled_2x2,36,impostor,4148.0
pooled_2x2,36,impostor,25125.0
pooled_2x2,36,impostor,28103.0
pooled_2x2,36,impostor,24183.0
pooled_2x2,36,impostor,22064.0
pooled_2x2,36,impostor,15787.0
pooled_2x2,36,impostor,28358.0
pooled_2x2,36,impostor,28749.0
pooled_2x2,36,impostor,29708.0
pooled_2x2,36,impostor,13843.0
pooled_2x2,36,impostor,2632.0
pooled_2x2,36,impostor,3805.0
pooled_2x2,36,impostor,19225.0
pooled_2x2,36,impostor,17969.0
pooled_2x2,36,impostor,6448.0
pooled_2x2,36,impostor,9017.0
pooled_2x2,36,impostor,7038.0
pooled_2x2,36,impostor,15443.0
pooled_2x2,36,impostor,26063.0
pooled_2x2,36,impostor,11211.0
pooled_2x2,36,impostor,13901.0
pooled_2x2,36,impostor,26982.0
pooled_2x2,36,impostor,25918.0
pooled_2x2,36,impostor,25071.0
pooled_2x2,36,impostor,29935.0
pooled_2x2,36,impostor,13180.0
pooled_2x2,36,impostor,12627.0
pooled_2x2,36,impostor,13051.0
pooled_2x2,36,impostor,14637.0
pooled_2x2,36,impostor,16463.0
pooled_2x2,36,impostor,14288.0
pooled_2x2,36,impostor,8219.0
pooled_2x2,36,impostor,13144.0
pooled_2x2,36,impostor,14851.0
pooled_2x2,36,impostor,17818.0
pooled_2x2,36,impostor,18833.0
pooled_2x2,36,impostor,16805.0
pooled_2x2,36,impostor,21737.0
pooled_2x2,36,impostor,27954.0
pooled_2x2,36,impostor,21461.0
pooled_2x2,36,impostor,16196.0
pooled_2x2,36,impostor,19575.0
pooled_2x2,36,impostor,14436.0
pooled_2x2,36,impostor,21477.0
pooled_2x2,36,impostor,16201.0
pooled_2x2,36,impostor,12435.0
pooled_2x2,36,impostor,18017.0
pooled_2x2,36,impostor,16402.0
pooled_2x2,36,impostor,16924.0
pooled_2x2,36,impostor,3604.0
pooled_2x2,36,impostor,5899.0
pooled_2x2,36,impostor,3990.0
pooled_2x2,36,impostor,4054.0
pooled_2x2,36,impostor,5832.0
pooled_2x2,36,impostor,4115.0
pooled_2x2,36,impostor,6028.0
pooled_2x2,36,impostor,3327.0
pooled_2x2,36,impostor,16358.0
pooled_2x2,36,impostor,12688.0
pooled_2x2,36,impostor,12588.0
pooled_2x2,36,impostor,11419.0
pooled_2x2,36,impostor,9834.0
pooled_2x2,36,impostor,13677.0
pooled_2x2,36,impostor,14140.0
pooled_2x2,36,impostor,14757.0
pooled_2x2,36,impostor,5050.0
pooled_2x2,36,impostor,10865.0
pooled_2x2,36,impostor,4234.0
pooled_2x2,36,impostor,3462.0
pooled_2x2,36,impostor,5704.0
pooled_2x2,36,impostor,2463.0
pooled_2x2,36,impostor,3692.0
pooled_2x2,36,impostor,1769.0
pooled_2x2,36,impostor,15852.0
pooled_2x2,36,impostor,15542.0
pooled_2x2,36,impostor,16386.0
pooled_2x2,36,impostor,13650.0
pooled_2x2,36,impostor,16407.0
pooled_2x2,36,impostor,16599.0
pooled_2x2,36,impostor,15774.0
pooled_2x2,36,impostor,15480.0
pooled_2x2,36,impostor,9709.0
pooled_2x2,36,impostor,9506.0
pooled_2x2,36,impostor,9232.0
pooled_2x2,36,impostor,8004.0
pooled_2x2,36,impostor,8728.0
pooled_2x2,36,impostor,7967.0
pooled_2x2,36,impostor,8998.0
pooled_2x2,36,impostor,8135.0
pooled_2x2,36,impostor,9918.0
pooled_2x2,36,impostor,3465.0
pooled_2x2,36,impostor,13654.0
pooled_2x2,36,impostor,4580.0
pooled_2x2,36,impostor,7994.0
pooled_2x2,36,impostor,4150.0
pooled_2x2,36,impostor,3931.0
pooled_2x2,36,impostor,5843.0
pooled_2x2,36,impostor,10281.0
pooled_2x2,36,impostor,11628.0
pooled_2x2,36,impostor,8997.0
pooled_2x2,36,impostor,8113.0
pooled_2x2,36,impostor,7759.0
pooled_2x2,36,impostor,12088.0
pooled_2x2,36,impostor,6951.0
pooled_2x2,36,impostor,13858.0
pooled_2x2,36,impostor,6013.0
pooled_2x2,36,impostor,3119.0
pooled_2x2,36,impostor,5163.0
pooled_2x2,36,impostor,2116.0
pooled_2x2,36,impostor,3499.0
pooled_2x2,36,impostor,3088.0
pooled_2x2,36,impostor,4471.0
pooled_2x2,36,impostor,3812.0
pooled_2x2,36,impostor,7619.0
pooled_2x2,36,impostor,17886.0
pooled_2x2,36,impostor,14509.0
pooled_2x2,36,impostor,8307.0
pooled_2x2,36,impostor,7591.0
pooled_2x2,36,impostor,12500.0
pooled_2x2,36,impostor,11547.0
pooled_2x2,36,impostor,12612.0
pooled_2x2,36,impostor,3423.0
pooled_2x2,36,impostor,1331.0
pooled_2x2,36,impostor,6505.0
pooled_2x2,36,impostor,3347.0
pooled_2x2,36,impostor,764.0
pooled_2x2,36,impostor,1436.0
pooled_2x2,36,impostor,621.0
pooled_2x2,36,impostor,1561.0
pooled_2x2,36,impostor,8764.0
pooled_2x2,36,impostor,9111.0
pooled_2x2,36,impostor,9597.0
pooled_2x2,36,impostor,8307.0
pooled_2x2,36,impostor,8319.0
pooled_2x2,36,impostor,8772.0
pooled_2x2,36,impostor,13733.0
pooled_2x2,36,impostor,5454.0
pooled_2x2,36,impostor,13561.0
pooled_2x2,36,impostor,4658.0
pooled_2x2,36,impostor,18071.0
pooled_2x2,36,impostor,4247.0
pooled_2x2,36,impostor,7547.0
pooled_2x2,36,impostor,4103.0
pooled_2x2,36,impostor,4014.0
pooled_2x2,36,impostor,4550.0
pooled_2x2,36,impostor,11910.0
pooled_2x2,36,impostor,15491.0
pooled_2x2,36,impostor,11534.0
pooled_2x2,36,impostor,10466.0
pooled_2x2,36,impostor,10264.0
pooled_2x2,36,impostor,15789.0
pooled_2x2,36,impostor,7462.0
pooled_2x2,36,impostor,17817.0
pooled_2x2,36,impostor,7800.0
pooled_2x2,36,impostor,3604.0
pooled_2x2,36,impostor,6780.0
pooled_2x2,36,impostor,3539.0
pooled_2x2,36,impostor,5714.0
pooled_2x2,36,impostor,3419.0
pooled_2x2,36,impostor,5154.0
pooled_2x2,36,impostor,4167.0
pooled_2x2,36,impostor,9860.0
pooled_2x2,36,impostor,23355.0
pooled_2x2,36,impostor,18878.0
pooled_2x2,36,impostor,9780.0
pooled_2x2,36,impostor,8916.0
pooled_2x2,36,impostor,15985.0
pooled_2x2,36,impostor,14516.0
pooled_2x2,36,impostor,16137.0
pooled_2x2,36,impostor,5530.0
pooled_2x2,36,impostor,1982.0
pooled_2x2,36,impostor,9798.0
pooled_2x2,36,impostor,5892.0
pooled_2x2,36,impostor,949.0
pooled_2x2,36,impostor,1589.0
pooled_2x2,36,impostor,1076.0
pooled_2x2,36,impostor,1122.0
pooled_2x2,36,impostor,12789.0
pooled_2x2,36,impostor,13152.0
pooled_2x2,36,impostor,13570.0
pooled_2x2,36,impostor,11564.0
pooled_2x2,36,impostor,11194.0
pooled_2x2,36,impostor,11995.0
pooled_2x2,36,impostor,18224.0
pooled_2x2,36,impostor,8095.0
pooled_2x2,36,impostor,6198.0
pooled_2x2,36,impostor,3997.0
pooled_2x2,36,impostor,9366.0
pooled_2x2,36,impostor,9766.0
pooled_2x2,36,impostor,13758.0
pooled_2x2,36,impostor,4632.0
pooled_2x2,36,impostor,5325.0
pooled_2x2,36,impostor,10777.0
pooled_2x2,36,impostor,12929.0
pooled_2x2,36,impostor,13286.0
pooled_2x2,36,impostor,10929.0
pooled_2x2,36,impostor,10851.0
pooled_2x2,36,impostor,10603.0
pooled_2x2,36,impostor,13486.0
pooled_2x2,36,impostor,11007.0
pooled_2x2,36,impostor,14284.0
pooled_2x2,36,impostor,9543.0
pooled_2x2,36,impostor,7311.0
pooled_2x2,36,impostor,9427.0
pooled_2x2,36,impostor,4172.0
pooled_2x2,36,impostor,4209.0
pooled_2x2,36,impostor,6712.0
pooled_2x2,36,impostor,9073.0
pooled_2x2,36,impostor,8032.0
pooled_2x2,36,impostor,11321.0
pooled_2x2,36,impostor,17286.0
pooled_2x2,36,impostor,15975.0
pooled_2x2,36,impostor,13561.0
pooled_2x2,36,impostor,12303.0
pooled_2x2,36,impostor,14810.0
pooled_2x2,36,impostor,14565.0
pooled_2x2,36,impostor,15178.0
pooled_2x2,36,impostor,2223.0
pooled_2x2,36,impostor,3491.0
pooled_2x2,36,impostor,4063.0
pooled_2x2,36,impostor,2053.0
pooled_2x2,36,impostor,2150.0
pooled_2x2,36,impostor,2910.0
pooled_2x2,36,impostor,1973.0
pooled_2x2,36,impostor,5079.0
pooled_2x2,36,impostor,11100.0
pooled_2x2,36,impostor,11579.0
pooled_2x2,36,impostor,12275.0
pooled_2x2,36,impostor,11747.0
pooled_2x2,36,impostor,11813.0
pooled_2x2,36,impostor,11866.0
pooled_2x2,36,impostor,15221.0
pooled_2x2,36,impostor,7768.0
pooled_2x2,36,impostor,12080.0
pooled_2x2,36,impostor,3721.0
pooled_2x2,36,impostor,16376.0
pooled_2x2,36,impostor,3720.0
pooled_2x2,36,impostor,6918.0
pooled_2x2,36,impostor,3796.0
pooled_2x2,36,impostor,3223.0
pooled_2x2,36,impostor,3915.0
pooled_2x2,36,impostor,12005.0
pooled_2x2,36,impostor,14604.0
pooled_2x2,36,impostor,11575.0
pooled_2x2,36,impostor,10599.0
pooled_2x2,36,impostor,10227.0
pooled_2x2,36,impostor,15138.0
pooled_2x2,36,impostor,8027.0
pooled_2x2,36,impostor,16716.0
pooled_2x2,36,impostor,6897.0
pooled_2x2,36,impostor,3299.0
pooled_2x2,36,impostor,5987.0
pooled_2x2,36,impostor,3392.0
pooled_2x2,36,impostor,4757.0
pooled_2x2,36,impostor,2776.0
pooled_2x2,36,impostor,4623.0
pooled_2x2,36,impostor,3766.0
pooled_2x2,36,impostor,9795.0
pooled_2x2,36,impostor,21552.0
pooled_2x2,36,impostor,17455.0
pooled_2x2,36,impostor,9165.0
pooled_2x2,36,impostor,8851.0
pooled_2x2,36,impostor,14966.0
pooled_2x2,36,impostor,13905.0
pooled_2x2,36,impostor,15232.0
pooled_2x2,36,impostor,4597.0
pooled_2x2,36,impostor,2263.0
pooled_2x2,36,impostor,8575.0
pooled_2x2,36,impostor,5295.0
pooled_2x2,36,impostor,1182.0
pooled_2x2,36,impostor,962.0
pooled_2x2,36,impostor,983.0
pooled_2x2,36,impostor,809.0
pooled_2x2,36,impostor,11820.0
pooled_2x2,36,impostor,12207.0
pooled_2x2,36,impostor,12505.0
pooled_2x2,36,impostor,10353.0
pooled_2x2,36,impostor,9863.0
pooled_2x2,36,impostor,10708.0
pooled_2x2,36,impostor,16787.0
pooled_2x2,36,impostor,7244.0
pooled_2x2,36,impostor,11822.0
pooled_2x2,36,impostor,6099.0
pooled_2x2,36,impostor,16460.0
pooled_2x2,36,impostor,5000.0
pooled_2x2,36,impostor,10502.0
pooled_2x2,36,impostor,5656.0
pooled_2x2,36,impostor,5883.0
pooled_2x2,36,impostor,6445.0
pooled_2x2,36,impostor,15975.0
pooled_2x2,36,impostor,18096.0
pooled_2x2,36,impostor,15413.0
pooled_2x2,36,impostor,13877.0
pooled_2x2,36,impostor,13687.0
pooled_2x2,36,impostor,19472.0
pooled_2x2,36,impostor,11663.0
pooled_2x2,36,impostor,20118.0
pooled_2x2,36,impostor,6793.0
pooled_2x2,36,impostor,4725.0
pooled_2x2,36,impostor,6701.0
pooled_2x2,36,impostor,4264.0
pooled_2x2,36,impostor,6929.0
pooled_2x2,36,impostor,4240.0
pooled_2x2,36,impostor,6117.0
pooled_2x2,36,impostor,5308.0
pooled_2x2,36,impostor,14199.0
pooled_2x2,36,impostor,22944.0
pooled_2x2,36,impostor,20643.0
pooled_2x2,36,impostor,12721.0
pooled_2x2,36,impostor,13307.0
pooled_2x2,36,impostor,18776.0
pooled_2x2,36,impostor,18891.0
pooled_2x2,36,impostor,19950.0
pooled_2x2,36,impostor,6649.0
pooled_2x2,36,impostor,4417.0
pooled_2x2,36,impostor,10291.0
pooled_2x2,36,impostor,6909.0
pooled_2x2,36,impostor,2740.0
pooled_2x2,36,impostor,1900.0
pooled_2x2,36,impostor,2023.0
pooled_2x2,36,impostor,2847.0
pooled_2x2,36,impostor,12428.0
pooled_2x2,36,impostor,12923.0
pooled_2x2,36,impostor,13139.0
pooled_2x2,36,impostor,11545.0
pooled_2x2,36,impostor,10833.0
pooled_2x2,36,impostor,11694.0
pooled_2x2,36,impostor,17395.0
pooled_2x2,36,impostor,9024.0
pooled_2x2,36,impostor,18585.0
pooled_2x2,36,impostor,9196.0
pooled_2x2,36,impostor,24139.0
pooled_2x2,36,impostor,4953.0
pooled_2x2,36,impostor,10465.0
pooled_2x2,36,impostor,7247.0
pooled_2x2,36,impostor,7272.0
pooled_2x2,36,impostor,5856.0
pooled_2x2,36,impostor,21594.0
pooled_2x2,36,impostor,24413.0
pooled_2x2,36,impostor,21188.0
pooled_2x2,36,impostor,19150.0
pooled_2x2,36,impostor,18096.0
pooled_2x2,36,impostor,26225.0
pooled_2x2,36,impostor,15098.0
pooled_2x2,36,impostor,28285.0
pooled_2x2,36,impostor,8402.0
pooled_2x2,36,impostor,5760.0
pooled_2x2,36,impostor,8602.0
pooled_2x2,36,impostor,7155.0
pooled_2x2,36,impostor,11682.0
pooled_2x2,36,impostor,5387.0
pooled_2x2,36,impostor,6440.0
pooled_2x2,36,impostor,5499.0
pooled_2x2,36,impostor,18336.0
pooled_2x2,36,impostor,31749.0
pooled_2x2,36,impostor,28314.0
pooled_2x2,36,impostor,16632.0
pooled_2x2,36,impostor,16808.0
pooled_2x2,36,impostor,25905.0
pooled_2x2,36,impostor,24852.0
pooled_2x2,36,impostor,26873.0
pooled_2x2,36,impostor,10888.0
pooled_2x2,36,impostor,5354.0
pooled_2x2,36,impostor,16380.0
pooled_2x2,36,impostor,11604.0
pooled_2x2,36,impostor,4087.0
pooled_2x2,36,impostor,3825.0
pooled_2x2,36,impostor,3718.0
pooled_2x2,36,impostor,3476.0
pooled_2x2,36,impostor,18235.0
pooled_2x2,36,impostor,18596.0
pooled_2x2,36,impostor,18910.0
pooled_2x2,36,impostor,16864.0
pooled_2x2,36,impostor,16356.0
pooled_2x2,36,impostor,17789.0
pooled_2x2,36,impostor,24820.0
pooled_2x2,36,impostor,14439.0
pooled_2x2,36,impostor,20830.0
pooled_2x2,36,impostor,7567.0
pooled_2x2,36,impostor,26554.0
pooled_2x2,36,impostor,1714.0
pooled_2x2,36,impostor,5162.0
pooled_2x2,36,impostor,6516.0
pooled_2x2,36,impostor,5273.0
pooled_2x2,36,impostor,2089.0
pooled_2x2,36,impostor,17813.0
pooled_2x2,36,impostor,20430.0
pooled_2x2,36,impostor,17811.0
pooled_2x2,36,impostor,15749.0
pooled_2x2,36,impostor,14179.0
pooled_2x2,36,impostor,22098.0
pooled_2x2,36,impostor,11139.0
pooled_2x2,36,impostor,24838.0
pooled_2x2,36,impostor,6655.0
pooled_2x2,36,impostor,2927.0
pooled_2x2,36,impostor,5575.0
pooled_2x2,36,impostor,6048.0
pooled_2x2,36,impostor,10311.0
pooled_2x2,36,impostor,2770.0
pooled_2x2,36,impostor,3075.0
pooled_2x2,36,impostor,2516.0
pooled_2x2,36,impostor,13027.0
pooled_2x2,36,impostor,29668.0
pooled_2x2,36,impostor,24339.0
pooled_2x2,36,impostor,10999.0
pooled_2x2,36,impostor,11189.0
pooled_2x2,36,impostor,21158.0
pooled_2x2,36,impostor,19297.0
pooled_2x2,36,impostor,21534.0
pooled_2x2,36,impostor,11015.0
pooled_2x2,36,impostor,4193.0
pooled_2x2,36,impostor,17213.0
pooled_2x2,36,impostor,12139.0
pooled_2x2,36,impostor,3718.0
pooled_2x2,36,impostor,3166.0
pooled_2x2,36,impostor,3375.0
pooled_2x2,36,impostor,1133.0
pooled_2x2,36,impostor,16134.0
pooled_2x2,36,impostor,16227.0
pooled_2x2,36,impostor,16383.0
pooled_2x2,36,impostor,13427.0
pooled_2x2,36,impostor,13187.0
pooled_2x2,36,impostor,14712.0
pooled_2x2,36,impostor,22257.0
pooled_2x2,36,impostor,11862.0
pooled_2x2,36,impostor,14667.0
pooled_2x2,36,impostor,4658.0
pooled_2x2,36,impostor,18877.0
pooled_2x2,36,impostor,3507.0
pooled_2x2,36,impostor,4555.0
pooled_2x2,36,impostor,5713.0
pooled_2x2,36,impostor,3200.0
pooled_2x2,36,impostor,2380.0
pooled_2x2,36,impostor,15088.0
pooled_2x2,36,impostor,15911.0
pooled_2x2,36,impostor,15282.0
pooled_2x2,36,impostor,14342.0
pooled_2x2,36,impostor,12908.0
pooled_2x2,36,impostor,17299.0
pooled_2x2,36,impostor,11118.0
pooled_2x2,36,impostor,18289.0
pooled_2x2,36,impostor,7488.0
pooled_2x2,36,impostor,4690.0
pooled_2x2,36,impostor,6334.0
pooled_2x2,36,impostor,6995.0
pooled_2x2,36,impostor,6886.0
pooled_2x2,36,impostor,3247.0
pooled_2x2,36,impostor,5020.0
pooled_2x2,36,impostor,4615.0
pooled_2x2,36,impostor,12128.0
pooled_2x2,36,impostor,22453.0
pooled_2x2,36,impostor,17932.0
pooled_2x2,36,impostor,8994.0
pooled_2x2,36,impostor,10426.0
pooled_2x2,36,impostor,15843.0
pooled_2x2,36,impostor,15314.0
pooled_2x2,36,impostor,16077.0
pooled_2x2,36,impostor,7504.0
pooled_2x2,36,impostor,6366.0
pooled_2x2,36,impostor,11792.0
pooled_2x2,36,impostor,9626.0
pooled_2x2,36,impostor,5453.0
pooled_2x2,36,impostor,2285.0
pooled_2x2,36,impostor,4516.0
pooled_2x2,36,impostor,1962.0
pooled_2x2,36,impostor,14137.0
pooled_2x2,36,impostor,14382.0
pooled_2x2,36,impostor,14138.0
pooled_2x2,36,impostor,10780.0
pooled_2x2,36,impostor,9896.0
pooled_2x2,36,impostor,11109.0
pooled_2x2,36,impostor,17760.0
pooled_2x2,36,impostor,8963.0
pooled_2x2,36,impostor,17521.0
pooled_2x2,36,impostor,10632.0
pooled_2x2,36,impostor,13583.0
pooled_2x2,36,impostor,14957.0
pooled_2x2,36,impostor,13423.0
pooled_2x2,36,impostor,11496.0
pooled_2x2,36,impostor,19947.0
pooled_2x2,36,impostor,10920.0
pooled_2x2,36,impostor,16191.0
pooled_2x2,36,impostor,16929.0
pooled_2x2,36,impostor,16265.0
pooled_2x2,36,impostor,11414.0
pooled_2x2,36,impostor,7239.0
pooled_2x2,36,impostor,15368.0
pooled_2x2,36,impostor,18211.0
pooled_2x2,36,impostor,17730.0
pooled_2x2,36,impostor,14935.0
pooled_2x2,36,impostor,10544.0
pooled_2x2,36,impostor,12603.0
pooled_2x2,36,impostor,19723.0
pooled_2x2,36,impostor,18171.0
pooled_2x2,36,impostor,14006.0
pooled_2x2,36,impostor,14987.0
pooled_2x2,36,impostor,13994.0
pooled_2x2,36,impostor,3803.0
pooled_2x2,36,impostor,13611.0
pooled_2x2,36,impostor,1861.0
pooled_2x2,36,impostor,3733.0
pooled_2x2,36,impostor,11562.0
pooled_2x2,36,impostor,9320.0
pooled_2x2,36,impostor,10215.0
pooled_2x2,36,impostor,15203.0
pooled_2x2,36,impostor,13002.0
pooled_2x2,36,impostor,12877.0
pooled_2x2,36,impostor,13763.0
pooled_2x2,36,impostor,14337.0
pooled_2x2,36,impostor,15037.0
pooled_2x2,36,impostor,14026.0
pooled_2x2,36,impostor,13019.0
pooled_2x2,36,impostor,9776.0
pooled_2x2,36,impostor,12932.0
pooled_2x2,36,impostor,12175.0
pooled_2x2,36,impostor,11356.0
pooled_2x2,36,impostor,11600.0
pooled_2x2,36,impostor,10326.0
pooled_2x2,36,impostor,11945.0
pooled_2x2,36,impostor,11130.0
pooled_2x2,36,impostor,11997.0
pooled_2x2,36,impostor,10654.0
pooled_2x2,36,impostor,5662.0
pooled_2x2,36,impostor,8744.0
pooled_2x2,36,impostor,3769.0
pooled_2x2,36,impostor,2320.0
pooled_2x2,36,impostor,4183.0
pooled_2x2,36,impostor,6788.0
pooled_2x2,36,impostor,5651.0
pooled_2x2,36,impostor,9144.0
pooled_2x2,36,impostor,17437.0
pooled_2x2,36,impostor,14550.0
pooled_2x2,36,impostor,11702.0
pooled_2x2,36,impostor,11258.0
pooled_2x2,36,impostor,13145.0
pooled_2x2,36,impostor,12218.0
pooled_2x2,36,impostor,12453.0
pooled_2x2,36,impostor,2726.0
pooled_2x2,36,impostor,4930.0
pooled_2x2,36,impostor,5204.0
pooled_2x2,36,impostor,3030.0
pooled_2x2,36,impostor,3021.0
pooled_2x2,36,impostor,2217.0
pooled_2x2,36,impostor,2316.0
pooled_2x2,36,impostor,4092.0
pooled_2x2,36,impostor,12555.0
pooled_2x2,36,impostor,12656.0
pooled_2x2,36,impostor,13190.0
pooled_2x2,36,impostor,11670.0
pooled_2x2,36,impostor,12392.0
pooled_2x2,36,impostor,12645.0
pooled_2x2,36,impostor,16262.0
pooled_2x2,36,impostor,8537.0
pooled_2x2,36,impostor,19647.0
pooled_2x2,36,impostor,10026.0
pooled_2x2,36,impostor,14733.0
pooled_2x2,36,impostor,16497.0
pooled_2x2,36,impostor,14569.0
pooled_2x2,36,impostor,11494.0
pooled_2x2,36,impostor,23331.0
pooled_2x2,36,impostor,11798.0
pooled_2x2,36,impostor,19131.0
pooled_2x2,36,impostor,22333.0
pooled_2x2,36,impostor,19807.0
pooled_2x2,36,impostor,16212.0
pooled_2x2,36,impostor,10949.0
pooled_2x2,36,impostor,20908.0
pooled_2x2,36,impostor,23367.0
pooled_2x2,36,impostor,23368.0
pooled_2x2,36,impostor,17187.0
pooled_2x2,36,impostor,9442.0
pooled_2x2,36,impostor,12341.0
pooled_2x2,36,impostor,22441.0
pooled_2x2,36,impostor,20435.0
pooled_2x2,36,impostor,14560.0
pooled_2x2,36,impostor,15859.0
pooled_2x2,36,impostor,14496.0
pooled_2x2,36,impostor,6185.0
pooled_2x2,36,impostor,17491.0
pooled_2x2,36,impostor,2585.0
pooled_2x2,36,impostor,6163.0
pooled_2x2,36,impostor,16386.0
pooled_2x2,36,impostor,13854.0
pooled_2x2,36,impostor,14999.0
pooled_2x2,36,impostor,20175.0
pooled_2x2,36,impostor,13846.0
pooled_2x2,36,impostor,13731.0
pooled_2x2,36,impostor,14675.0
pooled_2x2,36,impostor,15845.0
pooled_2x2,36,impostor,16503.0
pooled_2x2,36,impostor,15078.0
pooled_2x2,36,impostor,12937.0
pooled_2x2,36,impostor,10824.0
pooled_2x2,36,impostor,15179.0
pooled_2x2,36,impostor,15936.0
pooled_2x2,36,impostor,15067.0
pooled_2x2,36,impostor,12551.0
pooled_2x2,36,impostor,11139.0
pooled_2x2,36,impostor,18352.0
pooled_2x2,36,impostor,9349.0
pooled_2x2,36,impostor,20690.0
pooled_2x2,36,impostor,3123.0
pooled_2x2,36,impostor,1689.0
pooled_2x2,36,impostor,1973.0
pooled_2x2,36,impostor,5166.0
pooled_2x2,36,impostor,9327.0
pooled_2x2,36,impostor,2208.0
pooled_2x2,36,impostor,1553.0
pooled_2x2,36,impostor,1810.0
pooled_2x2,36,impostor,10267.0
pooled_2x2,36,impostor,23554.0
pooled_2x2,36,impostor,18447.0
pooled_2x2,36,impostor,6407.0
pooled_2x2,36,impostor,8245.0
pooled_2x2,36,impostor,16098.0
pooled_2x2,36,impostor,15481.0
pooled_2x2,36,impostor,16892.0
pooled_2x2,36,impostor,12169.0
pooled_2x2,36,impostor,5133.0
pooled_2x2,36,impostor,17175.0
pooled_2x2,36,impostor,12621.0
pooled_2x2,36,impostor,5706.0
pooled_2x2,36,impostor,4264.0
pooled_2x2,36,impostor,4709.0
pooled_2x2,36,impostor,1891.0
pooled_2x2,36,impostor,10218.0
pooled_2x2,36,impostor,10367.0
pooled_2x2,36,impostor,10149.0
pooled_2x2,36,impostor,7537.0
pooled_2x2,36,impostor,7185.0
pooled_2x2,36,impostor,8624.0
pooled_2x2,36,impostor,15519.0
pooled_2x2,36,impostor,8146.0
pooled_2x2,36,impostor,13439.0
pooled_2x2,36,impostor,16542.0
pooled_2x2,36,impostor,14769.0
pooled_2x2,36,impostor,12873.0
pooled_2x2,36,impostor,12085.0
pooled_2x2,36,impostor,17818.0
pooled_2x2,36,impostor,7969.0
pooled_2x2,36,impostor,19232.0
pooled_2x2,36,impostor,7735.0
pooled_2x2,36,impostor,3425.0
pooled_2x2,36,impostor,5389.0
pooled_2x2,36,impostor,7104.0
pooled_2x2,36,impostor,9531.0
pooled_2x2,36,impostor,3430.0
pooled_2x2,36,impostor,3557.0
pooled_2x2,36,impostor,3528.0
pooled_2x2,36,impostor,10677.0
pooled_2x2,36,impostor,25430.0
pooled_2x2,36,impostor,18433.0
pooled_2x2,36,impostor,5737.0
pooled_2x2,36,impostor,9345.0
pooled_2x2,36,impostor,15834.0
pooled_2x2,36,impostor,15487.0
pooled_2x2,36,impostor,15532.0
pooled_2x2,36,impostor,15213.0
pooled_2x2,36,impostor,7803.0
pooled_2x2,36,impostor,20191.0
pooled_2x2,36,impostor,14883.0
pooled_2x2,36,impostor,8704.0
pooled_2x2,36,impostor,8154.0
pooled_2x2,36,impostor,8223.0
pooled_2x2,36,impostor,4791.0
pooled_2x2,36,impostor,13508.0
pooled_2x2,36,impostor,13957.0
pooled_2x2,36,impostor,13393.0
pooled_2x2,36,impostor,10411.0
pooled_2x2,36,impostor,10115.0
pooled_2x2,36,impostor,11472.0
pooled_2x2,36,impostor,18867.0
pooled_2x2,36,impostor,12076.0
pooled_2x2,36,impostor,14109.0
pooled_2x2,36,impostor,17434.0
pooled_2x2,36,impostor,14005.0
pooled_2x2,36,impostor,13931.0
pooled_2x2,36,impostor,13387.0
pooled_2x2,36,impostor,16806.0
pooled_2x2,36,impostor,10707.0
pooled_2x2,36,impostor,16476.0
pooled_2x2,36,impostor,13293.0
pooled_2x2,36,impostor,5621.0
pooled_2x2,36,impostor,10977.0
pooled_2x2,36,impostor,4070.0
pooled_2x2,36,impostor,4413.0
pooled_2x2,36,impostor,4092.0
pooled_2x2,36,impostor,7261.0
pooled_2x2,36,impostor,5436.0
pooled_2x2,36,impostor,12187.0
pooled_2x2,36,impostor,24680.0
pooled_2x2,36,impostor,20575.0
pooled_2x2,36,impostor,13853.0
pooled_2x2,36,impostor,14035.0
pooled_2x2,36,impostor,18086.0
pooled_2x2,36,impostor,17021.0
pooled_2x2,36,impostor,17290.0
pooled_2x2,36,impostor,5865.0
pooled_2x2,36,impostor,5005.0
pooled_2x2,36,impostor,9731.0
pooled_2x2,36,impostor,5397.0
pooled_2x2,36,impostor,2700.0
pooled_2x2,36,impostor,3188.0
pooled_2x2,36,impostor,2565.0
pooled_2x2,36,impostor,4451.0
pooled_2x2,36,impostor,17324.0
pooled_2x2,36,impostor,17585.0
pooled_2x2,36,impostor,18077.0
pooled_2x2,36,impostor,16183.0
pooled_2x2,36,impostor,16687.0
pooled_2x2,36,impostor,17230.0
pooled_2x2,36,impostor,22207.0
pooled_2x2,36,impostor,12968.0
pooled_2x2,36,impostor,14132.0
pooled_2x2,36,impostor,16083.0
pooled_2x2,36,impostor,13894.0
pooled_2x2,36,impostor,13690.0
pooled_2x2,36,impostor,12650.0
pooled_2x2,36,impostor,15875.0
pooled_2x2,36,impostor,10812.0
pooled_2x2,36,impostor,15965.0
pooled_2x2,36,impostor,11388.0
pooled_2x2,36,impostor,4786.0
pooled_2x2,36,impostor,9184.0
pooled_2x2,36,impostor,4313.0
pooled_2x2,36,impostor,3920.0
pooled_2x2,36,impostor,3095.0
pooled_2x2,36,impostor,5892.0
pooled_2x2,36,impostor,4495.0
pooled_2x2,36,impostor,11346.0
pooled_2x2,36,impostor,23121.0
pooled_2x2,36,impostor,18834.0
pooled_2x2,36,impostor,11952.0
pooled_2x2,36,impostor,12700.0
pooled_2x2,36,impostor,16635.0
pooled_2x2,36,impostor,15624.0
pooled_2x2,36,impostor,15769.0
pooled_2x2,36,impostor,5258.0
pooled_2x2,36,impostor,4770.0
pooled_2x2,36,impostor,9160.0
pooled_2x2,36,impostor,5640.0
pooled_2x2,36,impostor,2953.0
pooled_2x2,36,impostor,2325.0
pooled_2x2,36,impostor,2576.0
pooled_2x2,36,impostor,3196.0
pooled_2x2,36,impostor,15901.0
pooled_2x2,36,impostor,16082.0
pooled_2x2,36,impostor,16430.0
pooled_2x2,36,impostor,14128.0
pooled_2x2,36,impostor,14432.0
pooled_2x2,36,impostor,15137.0
pooled_2x2,36,impostor,20540.0
pooled_2x2,36,impostor,11355.0
pooled_2x2,36,impostor,15874.0
pooled_2x2,36,impostor,20417.0
pooled_2x2,36,impostor,17574.0
pooled_2x2,36,impostor,15626.0
pooled_2x2,36,impostor,15150.0
pooled_2x2,36,impostor,21299.0
pooled_2x2,36,impostor,9882.0
pooled_2x2,36,impostor,21979.0
pooled_2x2,36,impostor,8558.0
pooled_2x2,36,impostor,2714.0
pooled_2x2,36,impostor,6304.0
pooled_2x2,36,impostor,6017.0
pooled_2x2,36,impostor,8510.0
pooled_2x2,36,impostor,1923.0
pooled_2x2,36,impostor,3382.0
pooled_2x2,36,impostor,2615.0
pooled_2x2,36,impostor,13372.0
pooled_2x2,36,impostor,29079.0
pooled_2x2,36,impostor,22430.0
pooled_2x2,36,impostor,8642.0
pooled_2x2,36,impostor,11780.0
pooled_2x2,36,impostor,19243.0
pooled_2x2,36,impostor,18626.0
pooled_2x2,36,impostor,19279.0
pooled_2x2,36,impostor,12936.0
pooled_2x2,36,impostor,6712.0
pooled_2x2,36,impostor,18778.0
pooled_2x2,36,impostor,13526.0
pooled_2x2,36,impostor,5849.0
pooled_2x2,36,impostor,4521.0
pooled_2x2,36,impostor,5242.0
pooled_2x2,36,impostor,2226.0
pooled_2x2,36,impostor,16507.0
pooled_2x2,36,impostor,16932.0
pooled_2x2,36,impostor,16520.0
pooled_2x2,36,impostor,12958.0
pooled_2x2,36,impostor,12222.0
pooled_2x2,36,impostor,13897.0
pooled_2x2,36,impostor,22240.0
pooled_2x2,36,impostor,12849.0
pooled_2x2,36,impostor,17744.0
pooled_2x2,36,impostor,11734.0
pooled_2x2,36,impostor,13830.0
pooled_2x2,36,impostor,9173.0
pooled_2x2,36,impostor,9262.0
pooled_2x2,36,impostor,12801.0
pooled_2x2,36,impostor,14748.0
pooled_2x2,36,impostor,14453.0
pooled_2x2,36,impostor,5076.0
pooled_2x2,36,impostor,15647.0
pooled_2x2,36,impostor,8142.0
pooled_2x2,36,impostor,3978.0
pooled_2x2,36,impostor,4938.0
pooled_2x2,36,impostor,4599.0
pooled_2x2,36,impostor,5130.0
pooled_2x2,36,impostor,3671.0
pooled_2x2,36,impostor,13526.0
pooled_2x2,36,impostor,11114.0
pooled_2x2,36,impostor,14298.0
pooled_2x2,36,impostor,10532.0
pooled_2x2,36,impostor,11129.0
pooled_2x2,36,impostor,13175.0
pooled_2x2,36,impostor,11856.0
pooled_2x2,36,impostor,12450.0
pooled_2x2,36,impostor,11751.0
pooled_2x2,36,impostor,11700.0
pooled_2x2,36,impostor,11874.0
pooled_2x2,36,impostor,10694.0
pooled_2x2,36,impostor,10702.0
pooled_2x2,36,impostor,9781.0
pooled_2x2,36,impostor,12296.0
pooled_2x2,36,impostor,7411.0
pooled_2x2,36,impostor,11883.0
pooled_2x2,36,impostor,14001.0
pooled_2x2,36,impostor,10329.0
pooled_2x2,36,impostor,11270.0
pooled_2x2,36,impostor,10123.0
pooled_2x2,36,impostor,15256.0
pooled_2x2,36,impostor,14115.0
pooled_2x2,36,impostor,15300.0
pooled_2x2,36,impostor,3095.0
pooled_2x2,36,impostor,4698.0
pooled_2x2,36,impostor,2233.0
pooled_2x2,36,impostor,7239.0
pooled_2x2,36,impostor,4823.0
pooled_2x2,36,impostor,2232.0
pooled_2x2,36,impostor,1991.0
pooled_2x2,36,impostor,1944.0
pooled_2x2,36,impostor,9851.0
pooled_2x2,36,impostor,12059.0
pooled_2x2,36,impostor,8141.0
pooled_2x2,36,impostor,8381.0
pooled_2x2,36,impostor,13938.0
pooled_2x2,36,impostor,13406.0
pooled_2x2,36,impostor,12931.0
pooled_2x2,36,impostor,14643.0
pooled_2x2,36,impostor,5172.0
pooled_2x2,36,impostor,4451.0
pooled_2x2,36,impostor,5067.0
pooled_2x2,36,impostor,5655.0
pooled_2x2,36,impostor,7355.0
pooled_2x2,36,impostor,5976.0
pooled_2x2,36,impostor,4123.0
pooled_2x2,36,impostor,3262.0
pooled_2x2,36,impostor,14670.0
pooled_2x2,36,impostor,11596.0
pooled_2x2,36,impostor,11778.0
pooled_2x2,36,impostor,8401.0
pooled_2x2,36,impostor,8380.0
pooled_2x2,36,impostor,13071.0
pooled_2x2,36,impostor,13640.0
pooled_2x2,36,impostor,13767.0
pooled_2x2,36,impostor,2476.0
pooled_2x2,36,impostor,10697.0
pooled_2x2,36,impostor,5064.0
pooled_2x2,36,impostor,4832.0
pooled_2x2,36,impostor,3394.0
pooled_2x2,36,impostor,2709.0
pooled_2x2,36,impostor,2336.0
pooled_2x2,36,impostor,1855.0
pooled_2x2,36,impostor,10146.0
pooled_2x2,36,impostor,9200.0
pooled_2x2,36,impostor,10072.0
pooled_2x2,36,impostor,7530.0
pooled_2x2,36,impostor,10021.0
pooled_2x2,36,impostor,12125.0
pooled_2x2,36,impostor,10406.0
pooled_2x2,36,impostor,12126.0
pooled_2x2,36,impostor,8117.0
pooled_2x2,36,impostor,7784.0
pooled_2x2,36,impostor,8348.0
pooled_2x2,36,impostor,8212.0
pooled_2x2,36,impostor,9238.0
pooled_2x2,36,impostor,8051.0
pooled_2x2,36,impostor,8532.0
pooled_2x2,36,impostor,4651.0
pooled_2x2,36,impostor,12510.0
pooled_2x2,36,impostor,9536.0
pooled_2x2,36,impostor,9556.0
pooled_2x2,36,impostor,7075.0
pooled_2x2,36,impostor,8320.0
pooled_2x2,36,impostor,11271.0
pooled_2x2,36,impostor,11462.0
pooled_2x2,36,impostor,11763.0
pooled_2x2,36,impostor,2268.0
pooled_2x2,36,impostor,11689.0
pooled_2x2,36,impostor,5776.0
pooled_2x2,36,impostor,3340.0
pooled_2x2,36,impostor,2784.0
pooled_2x2,36,impostor,3219.0
pooled_2x2,36,impostor,3026.0
pooled_2x2,36,impostor,2539.0
pooled_2x2,36,impostor,11056.0
pooled_2x2,36,impostor,8090.0
pooled_2x2,36,impostor,11470.0
pooled_2x2,36,impostor,8198.0
pooled_2x2,36,impostor,9201.0
pooled_2x2,36,impostor,11307.0
pooled_2x2,36,impostor,9536.0
pooled_2x2,36,impostor,10644.0
pooled_2x2,36,impostor,6783.0
pooled_2x2,36,impostor,6522.0
pooled_2x2,36,impostor,6976.0
pooled_2x2,36,impostor,6738.0
pooled_2x2,36,impostor,7610.0
pooled_2x2,36,impostor,6645.0
pooled_2x2,36,impostor,8028.0
pooled_2x2,36,impostor,4049.0
pooled_2x2,36,impostor,9694.0
pooled_2x2,36,impostor,9156.0
pooled_2x2,36,impostor,7478.0
pooled_2x2,36,impostor,7437.0
pooled_2x2,36,impostor,9076.0
pooled_2x2,36,impostor,10927.0
pooled_2x2,36,impostor,9690.0
pooled_2x2,36,impostor,10457.0
pooled_2x2,36,impostor,920.0
pooled_2x2,36,impostor,10025.0
pooled_2x2,36,impostor,5384.0
pooled_2x2,36,impostor,4558.0
pooled_2x2,36,impostor,1876.0
pooled_2x2,36,impostor,3551.0
pooled_2x2,36,impostor,2228.0
pooled_2x2,36,impostor,3025.0
pooled_2x2,36,impostor,9642.0
pooled_2x2,36,impostor,7130.0
pooled_2x2,36,impostor,10058.0
pooled_2x2,36,impostor,7690.0
pooled_2x2,36,impostor,8885.0
pooled_2x2,36,impostor,10045.0
pooled_2x2,36,impostor,8728.0
pooled_2x2,36,impostor,9664.0
pooled_2x2,36,impostor,5617.0
pooled_2x2,36,impostor,4988.0
pooled_2x2,36,impostor,5696.0
pooled_2x2,36,impostor,5816.0
pooled_2x2,36,impostor,7522.0
pooled_2x2,36,impostor,6579.0
pooled_2x2,36,impostor,6858.0
pooled_2x2,36,impostor,3171.0
pooled_2x2,36,impostor,15447.0
pooled_2x2,36,impostor,15007.0
pooled_2x2,36,impostor,13189.0
pooled_2x2,36,impostor,11436.0
pooled_2x2,36,impostor,9267.0
pooled_2x2,36,impostor,16204.0
pooled_2x2,36,impostor,16055.0
pooled_2x2,36,impostor,16686.0
pooled_2x2,36,impostor,2987.0
pooled_2x2,36,impostor,5764.0
pooled_2x2,36,impostor,2065.0
pooled_2x2,36,impostor,7369.0
pooled_2x2,36,impostor,5015.0
pooled_2x2,36,impostor,1406.0
pooled_2x2,36,impostor,1149.0
pooled_2x2,36,impostor,774.0
pooled_2x2,36,impostor,9771.0
pooled_2x2,36,impostor,12621.0
pooled_2x2,36,impostor,8329.0
pooled_2x2,36,impostor,7999.0
pooled_2x2,36,impostor,13836.0
pooled_2x2,36,impostor,14456.0
pooled_2x2,36,impostor,13291.0
pooled_2x2,36,impostor,15575.0
pooled_2x2,36,impostor,7476.0
pooled_2x2,36,impostor,6829.0
pooled_2x2,36,impostor,7459.0
pooled_2x2,36,impostor,7865.0
pooled_2x2,36,impostor,9477.0
pooled_2x2,36,impostor,7982.0
pooled_2x2,36,impostor,6165.0
pooled_2x2,36,impostor,4674.0
pooled_2x2,36,impostor,13378.0
pooled_2x2,36,impostor,6800.0
pooled_2x2,36,impostor,9692.0
pooled_2x2,36,impostor,6087.0
pooled_2x2,36,impostor,8546.0
pooled_2x2,36,impostor,8083.0
pooled_2x2,36,impostor,9302.0
pooled_2x2,36,impostor,8929.0
pooled_2x2,36,impostor,4756.0
pooled_2x2,36,impostor,20061.0
pooled_2x2,36,impostor,11920.0
pooled_2x2,36,impostor,2872.0
pooled_2x2,36,impostor,4050.0
pooled_2x2,36,impostor,7829.0
pooled_2x2,36,impostor,7372.0
pooled_2x2,36,impostor,6841.0
pooled_2x2,36,impostor,13374.0
pooled_2x2,36,impostor,6910.0
pooled_2x2,36,impostor,16088.0
pooled_2x2,36,impostor,10682.0
pooled_2x2,36,impostor,7373.0
pooled_2x2,36,impostor,9829.0
pooled_2x2,36,impostor,8226.0
pooled_2x2,36,impostor,7686.0
pooled_2x2,36,impostor,11193.0
pooled_2x2,36,impostor,11314.0
pooled_2x2,36,impostor,11430.0
pooled_2x2,36,impostor,9796.0
pooled_2x2,36,impostor,9768.0
pooled_2x2,36,impostor,9525.0
pooled_2x2,36,impostor,14376.0
pooled_2x2,36,impostor,7407.0
pooled_2x2,36,impostor,18143.0
pooled_2x2,36,impostor,16185.0
pooled_2x2,36,impostor,15413.0
pooled_2x2,36,impostor,11682.0
pooled_2x2,36,impostor,8143.0
pooled_2x2,36,impostor,16556.0
pooled_2x2,36,impostor,18045.0
pooled_2x2,36,impostor,18256.0
pooled_2x2,36,impostor,5947.0
pooled_2x2,36,impostor,4918.0
pooled_2x2,36,impostor,1813.0
pooled_2x2,36,impostor,8285.0
pooled_2x2,36,impostor,8289.0
pooled_2x2,36,impostor,1386.0
pooled_2x2,36,impostor,3143.0
pooled_2x2,36,impostor,1500.0
pooled_2x2,36,impostor,10697.0
pooled_2x2,36,impostor,15769.0
pooled_2x2,36,impostor,9003.0
pooled_2x2,36,impostor,8617.0
pooled_2x2,36,impostor,15652.0
pooled_2x2,36,impostor,15360.0
pooled_2x2,36,impostor,14591.0
pooled_2x2,36,impostor,17485.0
pooled_2x2,36,impostor,8870.0
pooled_2x2,36,impostor,8533.0
pooled_2x2,36,impostor,8699.0
pooled_2x2,36,impostor,8749.0
pooled_2x2,36,impostor,9777.0
pooled_2x2,36,impostor,8284.0
pooled_2x2,36,impostor,6213.0
pooled_2x2,36,impostor,6590.0
pooled_2x2,36,impostor,9568.0
pooled_2x2,36,impostor,15003.0
pooled_2x2,36,impostor,13450.0
pooled_2x2,36,impostor,8336.0
pooled_2x2,36,impostor,8904.0
pooled_2x2,36,impostor,13703.0
pooled_2x2,36,impostor,13726.0
pooled_2x2,36,impostor,15083.0
pooled_2x2,36,impostor,10266.0
pooled_2x2,36,impostor,6548.0
pooled_2x2,36,impostor,13364.0
pooled_2x2,36,impostor,10744.0
pooled_2x2,36,impostor,8379.0
pooled_2x2,36,impostor,6487.0
pooled_2x2,36,impostor,6436.0
pooled_2x2,36,impostor,5682.0
pooled_2x2,36,impostor,4491.0
pooled_2x2,36,impostor,4504.0
pooled_2x2,36,impostor,4428.0
pooled_2x2,36,impostor,3596.0
pooled_2x2,36,impostor,4276.0
pooled_2x2,36,impostor,5161.0
pooled_2x2,36,impostor,8668.0
pooled_2x2,36,impostor,5723.0
pooled_2x2,36,impostor,7736.0
pooled_2x2,36,impostor,20997.0
pooled_2x2,36,impostor,15950.0
pooled_2x2,36,impostor,5530.0
pooled_2x2,36,impostor,7724.0
pooled_2x2,36,impostor,13785.0
pooled_2x2,36,impostor,13356.0
pooled_2x2,36,impostor,13775.0
pooled_2x2,36,impostor,9238.0
pooled_2x2,36,impostor,2980.0
pooled_2x2,36,impostor,13846.0
pooled_2x2,36,impostor,8224.0
pooled_2x2,36,impostor,3141.0
pooled_2x2,36,impostor,3729.0
pooled_2x2,36,impostor,2574.0
pooled_2x2,36,impostor,1856.0
pooled_2x2,36,impostor,8423.0
pooled_2x2,36,impostor,8720.0
pooled_2x2,36,impostor,8714.0
pooled_2x2,36,impostor,6810.0
pooled_2x2,36,impostor,7186.0
pooled_2x2,36,impostor,8211.0
pooled_2x2,36,impostor,14378.0
pooled_2x2,36,impostor,7807.0
pooled_2x2,36,impostor,7004.0
pooled_2x2,36,impostor,15197.0
pooled_2x2,36,impostor,12128.0
pooled_2x2,36,impostor,5286.0
pooled_2x2,36,impostor,6646.0
pooled_2x2,36,impostor,11387.0
pooled_2x2,36,impostor,11384.0
pooled_2x2,36,impostor,12265.0
pooled_2x2,36,impostor,10196.0
pooled_2x2,36,impostor,5272.0
pooled_2x2,36,impostor,13434.0
pooled_2x2,36,impostor,9880.0
pooled_2x2,36,impostor,6785.0
pooled_2x2,36,impostor,5527.0
pooled_2x2,36,impostor,5224.0
pooled_2x2,36,impostor,4176.0
pooled_2x2,36,impostor,4153.0
pooled_2x2,36,impostor,4172.0
pooled_2x2,36,impostor,4068.0
pooled_2x2,36,impostor,2896.0
pooled_2x2,36,impostor,3580.0
pooled_2x2,36,impostor,4367.0
pooled_2x2,36,impostor,8476.0
pooled_2x2,36,impostor,4925.0
pooled_2x2,36,impostor,6619.0
pooled_2x2,36,impostor,16826.0
pooled_2x2,36,impostor,12989.0
pooled_2x2,36,impostor,6547.0
pooled_2x2,36,impostor,8155.0
pooled_2x2,36,impostor,11302.0
pooled_2x2,36,impostor,11395.0
pooled_2x2,36,impostor,11118.0
pooled_2x2,36,impostor,6065.0
pooled_2x2,36,impostor,2345.0
pooled_2x2,36,impostor,8993.0
pooled_2x2,36,impostor,4001.0
pooled_2x2,36,impostor,1926.0
pooled_2x2,36,impostor,3540.0
pooled_2x2,36,impostor,1559.0
pooled_2x2,36,impostor,3237.0
pooled_2x2,36,impostor,6852.0
pooled_2x2,36,impostor,7263.0
pooled_2x2,36,impostor,7557.0
pooled_2x2,36,impostor,6709.0
pooled_2x2,36,impostor,7405.0
pooled_2x2,36,impostor,7742.0
pooled_2x2,36,impostor,12239.0
pooled_2x2,36,impostor,6522.0
pooled_2x2,36,impostor,7994.0
pooled_2x2,36,impostor,13149.0
pooled_2x2,36,impostor,10134.0
pooled_2x2,36,impostor,8094.0
pooled_2x2,36,impostor,10130.0
pooled_2x2,36,impostor,9439.0
pooled_2x2,36,impostor,10246.0
pooled_2x2,36,impostor,8943.0
pooled_2x2,36,impostor,3382.0
pooled_2x2,36,impostor,5180.0
pooled_2x2,36,impostor,4814.0
pooled_2x2,36,impostor,2192.0
pooled_2x2,36,impostor,4059.0
pooled_2x2,36,impostor,4473.0
pooled_2x2,36,impostor,3424.0
pooled_2x2,36,impostor,5604.0
pooled_2x2,36,impostor,7987.0
pooled_2x2,36,impostor,8578.0
pooled_2x2,36,impostor,8754.0
pooled_2x2,36,impostor,7708.0
pooled_2x2,36,impostor,7920.0
pooled_2x2,36,impostor,8003.0
pooled_2x2,36,impostor,11824.0
pooled_2x2,36,impostor,6719.0
pooled_2x2,36,impostor,9481.0
pooled_2x2,36,impostor,21786.0
pooled_2x2,36,impostor,17023.0
pooled_2x2,36,impostor,6741.0
pooled_2x2,36,impostor,9679.0
pooled_2x2,36,impostor,14936.0
pooled_2x2,36,impostor,14907.0
pooled_2x2,36,impostor,14898.0
pooled_2x2,36,impostor,8297.0
pooled_2x2,36,impostor,3509.0
pooled_2x2,36,impostor,12771.0
pooled_2x2,36,impostor,7683.0
pooled_2x2,36,impostor,3014.0
pooled_2x2,36,impostor,2838.0
pooled_2x2,36,impostor,2301.0
pooled_2x2,36,impostor,1601.0
pooled_2x2,36,impostor,10074.0
pooled_2x2,36,impostor,10515.0
pooled_2x2,36,impostor,10407.0
pooled_2x2,36,impostor,8121.0
pooled_2x2,36,impostor,8143.0
pooled_2x2,36,impostor,9206.0
pooled_2x2,36,impostor,15841.0
pooled_2x2,36,impostor,8822.0
pooled_2x2,36,impostor,8186.0
pooled_2x2,36,impostor,20901.0
pooled_2x2,36,impostor,16490.0
pooled_2x2,36,impostor,6744.0
pooled_2x2,36,impostor,8342.0
pooled_2x2,36,impostor,14923.0
pooled_2x2,36,impostor,14070.0
pooled_2x2,36,impostor,15055.0
pooled_2x2,36,impostor,10232.0
pooled_2x2,36,impostor,3708.0
pooled_2x2,36,impostor,15030.0
pooled_2x2,36,impostor,9748.0
pooled_2x2,36,impostor,4641.0
pooled_2x2,36,impostor,4665.0
pooled_2x2,36,impostor,3638.0
pooled_2x2,36,impostor,2584.0
pooled_2x2,36,impostor,8299.0
pooled_2x2,36,impostor,8410.0
pooled_2x2,36,impostor,8444.0
pooled_2x2,36,impostor,6694.0
pooled_2x2,36,impostor,7554.0
pooled_2x2,36,impostor,8621.0
pooled_2x2,36,impostor,14252.0
pooled_2x2,36,impostor,8453.0
pooled_2x2,36,impostor,8757.0
pooled_2x2,36,impostor,22436.0
pooled_2x2,36,impostor,17727.0
pooled_2x2,36,impostor,7403.0
pooled_2x2,36,impostor,9083.0
pooled_2x2,36,impostor,15772.0
pooled_2x2,36,impostor,14883.0
pooled_2x2,36,impostor,15756.0
pooled_2x2,36,impostor,9545.0
pooled_2x2,36,impostor,3139.0
pooled_2x2,36,impostor,14585.0
pooled_2x2,36,impostor,8921.0
pooled_2x2,36,impostor,3498.0
pooled_2x2,36,impostor,3986.0
pooled_2x2,36,impostor,2769.0
pooled_2x2,36,impostor,2055.0
pooled_2x2,36,impostor,9790.0
pooled_2x2,36,impostor,9993.0
pooled_2x2,36,impostor,10061.0
pooled_2x2,36,impostor,8139.0
pooled_2x2,36,impostor,8873.0
pooled_2x2,36,impostor,10024.0
pooled_2x2,36,impostor,16017.0
pooled_2x2,36,impostor,9324.0
pooled_2x2,36,impostor,9204.0
pooled_2x2,36,impostor,6876.0
pooled_2x2,36,impostor,10766.0
pooled_2x2,36,impostor,7782.0
pooled_2x2,36,impostor,8293.0
pooled_2x2,36,impostor,9661.0
pooled_2x2,36,impostor,7986.0
pooled_2x2,36,impostor,8652.0
pooled_2x2,36,impostor,6377.0
pooled_2x2,36,impostor,5676.0
pooled_2x2,36,impostor,6362.0
pooled_2x2,36,impostor,5974.0
pooled_2x2,36,impostor,7896.0
pooled_2x2,36,impostor,7291.0
pooled_2x2,36,impostor,7854.0
pooled_2x2,36,impostor,3981.0
pooled_2x2,36,impostor,12189.0
pooled_2x2,36,impostor,20407.0
pooled_2x2,36,impostor,9167.0
pooled_2x2,36,impostor,11673.0
pooled_2x2,36,impostor,21816.0
pooled_2x2,36,impostor,19060.0
pooled_2x2,36,impostor,19127.0
pooled_2x2,36,impostor,22591.0
pooled_2x2,36,impostor,6146.0
pooled_2x2,36,impostor,5637.0
pooled_2x2,36,impostor,5769.0
pooled_2x2,36,impostor,7055.0
pooled_2x2,36,impostor,8533.0
pooled_2x2,36,impostor,7022.0
pooled_2x2,36,impostor,2223.0
pooled_2x2,36,impostor,6986.0
pooled_2x2,36,impostor,11560.0
pooled_2x2,36,impostor,16192.0
pooled_2x2,36,impostor,9802.0
pooled_2x2,36,impostor,10458.0
pooled_2x2,36,impostor,17639.0
pooled_2x2,36,impostor,15993.0
pooled_2x2,36,impostor,15774.0
pooled_2x2,36,impostor,17562.0
pooled_2x2,36,impostor,5185.0
pooled_2x2,36,impostor,4712.0
pooled_2x2,36,impostor,4718.0
pooled_2x2,36,impostor,5026.0
pooled_2x2,36,impostor,6178.0
pooled_2x2,36,impostor,4947.0
pooled_2x2,36,impostor,2408.0
pooled_2x2,36,impostor,4491.0
pooled_2x2,36,impostor,13688.0
pooled_2x2,36,impostor,8686.0
pooled_2x2,36,impostor,15944.0
pooled_2x2,36,impostor,12048.0
pooled_2x2,36,impostor,10009.0
pooled_2x2,36,impostor,9879.0
pooled_2x2,36,impostor,9560.0
pooled_2x2,36,impostor,7540.0
pooled_2x2,36,impostor,6487.0
pooled_2x2,36,impostor,6484.0
pooled_2x2,36,impostor,6108.0
pooled_2x2,36,impostor,4154.0
pooled_2x2,36,impostor,3934.0
pooled_2x2,36,impostor,4065.0
pooled_2x2,36,impostor,8356.0
pooled_2x2,36,impostor,4699.0
pooled_2x2,36,impostor,11040.0
pooled_2x2,36,impostor,7854.0
pooled_2x2,36,impostor,13436.0
pooled_2x2,36,impostor,10578.0
pooled_2x2,36,impostor,9065.0
pooled_2x2,36,impostor,9275.0
pooled_2x2,36,impostor,8766.0
pooled_2x2,36,impostor,7576.0
pooled_2x2,36,impostor,7625.0
pooled_2x2,36,impostor,6940.0
pooled_2x2,36,impostor,7352.0
pooled_2x2,36,impostor,5998.0
pooled_2x2,36,impostor,7044.0
pooled_2x2,36,impostor,6815.0
pooled_2x2,36,impostor,8750.0
pooled_2x2,36,impostor,3681.0
pooled_2x2,36,impostor,11401.0
pooled_2x2,36,impostor,13947.0
pooled_2x2,36,impostor,10605.0
pooled_2x2,36,impostor,10125.0
pooled_2x2,36,impostor,14962.0
pooled_2x2,36,impostor,14110.0
pooled_2x2,36,impostor,13757.0
pooled_2x2,36,impostor,14781.0
pooled_2x2,36,impostor,6206.0
pooled_2x2,36,impostor,5723.0
pooled_2x2,36,impostor,5751.0
pooled_2x2,36,impostor,5375.0
pooled_2x2,36,impostor,6245.0
pooled_2x2,36,impostor,5172.0
pooled_2x2,36,impostor,3863.0
pooled_2x2,36,impostor,3816.0
pooled_2x2,36,impostor,10628.0
pooled_2x2,36,impostor,12284.0
pooled_2x2,36,impostor,10710.0
pooled_2x2,36,impostor,9894.0
pooled_2x2,36,impostor,13409.0
pooled_2x2,36,impostor,13281.0
pooled_2x2,36,impostor,12634.0
pooled_2x2,36,impostor,13366.0
pooled_2x2,36,impostor,7787.0
pooled_2x2,36,impostor,6978.0
pooled_2x2,36,impostor,7464.0
pooled_2x2,36,impostor,7058.0
pooled_2x2,36,impostor,8604.0
pooled_2x2,36,impostor,7593.0
pooled_2x2,36,impostor,6476.0
pooled_2x2,36,impostor,4045.0
pooled_2x2,36,impostor,11411.0
pooled_2x2,36,impostor,13367.0
pooled_2x2,36,impostor,10577.0
pooled_2x2,36,impostor,9707.0
pooled_2x2,36,impostor,14568.0
pooled_2x2,36,impostor,14612.0
pooled_2x2,36,impostor,13891.0
pooled_2x2,36,impostor,14925.0
pooled_2x2,36,impostor,7206.0
pooled_2x2,36,impostor,6723.0
pooled_2x2,36,impostor,6949.0
pooled_2x2,36,impostor,6593.0
pooled_2x2,36,impostor,7677.0
pooled_2x2,36,impostor,6506.0
pooled_2x2,36,impostor,5869.0
pooled_2x2,36,impostor,4578.0
pooled_2x2,36,impostor,10379.0
pooled_2x2,36,impostor,10468.0
pooled_2x2,36,impostor,11238.0
pooled_2x2,36,impostor,10636.0
pooled_2x2,36,impostor,11338.0
pooled_2x2,36,impostor,11149.0
pooled_2x2,36,impostor,12668.0
pooled_2x2,36,impostor,6599.0
pooled_2x2,36,impostor,9369.0
pooled_2x2,36,impostor,9586.0
pooled_2x2,36,impostor,10338.0
pooled_2x2,36,impostor,9476.0
pooled_2x2,36,impostor,10396.0
pooled_2x2,36,impostor,10809.0
pooled_2x2,36,impostor,15618.0
pooled_2x2,36,impostor,7361.0
pooled_2x2,36,impostor,10025.0
pooled_2x2,36,impostor,10128.0
pooled_2x2,36,impostor,10984.0
pooled_2x2,36,impostor,11264.0
pooled_2x2,36,impostor,12022.0
pooled_2x2,36,impostor,11221.0
pooled_2x2,36,impostor,11136.0
pooled_2x2,36,impostor,6795.0
pooled_2x2,36,impostor,8699.0
pooled_2x2,36,impostor,8918.0
pooled_2x2,36,impostor,9762.0
pooled_2x2,36,impostor,9862.0
pooled_2x2,36,impostor,10858.0
pooled_2x2,36,impostor,10359.0
pooled_2x2,36,impostor,11720.0
pooled_2x2,36,impostor,6427.0
pooled_2x2,36,impostor,11826.0
pooled_2x2,36,impostor,12075.0
pooled_2x2,36,impostor,12791.0
pooled_2x2,36,impostor,11485.0
pooled_2x2,36,impostor,12037.0
pooled_2x2,36,impostor,12496.0
pooled_2x2,36,impostor,17573.0
pooled_2x2,36,impostor,8314.0
pooled_2x2,36,impostor,11084.0
pooled_2x2,36,impostor,11175.0
pooled_2x2,36,impostor,11485.0
pooled_2x2,36,impostor,9455.0
pooled_2x2,36,impostor,9343.0
pooled_2x2,36,impostor,10022.0
pooled_2x2,36,impostor,14923.0
pooled_2x2,36,impostor,6404.0
pooled_2x2,36,impostor,9959.0
pooled_2x2,36,impostor,10164.0
pooled_2x2,36,impostor,10718.0
pooled_2x2,36,impostor,9422.0
pooled_2x2,36,impostor,9972.0
pooled_2x2,36,impostor,10495.0
pooled_2x2,36,impostor,15052.0
pooled_2x2,36,impostor,6947.0
pooled_2x2,36,impostor,11389.0
pooled_2x2,36,impostor,11580.0
pooled_2x2,36,impostor,11764.0
pooled_2x2,36,impostor,9294.0
pooled_2x2,36,impostor,9174.0
pooled_2x2,36,impostor,10229.0
pooled_2x2,36,impostor,16710.0
pooled_2x2,36,impostor,7347.0
pooled_3x3,81,genuine,2540.0
pooled_3x3,81,genuine,2180.0
pooled_3x3,81,genuine,19350.0
pooled_3x3,81,genuine,2220.0
pooled_3x3,81,genuine,4441.0
pooled_3x3,81,genuine,13195.0
pooled_3x3,81,genuine,2072.0
pooled_3x3,81,genuine,7298.0
pooled_3x3,81,genuine,15194.0
pooled_3x3,81,genuine,3730.0
pooled_3x3,81,genuine,5963.0
pooled_3x3,81,genuine,13571.0
pooled_3x3,81,genuine,6090.0
pooled_3x3,81,genuine,24216.0
pooled_3x3,81,genuine,3294.0
pooled_3x3,81,genuine,5091.0
pooled_3x3,81,genuine,11409.0
pooled_3x3,81,genuine,1980.0
pooled_3x3,81,genuine,26052.0
pooled_3x3,81,genuine,31553.0
pooled_3x3,81,genuine,37631.0
pooled_3x3,81,genuine,29050.0
pooled_3x3,81,genuine,957.0
pooled_3x3,81,genuine,7207.0
pooled_3x3,81,genuine,1220.0
pooled_3x3,81,genuine,5228.0
pooled_3x3,81,genuine,1747.0
pooled_3x3,81,genuine,9465.0
pooled_3x3,81,genuine,9510.0
pooled_3x3,81,genuine,31572.0
pooled_3x3,81,genuine,11043.0
pooled_3x3,81,genuine,3984.0
pooled_3x3,81,genuine,11101.0
pooled_3x3,81,genuine,9658.0
pooled_3x3,81,genuine,9371.0
pooled_3x3,81,genuine,23864.0
pooled_3x3,81,genuine,8097.0
pooled_3x3,81,genuine,6084.0
pooled_3x3,81,genuine,1313.0
pooled_3x3,81,genuine,8812.0
pooled_3x3,81,genuine,1621.0
pooled_3x3,81,genuine,40233.0
pooled_3x3,81,genuine,21702.0
pooled_3x3,81,genuine,18591.0
pooled_3x3,81,genuine,17646.0
pooled_3x3,81,genuine,29521.0
pooled_3x3,81,genuine,10541.0
pooled_3x3,81,genuine,13210.0
pooled_3x3,81,genuine,18365.0
pooled_3x3,81,genuine,3952.0
pooled_3x3,81,genuine,7317.0
pooled_3x3,81,genuine,2500.0
pooled_3x3,81,genuine,5389.0
pooled_3x3,81,genuine,9549.0
pooled_3x3,81,genuine,4648.0
pooled_3x3,81,genuine,9245.0
pooled_3x3,81,genuine,9834.0
pooled_3x3,81,genuine,2634.0
pooled_3x3,81,genuine,2146.0
pooled_3x3,81,genuine,6436.0
pooled_3x3,81,genuine,11236.0
pooled_3x3,81,genuine,13386.0
pooled_3x3,81,genuine,1163.0
pooled_3x3,81,genuine,5978.0
pooled_3x3,81,genuine,4510.0
pooled_3x3,81,genuine,13586.0
pooled_3x3,81,genuine,16116.0
pooled_3x3,81,genuine,20628.0
pooled_3x3,81,genuine,15145.0
pooled_3x3,81,genuine,908.0
pooled_3x3,81,genuine,5760.0
pooled_3x3,81,genuine,10410.0
pooled_3x3,81,genuine,13562.0
pooled_3x3,81,genuine,4653.0
pooled_3x3,81,genuine,8072.0
pooled_3x3,81,genuine,13250.0
pooled_3x3,81,genuine,16578.0
pooled_3x3,81,genuine,4837.0
pooled_3x3,81,genuine,1432.0
pooled_3x3,81,genuine,2434.0
pooled_3x3,81,genuine,7111.0
pooled_3x3,81,genuine,824.0
pooled_3x3,81,genuine,12101.0
pooled_3x3,81,genuine,13807.0
pooled_3x3,81,genuine,779.0
pooled_3x3,81,genuine,2604.0
pooled_3x3,81,genuine,970.0
pooled_3x3,81,genuine,2366.0
pooled_3x3,81,genuine,6768.0
pooled_3x3,81,genuine,6144.0
pooled_3x3,81,genuine,8567.0
pooled_3x3,81,genuine,3993.0
pooled_3x3,81,genuine,563.0
pooled_3x3,81,genuine,2227.0
pooled_3x3,81,genuine,4893.0
pooled_3x3,81,genuine,4383.0
pooled_3x3,81,genuine,7904.0
pooled_3x3,81,genuine,4548.0
pooled_3x3,81,genuine,4350.0
pooled_3x3,81,genuine,10782.0
pooled_3x3,81,genuine,13840.0
pooled_3x3,81,genuine,13413.0
pooled_3x3,81,genuine,2678.0
pooled_3x3,81,genuine,6122.0
pooled_3x3,81,genuine,3972.0
pooled_3x3,81,genuine,5159.0
pooled_3x3,81,genuine,2834.0
pooled_3x3,81,genuine,6106.0
pooled_3x3,81,genuine,10893.0
pooled_3x3,81,genuine,4618.0
pooled_3x3,81,genuine,15197.0
pooled_3x3,81,genuine,7319.0
pooled_3x3,81,genuine,9734.0
pooled_3x3,81,genuine,1687.0
pooled_3x3,81,genuine,30844.0
pooled_3x3,81,genuine,37373.0
pooled_3x3,81,genuine,13509.0
pooled_3x3,81,genuine,17019.0
pooled_3x3,81,genuine,31441.0
pooled_3x3,81,genuine,15885.0
pooled_3x3,81,genuine,15792.0
pooled_3x3,81,genuine,17707.0
pooled_3x3,81,genuine,1625.0
pooled_3x3,81,genuine,2025.0
pooled_3x3,81,genuine,11907.0
pooled_3x3,81,genuine,33825.0
pooled_3x3,81,genuine,41764.0
pooled_3x3,81,genuine,20568.0
pooled_3x3,81,genuine,24160.0
pooled_3x3,81,genuine,36734.0
pooled_3x3,81,genuine,6683.0
pooled_3x3,81,genuine,17237.0
pooled_3x3,81,genuine,14615.0
pooled_3x3,81,genuine,3459.0
pooled_3x3,81,genuine,18130.0
pooled_3x3,81,genuine,13134.0
pooled_3x3,81,genuine,3374.0
pooled_3x3,81,genuine,2336.0
pooled_3x3,81,genuine,11610.0
pooled_3x3,81,genuine,8386.0
pooled_3x3,81,genuine,8337.0
pooled_3x3,81,genuine,1710.0
pooled_3x3,81,genuine,1898.0
pooled_3x3,81,genuine,6342.0
pooled_3x3,81,genuine,5950.0
pooled_3x3,81,genuine,3413.0
pooled_3x3,81,genuine,6412.0
pooled_3x3,81,genuine,3667.0
pooled_3x3,81,genuine,4695.0
pooled_3x3,81,genuine,2565.0
pooled_3x3,81,genuine,1379.0
pooled_3x3,81,genuine,12640.0
pooled_3x3,81,genuine,9485.0
pooled_3x3,81,genuine,722.0
pooled_3x3,81,genuine,2632.0
pooled_3x3,81,genuine,2208.0
pooled_3x3,81,genuine,5345.0
pooled_3x3,81,genuine,6602.0
pooled_3x3,81,genuine,2684.0
pooled_3x3,81,genuine,3482.0
pooled_3x3,81,genuine,3717.0
pooled_3x3,81,genuine,7486.0
pooled_3x3,81,genuine,3294.0
pooled_3x3,81,genuine,7803.0
pooled_3x3,81,genuine,11882.0
pooled_3x3,81,genuine,10875.0
pooled_3x3,81,genuine,7050.0
pooled_3x3,81,genuine,13183.0
pooled_3x3,81,genuine,6368.0
pooled_3x3,81,genuine,1696.0
pooled_3x3,81,genuine,9647.0
pooled_3x3,81,genuine,17183.0
pooled_3x3,81,genuine,8989.0
pooled_3x3,81,genuine,4882.0
pooled_3x3,81,genuine,6347.0
pooled_3x3,81,genuine,3704.0
pooled_3x3,81,genuine,2819.0
pooled_3x3,81,genuine,10633.0
pooled_3x3,81,genuine,1679.0
pooled_3x3,81,genuine,1102.0
pooled_3x3,81,genuine,741.0
pooled_3x3,81,genuine,7879.0
pooled_3x3,81,genuine,14647.0
pooled_3x3,81,genuine,5745.0
pooled_3x3,81,genuine,2170.0
pooled_3x3,81,genuine,3633.0
pooled_3x3,81,genuine,5484.0
pooled_3x3,81,genuine,3774.0
pooled_3x3,81,genuine,5545.0
pooled_3x3,81,genuine,4196.0
pooled_3x3,81,genuine,7632.0
pooled_3x3,81,genuine,12653.0
pooled_3x3,81,genuine,11222.0
pooled_3x3,81,genuine,1971.0
pooled_3x3,81,genuine,1132.0
pooled_3x3,81,genuine,495.0
pooled_3x3,81,genuine,15899.0
pooled_3x3,81,genuine,8837.0
pooled_3x3,81,genuine,7761.0
pooled_3x3,81,genuine,1341.0
pooled_3x3,81,genuine,6723.0
pooled_3x3,81,genuine,2595.0
pooled_3x3,81,genuine,4263.0
pooled_3x3,81,genuine,3470.0
pooled_3x3,81,genuine,16924.0
pooled_3x3,81,genuine,16166.0
pooled_3x3,81,genuine,8950.0
pooled_3x3,81,genuine,12634.0
pooled_3x3,81,genuine,10530.0
pooled_3x3,81,genuine,8708.0
pooled_3x3,81,genuine,8704.0
pooled_3x3,81,genuine,2018.0
pooled_3x3,81,genuine,4922.0
pooled_3x3,81,genuine,3072.0
pooled_3x3,81,genuine,5504.0
pooled_3x3,81,genuine,6644.0
pooled_3x3,81,genuine,8310.0
pooled_3x3,81,genuine,5738.0
pooled_3x3,81,genuine,6742.0
pooled_3x3,81,genuine,3784.0
pooled_3x3,81,genuine,4546.0
pooled_3x3,81,genuine,2574.0
pooled_3x3,81,genuine,1334.0
pooled_3x3,81,genuine,2086.0
pooled_3x3,81,genuine,8291.0
pooled_3x3,81,genuine,2804.0
pooled_3x3,81,genuine,2398.0
pooled_3x3,81,genuine,6661.0
pooled_3x3,81,genuine,5023.0
pooled_3x3,81,genuine,6182.0
pooled_3x3,81,genuine,8911.0
pooled_3x3,81,genuine,12105.0
pooled_3x3,81,genuine,7099.0
pooled_3x3,81,genuine,1194.0
pooled_3x3,81,genuine,4396.0
pooled_3x3,81,genuine,1771.0
pooled_3x3,81,genuine,3632.0
pooled_3x3,81,genuine,2348.0
pooled_3x3,81,genuine,11803.0
pooled_3x3,81,genuine,10157.0
pooled_3x3,81,genuine,11156.0
pooled_3x3,81,genuine,15329.0
pooled_3x3,81,genuine,6285.0
pooled_3x3,81,genuine,6727.0
pooled_3x3,81,genuine,5952.0
pooled_3x3,81,genuine,10899.0
pooled_3x3,81,genuine,2686.0
pooled_3x3,81,genuine,585.0
pooled_3x3,81,genuine,2750.0
pooled_3x3,81,genuine,1673.0
pooled_3x3,81,genuine,2716.0
pooled_3x3,81,genuine,2527.0
pooled_3x3,81,genuine,363.0
pooled_3x3,81,genuine,264.0
pooled_3x3,81,genuine,1496.0
pooled_3x3,81,genuine,2771.0
pooled_3x3,81,genuine,2494.0
pooled_3x3,81,genuine,3784.0
pooled_3x3,81,genuine,3556.0
pooled_3x3,81,genuine,299.0
pooled_3x3,81,genuine,1521.0
pooled_3x3,81,genuine,3122.0
pooled_3x3,81,genuine,2663.0
pooled_3x3,81,genuine,3151.0
pooled_3x3,81,genuine,2973.0
pooled_3x3,81,genuine,1042.0
pooled_3x3,81,genuine,2363.0
pooled_3x3,81,genuine,2066.0
pooled_3x3,81,genuine,2942.0
pooled_3x3,81,genuine,3484.0
pooled_3x3,81,genuine,665.0
pooled_3x3,81,genuine,666.0
pooled_3x3,81,genuine,3214.0
pooled_3x3,81,genuine,2638.0
pooled_3x3,81,genuine,361.0
pooled_3x3,81,genuine,4157.0
pooled_3x3,81,genuine,3067.0
pooled_3x3,81,genuine,2828.0
pooled_3x3,81,genuine,2424.0
pooled_3x3,81,genuine,3634.0
pooled_3x3,81,impostor,47197.0
pooled_3x3,81,impostor,43779.0
pooled_3x3,81,impostor,25705.0
pooled_3x3,81,impostor,50534.0
pooled_3x3,81,impostor,39761.0
pooled_3x3,81,impostor,39006.0
pooled_3x3,81,impostor,40027.0
pooled_3x3,81,impostor,46020.0
pooled_3x3,81,impostor,30365.0
pooled_3x3,81,impostor,34189.0
pooled_3x3,81,impostor,32317.0
pooled_3x3,81,impostor,31827.0
pooled_3x3,81,impostor,41043.0
pooled_3x3,81,impostor,44219.0
pooled_3x3,81,impostor,48359.0
pooled_3x3,81,impostor,32222.0
pooled_3x3,81,impostor,25921.0
pooled_3x3,81,impostor,25430.0
pooled_3x3,81,impostor,33805.0
pooled_3x3,81,impostor,24073.0
pooled_3x3,81,impostor,23549.0
pooled_3x3,81,impostor,23637.0
pooled_3x3,81,impostor,17521.0
pooled_3x3,81,impostor,23440.0
pooled_3x3,81,impostor,43566.0
pooled_3x3,81,impostor,35334.0
pooled_3x3,81,impostor,44211.0
pooled_3x3,81,impostor,10178.0
pooled_3x3,81,impostor,21131.0
pooled_3x3,81,impostor,38749.0
pooled_3x3,81,impostor,35831.0
pooled_3x3,81,impostor,18947.0
pooled_3x3,81,impostor,34252.0
pooled_3x3,81,impostor,36241.0
pooled_3x3,81,impostor,35262.0
pooled_3x3,81,impostor,30668.0
pooled_3x3,81,impostor,32768.0
pooled_3x3,81,impostor,37234.0
pooled_3x3,81,impostor,26623.0
pooled_3x3,81,impostor,42922.0
pooled_3x3,81,impostor,13605.0
pooled_3x3,81,impostor,21897.0
pooled_3x3,81,impostor,12609.0
pooled_3x3,81,impostor,30532.0
pooled_3x3,81,impostor,35444.0
pooled_3x3,81,impostor,22358.0
pooled_3x3,81,impostor,18263.0
pooled_3x3,81,impostor,20928.0
pooled_3x3,81,impostor,30817.0
pooled_3x3,81,impostor,36358.0
pooled_3x3,81,impostor,30914.0
pooled_3x3,81,impostor,18764.0
pooled_3x3,81,impostor,24390.0
pooled_3x3,81,impostor,31746.0
pooled_3x3,81,impostor,32086.0
pooled_3x3,81,impostor,33982.0
pooled_3x3,81,impostor,36476.0
pooled_3x3,81,impostor,28773.0
pooled_3x3,81,impostor,40338.0
pooled_3x3,81,impostor,40294.0
pooled_3x3,81,impostor,31077.0
pooled_3x3,81,impostor,25673.0
pooled_3x3,81,impostor,28378.0
pooled_3x3,81,impostor,21153.0
pooled_3x3,81,impostor,22053.0
pooled_3x3,81,impostor,21902.0
pooled_3x3,81,impostor,20613.0
pooled_3x3,81,impostor,15963.0
pooled_3x3,81,impostor,14292.0
pooled_3x3,81,impostor,16847.0
pooled_3x3,81,impostor,24745.0
pooled_3x3,81,impostor,20153.0
pooled_3x3,81,impostor,49217.0
pooled_3x3,81,impostor,44517.0
pooled_3x3,81,impostor,21793.0
pooled_3x3,81,impostor,52106.0
pooled_3x3,81,impostor,40269.0
pooled_3x3,81,impostor,39588.0
pooled_3x3,81,impostor,39301.0
pooled_3x3,81,impostor,46996.0
pooled_3x3,81,impostor,28105.0
pooled_3x3,81,impostor,31499.0
pooled_3x3,81,impostor,30523.0
pooled_3x3,81,impostor,29241.0
pooled_3x3,81,impostor,41481.0
pooled_3x3,81,impostor,45205.0
pooled_3x3,81,impostor,49313.0
pooled_3x3,81,impostor,30726.0
pooled_3x3,81,impostor,20437.0
pooled_3x3,81,impostor,18814.0
pooled_3x3,81,impostor,28889.0
pooled_3x3,81,impostor,18377.0
pooled_3x3,81,impostor,18403.0
pooled_3x3,81,impostor,17365.0
pooled_3x3,81,impostor,12215.0
pooled_3x3,81,impostor,20522.0
pooled_3x3,81,impostor,40980.0
pooled_3x3,81,impostor,31254.0
pooled_3x3,81,impostor,42037.0
pooled_3x3,81,impostor,8142.0
pooled_3x3,81,impostor,19613.0
pooled_3x3,81,impostor,33337.0
pooled_3x3,81,impostor,31427.0
pooled_3x3,81,impostor,15331.0
pooled_3x3,81,impostor,29630.0
pooled_3x3,81,impostor,35277.0
pooled_3x3,81,impostor,31856.0
pooled_3x3,81,impostor,27428.0
pooled_3x3,81,impostor,30624.0
pooled_3x3,81,impostor,36022.0
pooled_3x3,81,impostor,21253.0
pooled_3x3,81,impostor,40374.0
pooled_3x3,81,impostor,11939.0
pooled_3x3,81,impostor,17891.0
pooled_3x3,81,impostor,11317.0
pooled_3x3,81,impostor,25802.0
pooled_3x3,81,impostor,31980.0
pooled_3x3,81,impostor,19202.0
pooled_3x3,81,impostor,15523.0
pooled_3x3,81,impostor,17666.0
pooled_3x3,81,impostor,27995.0
pooled_3x3,81,impostor,37236.0
pooled_3x3,81,impostor,30838.0
pooled_3x3,81,impostor,16306.0
pooled_3x3,81,impostor,20906.0
pooled_3x3,81,impostor,30876.0
pooled_3x3,81,impostor,30690.0
pooled_3x3,81,impostor,31730.0
pooled_3x3,81,impostor,32554.0
pooled_3x3,81,impostor,22897.0
pooled_3x3,81,impostor,36476.0
pooled_3x3,81,impostor,35628.0
pooled_3x3,81,impostor,25155.0
pooled_3x3,81,impostor,21573.0
pooled_3x3,81,impostor,23242.0
pooled_3x3,81,impostor,16741.0
pooled_3x3,81,impostor,21567.0
pooled_3x3,81,impostor,21900.0
pooled_3x3,81,impostor,20861.0
pooled_3x3,81,impostor,16629.0
pooled_3x3,81,impostor,14758.0
pooled_3x3,81,impostor,17429.0
pooled_3x3,81,impostor,26645.0
pooled_3x3,81,impostor,19371.0
pooled_3x3,81,impostor,40211.0
pooled_3x3,81,impostor,38069.0
pooled_3x3,81,impostor,26897.0
pooled_3x3,81,impostor,43336.0
pooled_3x3,81,impostor,35379.0
pooled_3x3,81,impostor,34154.0
pooled_3x3,81,impostor,37193.0
pooled_3x3,81,impostor,40044.0
pooled_3x3,81,impostor,28759.0
pooled_3x3,81,impostor,33629.0
pooled_3x3,81,impostor,30293.0
pooled_3x3,81,impostor,30609.0
pooled_3x3,81,impostor,35927.0
pooled_3x3,81,impostor,38483.0
pooled_3x3,81,impostor,42079.0
pooled_3x3,81,impostor,30084.0
pooled_3x3,81,impostor,27859.0
pooled_3x3,81,impostor,28644.0
pooled_3x3,81,impostor,35071.0
pooled_3x3,81,impostor,26661.0
pooled_3x3,81,impostor,26057.0
pooled_3x3,81,impostor,28561.0
pooled_3x3,81,impostor,21677.0
pooled_3x3,81,impostor,24924.0
pooled_3x3,81,impostor,41838.0
pooled_3x3,81,impostor,35070.0
pooled_3x3,81,impostor,42447.0
pooled_3x3,81,impostor,12936.0
pooled_3x3,81,impostor,22293.0
pooled_3x3,81,impostor,39575.0
pooled_3x3,81,impostor,36305.0
pooled_3x3,81,impostor,21521.0
pooled_3x3,81,impostor,34136.0
pooled_3x3,81,impostor,32465.0
pooled_3x3,81,impostor,33936.0
pooled_3x3,81,impostor,29758.0
pooled_3x3,81,impostor,30874.0
pooled_3x3,81,impostor,33552.0
pooled_3x3,81,impostor,28393.0
pooled_3x3,81,impostor,39562.0
pooled_3x3,81,impostor,14421.0
pooled_3x3,81,impostor,23299.0
pooled_3x3,81,impostor,13021.0
pooled_3x3,81,impostor,31198.0
pooled_3x3,81,impostor,34736.0
pooled_3x3,81,impostor,23520.0
pooled_3x3,81,impostor,19551.0
pooled_3x3,81,impostor,22474.0
pooled_3x3,81,impostor,29273.0
pooled_3x3,81,impostor,31474.0
pooled_3x3,81,impostor,26900.0
pooled_3x3,81,impostor,19094.0
pooled_3x3,81,impostor,23678.0
pooled_3x3,81,impostor,28222.0
pooled_3x3,81,impostor,28856.0
pooled_3x3,81,impostor,31698.0
pooled_3x3,81,impostor,36398.0
pooled_3x3,81,impostor,31547.0
pooled_3x3,81,impostor,39706.0
pooled_3x3,81,impostor,40206.0
pooled_3x3,81,impostor,33207.0
pooled_3x3,81,impostor,26693.0
pooled_3x3,81,impostor,30036.0
pooled_3x3,81,impostor,22991.0
pooled_3x3,81,impostor,20269.0
pooled_3x3,81,impostor,19572.0
pooled_3x3,81,impostor,18309.0
pooled_3x3,81,impostor,14069.0
pooled_3x3,81,impostor,13022.0
pooled_3x3,81,impostor,14751.0
pooled_3x3,81,impostor,20073.0
pooled_3x3,81,impostor,18307.0
pooled_3x3,81,impostor,51391.0
pooled_3x3,81,impostor,47995.0
pooled_3x3,81,impostor,34981.0
pooled_3x3,81,impostor,47220.0
pooled_3x3,81,impostor,46475.0
pooled_3x3,81,impostor,44288.0
pooled_3x3,81,impostor,51677.0
pooled_3x3,81,impostor,49144.0
pooled_3x3,81,impostor,37811.0
pooled_3x3,81,impostor,34971.0
pooled_3x3,81,impostor,40453.0
pooled_3x3,81,impostor,39169.0
pooled_3x3,81,impostor,43907.0
pooled_3x3,81,impostor,42557.0
pooled_3x3,81,impostor,45017.0
pooled_3x3,81,impostor,42204.0
pooled_3x3,81,impostor,17417.0
pooled_3x3,81,impostor,18116.0
pooled_3x3,81,impostor,21907.0
pooled_3x3,81,impostor,17667.0
pooled_3x3,81,impostor,13877.0
pooled_3x3,81,impostor,13329.0
pooled_3x3,81,impostor,15985.0
pooled_3x3,81,impostor,25478.0
pooled_3x3,81,impostor,27348.0
pooled_3x3,81,impostor,27126.0
pooled_3x3,81,impostor,27039.0
pooled_3x3,81,impostor,17062.0
pooled_3x3,81,impostor,31007.0
pooled_3x3,81,impostor,29683.0
pooled_3x3,81,impostor,29639.0
pooled_3x3,81,impostor,23773.0
pooled_3x3,81,impostor,37442.0
pooled_3x3,81,impostor,37919.0
pooled_3x3,81,impostor,37458.0
pooled_3x3,81,impostor,33352.0
pooled_3x3,81,impostor,36646.0
pooled_3x3,81,impostor,41008.0
pooled_3x3,81,impostor,29631.0
pooled_3x3,81,impostor,39922.0
pooled_3x3,81,impostor,7939.0
pooled_3x3,81,impostor,18781.0
pooled_3x3,81,impostor,13633.0
pooled_3x3,81,impostor,21296.0
pooled_3x3,81,impostor,27588.0
pooled_3x3,81,impostor,20594.0
pooled_3x3,81,impostor,17707.0
pooled_3x3,81,impostor,18798.0
pooled_3x3,81,impostor,34557.0
pooled_3x3,81,impostor,30414.0
pooled_3x3,81,impostor,32500.0
pooled_3x3,81,impostor,26198.0
pooled_3x3,81,impostor,29158.0
pooled_3x3,81,impostor,37826.0
pooled_3x3,81,impostor,39640.0
pooled_3x3,81,impostor,37222.0
pooled_3x3,81,impostor,23120.0
pooled_3x3,81,impostor,17875.0
pooled_3x3,81,impostor,24926.0
pooled_3x3,81,impostor,25502.0
pooled_3x3,81,impostor,20089.0
pooled_3x3,81,impostor,18733.0
pooled_3x3,81,impostor,18686.0
pooled_3x3,81,impostor,18687.0
pooled_3x3,81,impostor,18149.0
pooled_3x3,81,impostor,19982.0
pooled_3x3,81,impostor,19215.0
pooled_3x3,81,impostor,20241.0
pooled_3x3,81,impostor,19380.0
pooled_3x3,81,impostor,21277.0
pooled_3x3,81,impostor,26787.0
pooled_3x3,81,impostor,21975.0
pooled_3x3,81,impostor,43243.0
pooled_3x3,81,impostor,40219.0
pooled_3x3,81,impostor,20257.0
pooled_3x3,81,impostor,49552.0
pooled_3x3,81,impostor,35869.0
pooled_3x3,81,impostor,35514.0
pooled_3x3,81,impostor,34081.0
pooled_3x3,81,impostor,43164.0
pooled_3x3,81,impostor,25703.0
pooled_3x3,81,impostor,31529.0
pooled_3x3,81,impostor,27611.0
pooled_3x3,81,impostor,27011.0
pooled_3x3,81,impostor,37895.0
pooled_3x3,81,impostor,42755.0
pooled_3x3,81,impostor,47193.0
pooled_3x3,81,impostor,27156.0
pooled_3x3,81,impostor,26153.0
pooled_3x3,81,impostor,25356.0
pooled_3x3,81,impostor,35499.0
pooled_3x3,81,impostor,23733.0
pooled_3x3,81,impostor,25455.0
pooled_3x3,81,impostor,26029.0
pooled_3x3,81,impostor,16813.0
pooled_3x3,81,impostor,21216.0
pooled_3x3,81,impostor,45790.0
pooled_3x3,81,impostor,33798.0
pooled_3x3,81,impostor,47401.0
pooled_3x3,81,impostor,9584.0
pooled_3x3,81,impostor,16917.0
pooled_3x3,81,impostor,37213.0
pooled_3x3,81,impostor,33497.0
pooled_3x3,81,impostor,16101.0
pooled_3x3,81,impostor,30190.0
pooled_3x3,81,impostor,33315.0
pooled_3x3,81,impostor,31690.0
pooled_3x3,81,impostor,27776.0
pooled_3x3,81,impostor,29412.0
pooled_3x3,81,impostor,33468.0
pooled_3x3,81,impostor,23057.0
pooled_3x3,81,impostor,40032.0
pooled_3x3,81,impostor,15959.0
pooled_3x3,81,impostor,21133.0
pooled_3x3,81,impostor,12731.0
pooled_3x3,81,impostor,30348.0
pooled_3x3,81,impostor,34284.0
pooled_3x3,81,impostor,21064.0
pooled_3x3,81,impostor,17319.0
pooled_3x3,81,impostor,19988.0
pooled_3x3,81,impostor,26749.0
pooled_3x3,81,impostor,37412.0
pooled_3x3,81,impostor,28896.0
pooled_3x3,81,impostor,15366.0
pooled_3x3,81,impostor,20602.0
pooled_3x3,81,impostor,28074.0
pooled_3x3,81,impostor,27362.0
pooled_3x3,81,impostor,29756.0
pooled_3x3,81,impostor,37044.0
pooled_3x3,81,impostor,28803.0
pooled_3x3,81,impostor,41784.0
pooled_3x3,81,impostor,41014.0
pooled_3x3,81,impostor,30763.0
pooled_3x3,81,impostor,25245.0
pooled_3x3,81,impostor,28162.0
pooled_3x3,81,impostor,19563.0
pooled_3x3,81,impostor,22553.0
pooled_3x3,81,impostor,22066.0
pooled_3x3,81,impostor,20905.0
pooled_3x3,81,impostor,15315.0
pooled_3x3,81,impostor,13846.0
pooled_3x3,81,impostor,16229.0
pooled_3x3,81,impostor,24353.0
pooled_3x3,81,impostor,19255.0
pooled_3x3,81,impostor,44266.0
pooled_3x3,81,impostor,41480.0
pooled_3x3,81,impostor,22498.0
pooled_3x3,81,impostor,51663.0
pooled_3x3,81,impostor,37092.0
pooled_3x3,81,impostor,36991.0
pooled_3x3,81,impostor,34584.0
pooled_3x3,81,impostor,44489.0
pooled_3x3,81,impostor,27090.0
pooled_3x3,81,impostor,34668.0
pooled_3x3,81,impostor,29478.0
pooled_3x3,81,impostor,29002.0
pooled_3x3,81,impostor,39892.0
pooled_3x3,81,impostor,45374.0
pooled_3x3,81,impostor,49920.0
pooled_3x3,81,impostor,28181.0
pooled_3x3,81,impostor,29414.0
pooled_3x3,81,impostor,28407.0
pooled_3x3,81,impostor,39054.0
pooled_3x3,81,impostor,26516.0
pooled_3x3,81,impostor,28516.0
pooled_3x3,81,impostor,29842.0
pooled_3x3,81,impostor,19462.0
pooled_3x3,81,impostor,22325.0
pooled_3x3,81,impostor,49585.0
pooled_3x3,81,impostor,36573.0
pooled_3x3,81,impostor,51516.0
pooled_3x3,81,impostor,11759.0
pooled_3x3,81,impostor,17004.0
pooled_3x3,81,impostor,40010.0
pooled_3x3,81,impostor,35746.0
pooled_3x3,81,impostor,17510.0
pooled_3x3,81,impostor,31161.0
pooled_3x3,81,impostor,35476.0
pooled_3x3,81,impostor,33245.0
pooled_3x3,81,impostor,29607.0
pooled_3x3,81,impostor,31715.0
pooled_3x3,81,impostor,35389.0
pooled_3x3,81,impostor,24128.0
pooled_3x3,81,impostor,41601.0
pooled_3x3,81,impostor,20500.0
pooled_3x3,81,impostor,23768.0
pooled_3x3,81,impostor,15976.0
pooled_3x3,81,impostor,33259.0
pooled_3x3,81,impostor,36173.0
pooled_3x3,81,impostor,23129.0
pooled_3x3,81,impostor,20174.0
pooled_3x3,81,impostor,22789.0
pooled_3x3,81,impostor,29348.0
pooled_3x3,81,impostor,41291.0
pooled_3x3,81,impostor,31113.0
pooled_3x3,81,impostor,16307.0
pooled_3x3,81,impostor,22819.0
pooled_3x3,81,impostor,29445.0
pooled_3x3,81,impostor,29157.0
pooled_3x3,81,impostor,31223.0
pooled_3x3,81,impostor,40595.0
pooled_3x3,81,impostor,32504.0
pooled_3x3,81,impostor,45289.0
pooled_3x3,81,impostor,44433.0
pooled_3x3,81,impostor,34054.0
pooled_3x3,81,impostor,28216.0
pooled_3x3,81,impostor,31525.0
pooled_3x3,81,impostor,21902.0
pooled_3x3,81,impostor,26252.0
pooled_3x3,81,impostor,25819.0
pooled_3x3,81,impostor,24488.0
pooled_3x3,81,impostor,17960.0
pooled_3x3,81,impostor,15779.0
pooled_3x3,81,impostor,18012.0
pooled_3x3,81,impostor,26920.0
pooled_3x3,81,impostor,21488.0
pooled_3x3,81,impostor,31000.0
pooled_3x3,81,impostor,27328.0
pooled_3x3,81,impostor,19350.0
pooled_3x3,81,impostor,39675.0
pooled_3x3,81,impostor,25076.0
pooled_3x3,81,impostor,24511.0
pooled_3x3,81,impostor,22742.0
pooled_3x3,81,impostor,30577.0
pooled_3x3,81,impostor,19616.0
pooled_3x3,81,impostor,27222.0
pooled_3x3,81,impostor,20888.0
pooled_3x3,81,impostor,21402.0
pooled_3x3,81,impostor,28334.0
pooled_3x3,81,impostor,33298.0
pooled_3x3,81,impostor,37844.0
pooled_3x3,81,impostor,20037.0
pooled_3x3,81,impostor,26972.0
pooled_3x3,81,impostor,26775.0
pooled_3x3,81,impostor,35378.0
pooled_3x3,81,impostor,23954.0
pooled_3x3,81,impostor,27966.0
pooled_3x3,81,impostor,33202.0
pooled_3x3,81,impostor,21226.0
pooled_3x3,81,impostor,17103.0
pooled_3x3,81,impostor,42339.0
pooled_3x3,81,impostor,30795.0
pooled_3x3,81,impostor,44650.0
pooled_3x3,81,impostor,15133.0
pooled_3x3,81,impostor,16114.0
pooled_3x3,81,impostor,35370.0
pooled_3x3,81,impostor,29826.0
pooled_3x3,81,impostor,18636.0
pooled_3x3,81,impostor,21849.0
pooled_3x3,81,impostor,25326.0
pooled_3x3,81,impostor,23467.0
pooled_3x3,81,impostor,21833.0
pooled_3x3,81,impostor,23921.0
pooled_3x3,81,impostor,24687.0
pooled_3x3,81,impostor,18348.0
pooled_3x3,81,impostor,30019.0
pooled_3x3,81,impostor,23978.0
pooled_3x3,81,impostor,24618.0
pooled_3x3,81,impostor,18236.0
pooled_3x3,81,impostor,31367.0
pooled_3x3,81,impostor,29765.0
pooled_3x3,81,impostor,22499.0
pooled_3x3,81,impostor,21964.0
pooled_3x3,81,impostor,24373.0
pooled_3x3,81,impostor,22616.0
pooled_3x3,81,impostor,34107.0
pooled_3x3,81,impostor,22655.0
pooled_3x3,81,impostor,12109.0
pooled_3x3,81,impostor,17131.0
pooled_3x3,81,impostor,19343.0
pooled_3x3,81,impostor,19317.0
pooled_3x3,81,impostor,20871.0
pooled_3x3,81,impostor,33603.0
pooled_3x3,81,impostor,31194.0
pooled_3x3,81,impostor,38031.0
pooled_3x3,81,impostor,38273.0
pooled_3x3,81,impostor,31750.0
pooled_3x3,81,impostor,24904.0
pooled_3x3,81,impostor,29711.0
pooled_3x3,81,impostor,20228.0
pooled_3x3,81,impostor,24286.0
pooled_3x3,81,impostor,23093.0
pooled_3x3,81,impostor,22398.0
pooled_3x3,81,impostor,15884.0
pooled_3x3,81,impostor,13935.0
pooled_3x3,81,impostor,14544.0
pooled_3x3,81,impostor,20102.0
pooled_3x3,81,impostor,15410.0
pooled_3x3,81,impostor,46257.0
pooled_3x3,81,impostor,44361.0
pooled_3x3,81,impostor,26387.0
pooled_3x3,81,impostor,52810.0
pooled_3x3,81,impostor,39697.0
pooled_3x3,81,impostor,39640.0
pooled_3x3,81,impostor,38749.0
pooled_3x3,81,impostor,47086.0
pooled_3x3,81,impostor,31009.0
pooled_3x3,81,impostor,36953.0
pooled_3x3,81,impostor,32745.0
pooled_3x3,81,impostor,32585.0
pooled_3x3,81,impostor,42161.0
pooled_3x3,81,impostor,46619.0
pooled_3x3,81,impostor,51001.0
pooled_3x3,81,impostor,32094.0
pooled_3x3,81,impostor,31793.0
pooled_3x3,81,impostor,31424.0
pooled_3x3,81,impostor,40723.0
pooled_3x3,81,impostor,29365.0
pooled_3x3,81,impostor,30189.0
pooled_3x3,81,impostor,31159.0
pooled_3x3,81,impostor,21987.0
pooled_3x3,81,impostor,25636.0
pooled_3x3,81,impostor,50266.0
pooled_3x3,81,impostor,39646.0
pooled_3x3,81,impostor,51591.0
pooled_3x3,81,impostor,13096.0
pooled_3x3,81,impostor,20363.0
pooled_3x3,81,impostor,43371.0
pooled_3x3,81,impostor,39225.0
pooled_3x3,81,impostor,20767.0
pooled_3x3,81,impostor,36244.0
pooled_3x3,81,impostor,38023.0
pooled_3x3,81,impostor,37330.0
pooled_3x3,81,impostor,33090.0
pooled_3x3,81,impostor,34584.0
pooled_3x3,81,impostor,38480.0
pooled_3x3,81,impostor,29171.0
pooled_3x3,81,impostor,45198.0
pooled_3x3,81,impostor,19165.0
pooled_3x3,81,impostor,25983.0
pooled_3x3,81,impostor,16169.0
pooled_3x3,81,impostor,35680.0
pooled_3x3,81,impostor,39058.0
pooled_3x3,81,impostor,25570.0
pooled_3x3,81,impostor,21715.0
pooled_3x3,81,impostor,24646.0
pooled_3x3,81,impostor,32565.0
pooled_3x3,81,impostor,40558.0
pooled_3x3,81,impostor,32700.0
pooled_3x3,81,impostor,19856.0
pooled_3x3,81,impostor,26244.0
pooled_3x3,81,impostor,32432.0
pooled_3x3,81,impostor,32640.0
pooled_3x3,81,impostor,35186.0
pooled_3x3,81,impostor,42364.0
pooled_3x3,81,impostor,34921.0
pooled_3x3,81,impostor,46944.0
pooled_3x3,81,impostor,46554.0
pooled_3x3,81,impostor,36795.0
pooled_3x3,81,impostor,30687.0
pooled_3x3,81,impostor,33998.0
pooled_3x3,81,impostor,24769.0
pooled_3x3,81,impostor,26043.0
pooled_3x3,81,impostor,25532.0
pooled_3x3,81,impostor,24071.0
pooled_3x3,81,impostor,18149.0
pooled_3x3,81,impostor,16260.0
pooled_3x3,81,impostor,18729.0
pooled_3x3,81,impostor,26703.0
pooled_3x3,81,impostor,22975.0
pooled_3x3,81,impostor,16892.0
pooled_3x3,81,impostor,27986.0
pooled_3x3,81,impostor,18116.0
pooled_3x3,81,impostor,20486.0
pooled_3x3,81,impostor,10984.0
pooled_3x3,81,impostor,11476.0
pooled_3x3,81,impostor,12192.0
pooled_3x3,81,impostor,14689.0
pooled_3x3,81,impostor,37626.0
pooled_3x3,81,impostor,43695.0
pooled_3x3,81,impostor,42120.0
pooled_3x3,81,impostor,39768.0
pooled_3x3,81,impostor,44918.0
pooled_3x3,81,impostor,57658.0
pooled_3x3,81,impostor,47830.0
pooled_3x3,81,impostor,34131.0
pooled_3x3,81,impostor,33507.0
pooled_3x3,81,impostor,34019.0
pooled_3x3,81,impostor,34030.0
pooled_3x3,81,impostor,42633.0
pooled_3x3,81,impostor,38456.0
pooled_3x3,81,impostor,41612.0
pooled_3x3,81,impostor,37722.0
pooled_3x3,81,impostor,44816.0
pooled_3x3,81,impostor,22019.0
pooled_3x3,81,impostor,16022.0
pooled_3x3,81,impostor,20641.0
pooled_3x3,81,impostor,21999.0
pooled_3x3,81,impostor,23773.0
pooled_3x3,81,impostor,16065.0
pooled_3x3,81,impostor,30364.0
pooled_3x3,81,impostor,10475.0
pooled_3x3,81,impostor,34726.0
pooled_3x3,81,impostor,38872.0
pooled_3x3,81,impostor,33588.0
pooled_3x3,81,impostor,35441.0
pooled_3x3,81,impostor,26209.0
pooled_3x3,81,impostor,37191.0
pooled_3x3,81,impostor,38538.0
pooled_3x3,81,impostor,40191.0
pooled_3x3,81,impostor,23032.0
pooled_3x3,81,impostor,9913.0
pooled_3x3,81,impostor,8361.0
pooled_3x3,81,impostor,22411.0
pooled_3x3,81,impostor,22771.0
pooled_3x3,81,impostor,11103.0
pooled_3x3,81,impostor,15645.0
pooled_3x3,81,impostor,12517.0
pooled_3x3,81,impostor,31633.0
pooled_3x3,81,impostor,41898.0
pooled_3x3,81,impostor,30691.0
pooled_3x3,81,impostor,32939.0
pooled_3x3,81,impostor,42628.0
pooled_3x3,81,impostor,36928.0
pooled_3x3,81,impostor,39955.0
pooled_3x3,81,impostor,37260.0
pooled_3x3,81,impostor,22322.0
pooled_3x3,81,impostor,21225.0
pooled_3x3,81,impostor,20882.0
pooled_3x3,81,impostor,20546.0
pooled_3x3,81,impostor,21633.0
pooled_3x3,81,impostor,19354.0
pooled_3x3,81,impostor,11740.0
pooled_3x3,81,impostor,20602.0
pooled_3x3,81,impostor,13012.0
pooled_3x3,81,impostor,14490.0
pooled_3x3,81,impostor,9006.0
pooled_3x3,81,impostor,11890.0
pooled_3x3,81,impostor,5500.0
pooled_3x3,81,impostor,6584.0
pooled_3x3,81,impostor,8134.0
pooled_3x3,81,impostor,13531.0
pooled_3x3,81,impostor,29080.0
pooled_3x3,81,impostor,34163.0
pooled_3x3,81,impostor,31348.0
pooled_3x3,81,impostor,30832.0
pooled_3x3,81,impostor,38166.0
pooled_3x3,81,impostor,50540.0
pooled_3x3,81,impostor,40308.0
pooled_3x3,81,impostor,28071.0
pooled_3x3,81,impostor,24059.0
pooled_3x3,81,impostor,26035.0
pooled_3x3,81,impostor,23328.0
pooled_3x3,81,impostor,36339.0
pooled_3x3,81,impostor,34430.0
pooled_3x3,81,impostor,33954.0
pooled_3x3,81,impostor,31080.0
pooled_3x3,81,impostor,38532.0
pooled_3x3,81,impostor,17321.0
pooled_3x3,81,impostor,9888.0
pooled_3x3,81,impostor,13423.0
pooled_3x3,81,impostor,15561.0
pooled_3x3,81,impostor,15749.0
pooled_3x3,81,impostor,8501.0
pooled_3x3,81,impostor,23876.0
pooled_3x3,81,impostor,11089.0
pooled_3x3,81,impostor,32968.0
pooled_3x3,81,impostor,35474.0
pooled_3x3,81,impostor,30226.0
pooled_3x3,81,impostor,31743.0
pooled_3x3,81,impostor,22517.0
pooled_3x3,81,impostor,33295.0
pooled_3x3,81,impostor,34944.0
pooled_3x3,81,impostor,36545.0
pooled_3x3,81,impostor,15512.0
pooled_3x3,81,impostor,13007.0
pooled_3x3,81,impostor,8411.0
pooled_3x3,81,impostor,20609.0
pooled_3x3,81,impostor,15881.0
pooled_3x3,81,impostor,9583.0
pooled_3x3,81,impostor,8841.0
pooled_3x3,81,impostor,9189.0
pooled_3x3,81,impostor,22207.0
pooled_3x3,81,impostor,34198.0
pooled_3x3,81,impostor,21315.0
pooled_3x3,81,impostor,24547.0
pooled_3x3,81,impostor,34690.0
pooled_3x3,81,impostor,30168.0
pooled_3x3,81,impostor,32909.0
pooled_3x3,81,impostor,30788.0
pooled_3x3,81,impostor,21362.0
pooled_3x3,81,impostor,19745.0
pooled_3x3,81,impostor,20680.0
pooled_3x3,81,impostor,19464.0
pooled_3x3,81,impostor,21225.0
pooled_3x3,81,impostor,18716.0
pooled_3x3,81,impostor,13430.0
pooled_3x3,81,impostor,15088.0
pooled_3x3,81,impostor,8780.0
pooled_3x3,81,impostor,8886.0
pooled_3x3,81,impostor,9392.0
pooled_3x3,81,impostor,6062.0
pooled_3x3,81,impostor,21604.0
pooled_3x3,81,impostor,27722.0
pooled_3x3,81,impostor,32082.0
pooled_3x3,81,impostor,11863.0
pooled_3x3,81,impostor,14650.0
pooled_3x3,81,impostor,15947.0
pooled_3x3,81,impostor,21392.0
pooled_3x3,81,impostor,15474.0
pooled_3x3,81,impostor,22838.0
pooled_3x3,81,impostor,26728.0
pooled_3x3,81,impostor,15556.0
pooled_3x3,81,impostor,16373.0
pooled_3x3,81,impostor,29149.0
pooled_3x3,81,impostor,16167.0
pooled_3x3,81,impostor,32008.0
pooled_3x3,81,impostor,13145.0
pooled_3x3,81,impostor,14216.0
pooled_3x3,81,impostor,18210.0
pooled_3x3,81,impostor,16692.0
pooled_3x3,81,impostor,14594.0
pooled_3x3,81,impostor,10629.0
pooled_3x3,81,impostor,13948.0
pooled_3x3,81,impostor,10481.0
pooled_3x3,81,impostor,9119.0
pooled_3x3,81,impostor,8181.0
pooled_3x3,81,impostor,13479.0
pooled_3x3,81,impostor,7788.0
pooled_3x3,81,impostor,19319.0
pooled_3x3,81,impostor,18356.0
pooled_3x3,81,impostor,15156.0
pooled_3x3,81,impostor,13548.0
pooled_3x3,81,impostor,16115.0
pooled_3x3,81,impostor,17075.0
pooled_3x3,81,impostor,15313.0
pooled_3x3,81,impostor,13586.0
pooled_3x3,81,impostor,14863.0
pooled_3x3,81,impostor,5310.0
pooled_3x3,81,impostor,27299.0
pooled_3x3,81,impostor,16899.0
pooled_3x3,81,impostor,7939.0
pooled_3x3,81,impostor,4141.0
pooled_3x3,81,impostor,13927.0
pooled_3x3,81,impostor,9197.0
pooled_3x3,81,impostor,10179.0
pooled_3x3,81,impostor,20397.0
pooled_3x3,81,impostor,13534.0
pooled_3x3,81,impostor,23273.0
pooled_3x3,81,impostor,19849.0
pooled_3x3,81,impostor,16896.0
pooled_3x3,81,impostor,17354.0
pooled_3x3,81,impostor,16803.0
pooled_3x3,81,impostor,12224.0
pooled_3x3,81,impostor,16138.0
pooled_3x3,81,impostor,14971.0
pooled_3x3,81,impostor,16324.0
pooled_3x3,81,impostor,14184.0
pooled_3x3,81,impostor,16089.0
pooled_3x3,81,impostor,16764.0
pooled_3x3,81,impostor,20618.0
pooled_3x3,81,impostor,12768.0
pooled_3x3,81,impostor,22093.0
pooled_3x3,81,impostor,29635.0
pooled_3x3,81,impostor,20449.0
pooled_3x3,81,impostor,25259.0
pooled_3x3,81,impostor,10433.0
pooled_3x3,81,impostor,8235.0
pooled_3x3,81,impostor,6795.0
pooled_3x3,81,impostor,21070.0
pooled_3x3,81,impostor,34837.0
pooled_3x3,81,impostor,40558.0
pooled_3x3,81,impostor,37899.0
pooled_3x3,81,impostor,36863.0
pooled_3x3,81,impostor,41639.0
pooled_3x3,81,impostor,54213.0
pooled_3x3,81,impostor,46681.0
pooled_3x3,81,impostor,36780.0
pooled_3x3,81,impostor,28070.0
pooled_3x3,81,impostor,32836.0
pooled_3x3,81,impostor,27673.0
pooled_3x3,81,impostor,43938.0
pooled_3x3,81,impostor,45475.0
pooled_3x3,81,impostor,41163.0
pooled_3x3,81,impostor,39693.0
pooled_3x3,81,impostor,47081.0
pooled_3x3,81,impostor,28708.0
pooled_3x3,81,impostor,21995.0
pooled_3x3,81,impostor,25966.0
pooled_3x3,81,impostor,27046.0
pooled_3x3,81,impostor,31178.0
pooled_3x3,81,impostor,19792.0
pooled_3x3,81,impostor,35581.0
pooled_3x3,81,impostor,14550.0
pooled_3x3,81,impostor,34619.0
pooled_3x3,81,impostor,40065.0
pooled_3x3,81,impostor,35305.0
pooled_3x3,81,impostor,35986.0
pooled_3x3,81,impostor,28352.0
pooled_3x3,81,impostor,38738.0
pooled_3x3,81,impostor,40267.0
pooled_3x3,81,impostor,41256.0
pooled_3x3,81,impostor,29125.0
pooled_3x3,81,impostor,9152.0
pooled_3x3,81,impostor,10414.0
pooled_3x3,81,impostor,29724.0
pooled_3x3,81,impostor,29066.0
pooled_3x3,81,impostor,15914.0
pooled_3x3,81,impostor,20314.0
pooled_3x3,81,impostor,18862.0
pooled_3x3,81,impostor,27038.0
pooled_3x3,81,impostor,41697.0
pooled_3x3,81,impostor,26894.0
pooled_3x3,81,impostor,30476.0
pooled_3x3,81,impostor,41137.0
pooled_3x3,81,impostor,35389.0
pooled_3x3,81,impostor,38144.0
pooled_3x3,81,impostor,38087.0
pooled_3x3,81,impostor,25037.0
pooled_3x3,81,impostor,24412.0
pooled_3x3,81,impostor,24281.0
pooled_3x3,81,impostor,24807.0
pooled_3x3,81,impostor,26598.0
pooled_3x3,81,impostor,23771.0
pooled_3x3,81,impostor,15457.0
pooled_3x3,81,impostor,22829.0
pooled_3x3,81,impostor,9298.0
pooled_3x3,81,impostor,19470.0
pooled_3x3,81,impostor,9716.0
pooled_3x3,81,impostor,12020.0
pooled_3x3,81,impostor,6854.0
pooled_3x3,81,impostor,8498.0
pooled_3x3,81,impostor,9954.0
pooled_3x3,81,impostor,7557.0
pooled_3x3,81,impostor,30498.0
pooled_3x3,81,impostor,35643.0
pooled_3x3,81,impostor,35862.0
pooled_3x3,81,impostor,32344.0
pooled_3x3,81,impostor,39194.0
pooled_3x3,81,impostor,50814.0
pooled_3x3,81,impostor,39478.0
pooled_3x3,81,impostor,28609.0
pooled_3x3,81,impostor,30245.0
pooled_3x3,81,impostor,29321.0
pooled_3x3,81,impostor,30302.0
pooled_3x3,81,impostor,34361.0
pooled_3x3,81,impostor,32726.0
pooled_3x3,81,impostor,36568.0
pooled_3x3,81,impostor,33180.0
pooled_3x3,81,impostor,38392.0
pooled_3x3,81,impostor,13381.0
pooled_3x3,81,impostor,12078.0
pooled_3x3,81,impostor,12423.0
pooled_3x3,81,impostor,13333.0
pooled_3x3,81,impostor,17071.0
pooled_3x3,81,impostor,9999.0
pooled_3x3,81,impostor,20444.0
pooled_3x3,81,impostor,6345.0
pooled_3x3,81,impostor,29612.0
pooled_3x3,81,impostor,32888.0
pooled_3x3,81,impostor,27360.0
pooled_3x3,81,impostor,30081.0
pooled_3x3,81,impostor,22033.0
pooled_3x3,81,impostor,32135.0
pooled_3x3,81,impostor,32546.0
pooled_3x3,81,impostor,34269.0
pooled_3x3,81,impostor,15760.0
pooled_3x3,81,impostor,9375.0
pooled_3x3,81,impostor,4321.0
pooled_3x3,81,impostor,14273.0
pooled_3x3,81,impostor,14999.0
pooled_3x3,81,impostor,5263.0
pooled_3x3,81,impostor,8649.0
pooled_3x3,81,impostor,5847.0
pooled_3x3,81,impostor,26487.0
pooled_3x3,81,impostor,34718.0
pooled_3x3,81,impostor,25789.0
pooled_3x3,81,impostor,28181.0
pooled_3x3,81,impostor,36142.0
pooled_3x3,81,impostor,32108.0
pooled_3x3,81,impostor,34397.0
pooled_3x3,81,impostor,30528.0
pooled_3x3,81,impostor,18066.0
pooled_3x3,81,impostor,16883.0
pooled_3x3,81,impostor,17070.0
pooled_3x3,81,impostor,15538.0
pooled_3x3,81,impostor,16759.0
pooled_3x3,81,impostor,14800.0
pooled_3x3,81,impostor,9842.0
pooled_3x3,81,impostor,14350.0
pooled_3x3,81,impostor,11459.0
pooled_3x3,81,impostor,10519.0
pooled_3x3,81,impostor,7421.0
pooled_3x3,81,impostor,9007.0
pooled_3x3,81,impostor,6501.0
pooled_3x3,81,impostor,8445.0
pooled_3x3,81,impostor,10907.0
pooled_3x3,81,impostor,13156.0
pooled_3x3,81,impostor,26019.0
pooled_3x3,81,impostor,31062.0
pooled_3x3,81,impostor,27917.0
pooled_3x3,81,impostor,28125.0
pooled_3x3,81,impostor,35091.0
pooled_3x3,81,impostor,46837.0
pooled_3x3,81,impostor,36839.0
pooled_3x3,81,impostor,25606.0
pooled_3x3,81,impostor,22248.0
pooled_3x3,81,impostor,23720.0
pooled_3x3,81,impostor,21431.0
pooled_3x3,81,impostor,32202.0
pooled_3x3,81,impostor,30393.0
pooled_3x3,81,impostor,31011.0
pooled_3x3,81,impostor,28321.0
pooled_3x3,81,impostor,34589.0
pooled_3x3,81,impostor,15230.0
pooled_3x3,81,impostor,6215.0
pooled_3x3,81,impostor,10696.0
pooled_3x3,81,impostor,12498.0
pooled_3x3,81,impostor,10828.0
pooled_3x3,81,impostor,6238.0
pooled_3x3,81,impostor,20825.0
pooled_3x3,81,impostor,11668.0
pooled_3x3,81,impostor,29323.0
pooled_3x3,81,impostor,32367.0
pooled_3x3,81,impostor,26435.0
pooled_3x3,81,impostor,28728.0
pooled_3x3,81,impostor,20340.0
pooled_3x3,81,impostor,30434.0
pooled_3x3,81,impostor,31415.0
pooled_3x3,81,impostor,33278.0
pooled_3x3,81,impostor,11331.0
pooled_3x3,81,impostor,13484.0
pooled_3x3,81,impostor,8338.0
pooled_3x3,81,impostor,18290.0
pooled_3x3,81,impostor,11682.0
pooled_3x3,81,impostor,9280.0
pooled_3x3,81,impostor,6636.0
pooled_3x3,81,impostor,7752.0
pooled_3x3,81,impostor,20710.0
pooled_3x3,81,impostor,29995.0
pooled_3x3,81,impostor,19210.0
pooled_3x3,81,impostor,21564.0
pooled_3x3,81,impostor,31187.0
pooled_3x3,81,impostor,27115.0
pooled_3x3,81,impostor,29544.0
pooled_3x3,81,impostor,27311.0
pooled_3x3,81,impostor,17973.0
pooled_3x3,81,impostor,16292.0
pooled_3x3,81,impostor,17447.0
pooled_3x3,81,impostor,16369.0
pooled_3x3,81,impostor,18030.0
pooled_3x3,81,impostor,15929.0
pooled_3x3,81,impostor,12179.0
pooled_3x3,81,impostor,12397.0
pooled_3x3,81,impostor,9202.0
pooled_3x3,81,impostor,19574.0
pooled_3x3,81,impostor,8992.0
pooled_3x3,81,impostor,10834.0
pooled_3x3,81,impostor,10834.0
pooled_3x3,81,impostor,14766.0
pooled_3x3,81,impostor,16920.0
pooled_3x3,81,impostor,7379.0
pooled_3x3,81,impostor,32876.0
pooled_3x3,81,impostor,36637.0
pooled_3x3,81,impostor,39484.0
pooled_3x3,81,impostor,33506.0
pooled_3x3,81,impostor,42818.0
pooled_3x3,81,impostor,53230.0
pooled_3x3,81,impostor,39292.0
pooled_3x3,81,impostor,27789.0
pooled_3x3,81,impostor,36109.0
pooled_3x3,81,impostor,31075.0
pooled_3x3,81,impostor,36806.0
pooled_3x3,81,impostor,34503.0
pooled_3x3,81,impostor,30932.0
pooled_3x3,81,impostor,37790.0
pooled_3x3,81,impostor,33626.0
pooled_3x3,81,impostor,37130.0
pooled_3x3,81,impostor,13067.0
pooled_3x3,81,impostor,16068.0
pooled_3x3,81,impostor,13509.0
pooled_3x3,81,impostor,14767.0
pooled_3x3,81,impostor,18609.0
pooled_3x3,81,impostor,12553.0
pooled_3x3,81,impostor,19284.0
pooled_3x3,81,impostor,9791.0
pooled_3x3,81,impostor,34152.0
pooled_3x3,81,impostor,35002.0
pooled_3x3,81,impostor,30286.0
pooled_3x3,81,impostor,33699.0
pooled_3x3,81,impostor,25119.0
pooled_3x3,81,impostor,33977.0
pooled_3x3,81,impostor,34432.0
pooled_3x3,81,impostor,36181.0
pooled_3x3,81,impostor,16408.0
pooled_3x3,81,impostor,18255.0
pooled_3x3,81,impostor,8747.0
pooled_3x3,81,impostor,13753.0
pooled_3x3,81,impostor,14561.0
pooled_3x3,81,impostor,7359.0
pooled_3x3,81,impostor,9635.0
pooled_3x3,81,impostor,6797.0
pooled_3x3,81,impostor,29795.0
pooled_3x3,81,impostor,36828.0
pooled_3x3,81,impostor,30225.0
pooled_3x3,81,impostor,32619.0
pooled_3x3,81,impostor,38448.0
pooled_3x3,81,impostor,34704.0
pooled_3x3,81,impostor,37371.0
pooled_3x3,81,impostor,31292.0
pooled_3x3,81,impostor,24022.0
pooled_3x3,81,impostor,22647.0
pooled_3x3,81,impostor,23134.0
pooled_3x3,81,impostor,19742.0
pooled_3x3,81,impostor,20695.0
pooled_3x3,81,impostor,19398.0
pooled_3x3,81,impostor,16914.0
pooled_3x3,81,impostor,17716.0
pooled_3x3,81,impostor,15313.0
pooled_3x3,81,impostor,20285.0
pooled_3x3,81,impostor,12279.0
pooled_3x3,81,impostor,16219.0
pooled_3x3,81,impostor,6165.0
pooled_3x3,81,impostor,6267.0
pooled_3x3,81,impostor,6543.0
pooled_3x3,81,impostor,14820.0
pooled_3x3,81,impostor,32245.0
pooled_3x3,81,impostor,37506.0
pooled_3x3,81,impostor,35049.0
pooled_3x3,81,impostor,34001.0
pooled_3x3,81,impostor,41095.0
pooled_3x3,81,impostor,53963.0
pooled_3x3,81,impostor,43793.0
pooled_3x3,81,impostor,31992.0
pooled_3x3,81,impostor,26200.0
pooled_3x3,81,impostor,30020.0
pooled_3x3,81,impostor,25085.0
pooled_3x3,81,impostor,39880.0
pooled_3x3,81,impostor,39727.0
pooled_3x3,81,impostor,38501.0
pooled_3x3,81,impostor,36187.0
pooled_3x3,81,impostor,43165.0
pooled_3x3,81,impostor,20574.0
pooled_3x3,81,impostor,14505.0
pooled_3x3,81,impostor,17328.0
pooled_3x3,81,impostor,19234.0
pooled_3x3,81,impostor,21768.0
pooled_3x3,81,impostor,12162.0
pooled_3x3,81,impostor,27695.0
pooled_3x3,81,impostor,11618.0
pooled_3x3,81,impostor,34693.0
pooled_3x3,81,impostor,38489.0
pooled_3x3,81,impostor,33023.0
pooled_3x3,81,impostor,34636.0
pooled_3x3,81,impostor,25650.0
pooled_3x3,81,impostor,36912.0
pooled_3x3,81,impostor,38393.0
pooled_3x3,81,impostor,39902.0
pooled_3x3,81,impostor,20887.0
pooled_3x3,81,impostor,11706.0
pooled_3x3,81,impostor,8304.0
pooled_3x3,81,impostor,23052.0
pooled_3x3,81,impostor,20596.0
pooled_3x3,81,impostor,10940.0
pooled_3x3,81,impostor,12324.0
pooled_3x3,81,impostor,11724.0
pooled_3x3,81,impostor,24776.0
pooled_3x3,81,impostor,38637.0
pooled_3x3,81,impostor,23640.0
pooled_3x3,81,impostor,27714.0
pooled_3x3,81,impostor,38965.0
pooled_3x3,81,impostor,33539.0
pooled_3x3,81,impostor,36646.0
pooled_3x3,81,impostor,34737.0
pooled_3x3,81,impostor,23389.0
pooled_3x3,81,impostor,22044.0
pooled_3x3,81,impostor,22685.0
pooled_3x3,81,impostor,21519.0
pooled_3x3,81,impostor,23154.0
pooled_3x3,81,impostor,20443.0
pooled_3x3,81,impostor,14313.0
pooled_3x3,81,impostor,17907.0
pooled_3x3,81,impostor,13408.0
pooled_3x3,81,impostor,16497.0
pooled_3x3,81,impostor,18812.0
pooled_3x3,81,impostor,14852.0
pooled_3x3,81,impostor,21100.0
pooled_3x3,81,impostor,30064.0
pooled_3x3,81,impostor,20682.0
pooled_3x3,81,impostor,15821.0
pooled_3x3,81,impostor,21255.0
pooled_3x3,81,impostor,13413.0
pooled_3x3,81,impostor,23768.0
pooled_3x3,81,impostor,17155.0
pooled_3x3,81,impostor,17222.0
pooled_3x3,81,impostor,16814.0
pooled_3x3,81,impostor,16602.0
pooled_3x3,81,impostor,18662.0
pooled_3x3,81,impostor,3713.0
pooled_3x3,81,impostor,7382.0
pooled_3x3,81,impostor,3635.0
pooled_3x3,81,impostor,3479.0
pooled_3x3,81,impostor,6959.0
pooled_3x3,81,impostor,4447.0
pooled_3x3,81,impostor,6244.0
pooled_3x3,81,impostor,6469.0
pooled_3x3,81,impostor,19028.0
pooled_3x3,81,impostor,14974.0
pooled_3x3,81,impostor,13922.0
pooled_3x3,81,impostor,12949.0
pooled_3x3,81,impostor,10059.0
pooled_3x3,81,impostor,14263.0
pooled_3x3,81,impostor,15510.0
pooled_3x3,81,impostor,16003.0
pooled_3x3,81,impostor,5134.0
pooled_3x3,81,impostor,13623.0
pooled_3x3,81,impostor,5309.0
pooled_3x3,81,impostor,5381.0
pooled_3x3,81,impostor,5655.0
pooled_3x3,81,impostor,3349.0
pooled_3x3,81,impostor,3027.0
pooled_3x3,81,impostor,2739.0
pooled_3x3,81,impostor,16533.0
pooled_3x3,81,impostor,16726.0
pooled_3x3,81,impostor,17409.0
pooled_3x3,81,impostor,15645.0
pooled_3x3,81,impostor,17702.0
pooled_3x3,81,impostor,16670.0
pooled_3x3,81,impostor,16679.0
pooled_3x3,81,impostor,13958.0
pooled_3x3,81,impostor,10222.0
pooled_3x3,81,impostor,9669.0
pooled_3x3,81,impostor,10086.0
pooled_3x3,81,impostor,8260.0
pooled_3x3,81,impostor,9507.0
pooled_3x3,81,impostor,8792.0
pooled_3x3,81,impostor,9672.0
pooled_3x3,81,impostor,7152.0
pooled_3x3,81,impostor,11770.0
pooled_3x3,81,impostor,14631.0
pooled_3x3,81,impostor,13056.0
pooled_3x3,81,impostor,13738.0
pooled_3x3,81,impostor,20704.0
pooled_3x3,81,impostor,27594.0
pooled_3x3,81,impostor,20242.0
pooled_3x3,81,impostor,15841.0
pooled_3x3,81,impostor,17619.0
pooled_3x3,81,impostor,11671.0
pooled_3x3,81,impostor,18650.0
pooled_3x3,81,impostor,19955.0
pooled_3x3,81,impostor,20388.0
pooled_3x3,81,impostor,15460.0
pooled_3x3,81,impostor,14028.0
pooled_3x3,81,impostor,20506.0
pooled_3x3,81,impostor,10649.0
pooled_3x3,81,impostor,6292.0
pooled_3x3,81,impostor,6161.0
pooled_3x3,81,impostor,7197.0
pooled_3x3,81,impostor,4041.0
pooled_3x3,81,impostor,5783.0
pooled_3x3,81,impostor,11604.0
pooled_3x3,81,impostor,14491.0
pooled_3x3,81,impostor,21980.0
pooled_3x3,81,impostor,21068.0
pooled_3x3,81,impostor,18194.0
pooled_3x3,81,impostor,17725.0
pooled_3x3,81,impostor,12215.0
pooled_3x3,81,impostor,18933.0
pooled_3x3,81,impostor,19518.0
pooled_3x3,81,impostor,20359.0
pooled_3x3,81,impostor,3780.0
pooled_3x3,81,impostor,19933.0
pooled_3x3,81,impostor,12741.0
pooled_3x3,81,impostor,14171.0
pooled_3x3,81,impostor,5623.0
pooled_3x3,81,impostor,11517.0
pooled_3x3,81,impostor,5999.0
pooled_3x3,81,impostor,8335.0
pooled_3x3,81,impostor,10825.0
pooled_3x3,81,impostor,12858.0
pooled_3x3,81,impostor,12197.0
pooled_3x3,81,impostor,11329.0
pooled_3x3,81,impostor,14086.0
pooled_3x3,81,impostor,14582.0
pooled_3x3,81,impostor,14343.0
pooled_3x3,81,impostor,13028.0
pooled_3x3,81,impostor,14254.0
pooled_3x3,81,impostor,13093.0
pooled_3x3,81,impostor,15070.0
pooled_3x3,81,impostor,14114.0
pooled_3x3,81,impostor,16129.0
pooled_3x3,81,impostor,15200.0
pooled_3x3,81,impostor,16010.0
pooled_3x3,81,impostor,8682.0
pooled_3x3,81,impostor,16380.0
pooled_3x3,81,impostor,19629.0
pooled_3x3,81,impostor,21238.0
pooled_3x3,81,impostor,17560.0
pooled_3x3,81,impostor,26102.0
pooled_3x3,81,impostor,35230.0
pooled_3x3,81,impostor,24132.0
pooled_3x3,81,impostor,17609.0
pooled_3x3,81,impostor,23897.0
pooled_3x3,81,impostor,16671.0
pooled_3x3,81,impostor,25296.0
pooled_3x3,81,impostor,20263.0
pooled_3x3,81,impostor,19280.0
pooled_3x3,81,impostor,21272.0
pooled_3x3,81,impostor,19524.0
pooled_3x3,81,impostor,21734.0
pooled_3x3,81,impostor,6739.0
pooled_3x3,81,impostor,6432.0
pooled_3x3,81,impostor,4593.0
pooled_3x3,81,impostor,5483.0
pooled_3x3,81,impostor,6453.0
pooled_3x3,81,impostor,3351.0
pooled_3x3,81,impostor,10250.0
pooled_3x3,81,impostor,9447.0
pooled_3x3,81,impostor,23468.0
pooled_3x3,81,impostor,21340.0
pooled_3x3,81,impostor,18182.0
pooled_3x3,81,impostor,19533.0
pooled_3x3,81,impostor,13835.0
pooled_3x3,81,impostor,19771.0
pooled_3x3,81,impostor,20690.0
pooled_3x3,81,impostor,21923.0
pooled_3x3,81,impostor,4992.0
pooled_3x3,81,impostor,15991.0
pooled_3x3,81,impostor,7107.0
pooled_3x3,81,impostor,9997.0
pooled_3x3,81,impostor,6187.0
pooled_3x3,81,impostor,4511.0
pooled_3x3,81,impostor,2051.0
pooled_3x3,81,impostor,4053.0
pooled_3x3,81,impostor,17561.0
pooled_3x3,81,impostor,20376.0
pooled_3x3,81,impostor,19125.0
pooled_3x3,81,impostor,18505.0
pooled_3x3,81,impostor,21366.0
pooled_3x3,81,impostor,20054.0
pooled_3x3,81,impostor,20749.0
pooled_3x3,81,impostor,16782.0
pooled_3x3,81,impostor,13442.0
pooled_3x3,81,impostor,12403.0
pooled_3x3,81,impostor,13366.0
pooled_3x3,81,impostor,11024.0
pooled_3x3,81,impostor,12821.0
pooled_3x3,81,impostor,11760.0
pooled_3x3,81,impostor,11942.0
pooled_3x3,81,impostor,8574.0
pooled_3x3,81,impostor,13674.0
pooled_3x3,81,impostor,16755.0
pooled_3x3,81,impostor,17892.0
pooled_3x3,81,impostor,15398.0
pooled_3x3,81,impostor,23106.0
pooled_3x3,81,impostor,31618.0
pooled_3x3,81,impostor,21598.0
pooled_3x3,81,impostor,16461.0
pooled_3x3,81,impostor,21967.0
pooled_3x3,81,impostor,13907.0
pooled_3x3,81,impostor,23994.0
pooled_3x3,81,impostor,18441.0
pooled_3x3,81,impostor,17786.0
pooled_3x3,81,impostor,17598.0
pooled_3x3,81,impostor,16694.0
pooled_3x3,81,impostor,19458.0
pooled_3x3,81,impostor,5525.0
pooled_3x3,81,impostor,5828.0
pooled_3x3,81,impostor,3487.0
pooled_3x3,81,impostor,4027.0
pooled_3x3,81,impostor,4187.0
pooled_3x3,81,impostor,3581.0
pooled_3x3,81,impostor,7776.0
pooled_3x3,81,impostor,9735.0
pooled_3x3,81,impostor,21778.0
pooled_3x3,81,impostor,18324.0
pooled_3x3,81,impostor,16396.0
pooled_3x3,81,impostor,15913.0
pooled_3x3,81,impostor,11605.0
pooled_3x3,81,impostor,17015.0
pooled_3x3,81,impostor,17884.0
pooled_3x3,81,impostor,18819.0
pooled_3x3,81,impostor,2858.0
pooled_3x3,81,impostor,17263.0
pooled_3x3,81,impostor,8195.0
pooled_3x3,81,impostor,8727.0
pooled_3x3,81,impostor,4081.0
pooled_3x3,81,impostor,5669.0
pooled_3x3,81,impostor,2209.0
pooled_3x3,81,impostor,3901.0
pooled_3x3,81,impostor,15709.0
pooled_3x3,81,impostor,16486.0
pooled_3x3,81,impostor,16957.0
pooled_3x3,81,impostor,15225.0
pooled_3x3,81,impostor,17812.0
pooled_3x3,81,impostor,17514.0
pooled_3x3,81,impostor,17293.0
pooled_3x3,81,impostor,14268.0
pooled_3x3,81,impostor,12436.0
pooled_3x3,81,impostor,11495.0
pooled_3x3,81,impostor,12670.0
pooled_3x3,81,impostor,10772.0
pooled_3x3,81,impostor,12549.0
pooled_3x3,81,impostor,11786.0
pooled_3x3,81,impostor,12936.0
pooled_3x3,81,impostor,8234.0
pooled_3x3,81,impostor,22770.0
pooled_3x3,81,impostor,28165.0
pooled_3x3,81,impostor,25596.0
pooled_3x3,81,impostor,24864.0
pooled_3x3,81,impostor,31424.0
pooled_3x3,81,impostor,43856.0
pooled_3x3,81,impostor,34380.0
pooled_3x3,81,impostor,24957.0
pooled_3x3,81,impostor,19089.0
pooled_3x3,81,impostor,20087.0
pooled_3x3,81,impostor,19104.0
pooled_3x3,81,impostor,30017.0
pooled_3x3,81,impostor,29906.0
pooled_3x3,81,impostor,26532.0
pooled_3x3,81,impostor,25486.0
pooled_3x3,81,impostor,32428.0
pooled_3x3,81,impostor,11915.0
pooled_3x3,81,impostor,7278.0
pooled_3x3,81,impostor,8527.0
pooled_3x3,81,impostor,10083.0
pooled_3x3,81,impostor,12937.0
pooled_3x3,81,impostor,4431.0
pooled_3x3,81,impostor,18378.0
pooled_3x3,81,impostor,7409.0
pooled_3x3,81,impostor,26442.0
pooled_3x3,81,impostor,27280.0
pooled_3x3,81,impostor,22918.0
pooled_3x3,81,impostor,23313.0
pooled_3x3,81,impostor,15967.0
pooled_3x3,81,impostor,25619.0
pooled_3x3,81,impostor,27380.0
pooled_3x3,81,impostor,28335.0
pooled_3x3,81,impostor,12042.0
pooled_3x3,81,impostor,8853.0
pooled_3x3,81,impostor,4745.0
pooled_3x3,81,impostor,15043.0
pooled_3x3,81,impostor,14271.0
pooled_3x3,81,impostor,5591.0
pooled_3x3,81,impostor,5631.0
pooled_3x3,81,impostor,6177.0
pooled_3x3,81,impostor,19361.0
pooled_3x3,81,impostor,28134.0
pooled_3x3,81,impostor,17901.0
pooled_3x3,81,impostor,19791.0
pooled_3x3,81,impostor,28690.0
pooled_3x3,81,impostor,25454.0
pooled_3x3,81,impostor,26993.0
pooled_3x3,81,impostor,25730.0
pooled_3x3,81,impostor,13846.0
pooled_3x3,81,impostor,12851.0
pooled_3x3,81,impostor,13440.0
pooled_3x3,81,impostor,12622.0
pooled_3x3,81,impostor,14691.0
pooled_3x3,81,impostor,12598.0
pooled_3x3,81,impostor,8542.0
pooled_3x3,81,impostor,11004.0
pooled_3x3,81,impostor,24660.0
pooled_3x3,81,impostor,30715.0
pooled_3x3,81,impostor,26494.0
pooled_3x3,81,impostor,27210.0
pooled_3x3,81,impostor,32426.0
pooled_3x3,81,impostor,45104.0
pooled_3x3,81,impostor,37410.0
pooled_3x3,81,impostor,27959.0
pooled_3x3,81,impostor,17203.0
pooled_3x3,81,impostor,21755.0
pooled_3x3,81,impostor,16548.0
pooled_3x3,81,impostor,33921.0
pooled_3x3,81,impostor,35356.0
pooled_3x3,81,impostor,29058.0
pooled_3x3,81,impostor,27850.0
pooled_3x3,81,impostor,37368.0
pooled_3x3,81,impostor,16151.0
pooled_3x3,81,impostor,9332.0
pooled_3x3,81,impostor,11831.0
pooled_3x3,81,impostor,13425.0
pooled_3x3,81,impostor,16381.0
pooled_3x3,81,impostor,7065.0
pooled_3x3,81,impostor,22996.0
pooled_3x3,81,impostor,8433.0
pooled_3x3,81,impostor,26812.0
pooled_3x3,81,impostor,30490.0
pooled_3x3,81,impostor,24984.0
pooled_3x3,81,impostor,25833.0
pooled_3x3,81,impostor,17913.0
pooled_3x3,81,impostor,28997.0
pooled_3x3,81,impostor,30396.0
pooled_3x3,81,impostor,31457.0
pooled_3x3,81,impostor,15764.0
pooled_3x3,81,impostor,6551.0
pooled_3x3,81,impostor,5451.0
pooled_3x3,81,impostor,18673.0
pooled_3x3,81,impostor,18079.0
pooled_3x3,81,impostor,8061.0
pooled_3x3,81,impostor,9209.0
pooled_3x3,81,impostor,9113.0
pooled_3x3,81,impostor,19031.0
pooled_3x3,81,impostor,29918.0
pooled_3x3,81,impostor,16865.0
pooled_3x3,81,impostor,20171.0
pooled_3x3,81,impostor,30350.0
pooled_3x3,81,impostor,26666.0
pooled_3x3,81,impostor,28563.0
pooled_3x3,81,impostor,28472.0
pooled_3x3,81,impostor,14406.0
pooled_3x3,81,impostor,13469.0
pooled_3x3,81,impostor,14134.0
pooled_3x3,81,impostor,14220.0
pooled_3x3,81,impostor,16397.0
pooled_3x3,81,impostor,13874.0
pooled_3x3,81,impostor,8068.0
pooled_3x3,81,impostor,12000.0
pooled_3x3,81,impostor,27102.0
pooled_3x3,81,impostor,33323.0
pooled_3x3,81,impostor,28322.0
pooled_3x3,81,impostor,29826.0
pooled_3x3,81,impostor,34520.0
pooled_3x3,81,impostor,47902.0
pooled_3x3,81,impostor,41018.0
pooled_3x3,81,impostor,31433.0
pooled_3x3,81,impostor,17049.0
pooled_3x3,81,impostor,23687.0
pooled_3x3,81,impostor,16404.0
pooled_3x3,81,impostor,38031.0
pooled_3x3,81,impostor,39948.0
pooled_3x3,81,impostor,30938.0
pooled_3x3,81,impostor,30756.0
pooled_3x3,81,impostor,41104.0
pooled_3x3,81,impostor,19315.0
pooled_3x3,81,impostor,12960.0
pooled_3x3,81,impostor,15323.0
pooled_3x3,81,impostor,16863.0
pooled_3x3,81,impostor,20791.0
pooled_3x3,81,impostor,10229.0
pooled_3x3,81,impostor,26834.0
pooled_3x3,81,impostor,9197.0
pooled_3x3,81,impostor,29354.0
pooled_3x3,81,impostor,32800.0
pooled_3x3,81,impostor,28204.0
pooled_3x3,81,impostor,27293.0
pooled_3x3,81,impostor,19621.0
pooled_3x3,81,impostor,31617.0
pooled_3x3,81,impostor,33492.0
pooled_3x3,81,impostor,34109.0
pooled_3x3,81,impostor,19870.0
pooled_3x3,81,impostor,6623.0
pooled_3x3,81,impostor,6599.0
pooled_3x3,81,impostor,22095.0
pooled_3x3,81,impostor,21939.0
pooled_3x3,81,impostor,10383.0
pooled_3x3,81,impostor,12565.0
pooled_3x3,81,impostor,11881.0
pooled_3x3,81,impostor,20603.0
pooled_3x3,81,impostor,33306.0
pooled_3x3,81,impostor,17751.0
pooled_3x3,81,impostor,21421.0
pooled_3x3,81,impostor,33324.0
pooled_3x3,81,impostor,29258.0
pooled_3x3,81,impostor,31151.0
pooled_3x3,81,impostor,32020.0
pooled_3x3,81,impostor,17134.0
pooled_3x3,81,impostor,16289.0
pooled_3x3,81,impostor,16898.0
pooled_3x3,81,impostor,17568.0
pooled_3x3,81,impostor,19747.0
pooled_3x3,81,impostor,17164.0
pooled_3x3,81,impostor,10312.0
pooled_3x3,81,impostor,15380.0
pooled_3x3,81,impostor,18615.0
pooled_3x3,81,impostor,21788.0
pooled_3x3,81,impostor,25109.0
pooled_3x3,81,impostor,19787.0
pooled_3x3,81,impostor,25901.0
pooled_3x3,81,impostor,34699.0
pooled_3x3,81,impostor,24913.0
pooled_3x3,81,impostor,19414.0
pooled_3x3,81,impostor,26326.0
pooled_3x3,81,impostor,18084.0
pooled_3x3,81,impostor,29187.0
pooled_3x3,81,impostor,20426.0
pooled_3x3,81,impostor,20013.0
pooled_3x3,81,impostor,21477.0
pooled_3x3,81,impostor,21135.0
pooled_3x3,81,impostor,22591.0
pooled_3x3,81,impostor,4822.0
pooled_3x3,81,impostor,10805.0
pooled_3x3,81,impostor,6080.0
pooled_3x3,81,impostor,5724.0
pooled_3x3,81,impostor,10872.0
pooled_3x3,81,impostor,7066.0
pooled_3x3,81,impostor,8267.0
pooled_3x3,81,impostor,6746.0
pooled_3x3,81,impostor,22071.0
pooled_3x3,81,impostor,17885.0
pooled_3x3,81,impostor,16837.0
pooled_3x3,81,impostor,16490.0
pooled_3x3,81,impostor,13996.0
pooled_3x3,81,impostor,17464.0
pooled_3x3,81,impostor,18661.0
pooled_3x3,81,impostor,19154.0
pooled_3x3,81,impostor,8581.0
pooled_3x3,81,impostor,14210.0
pooled_3x3,81,impostor,6000.0
pooled_3x3,81,impostor,5982.0
pooled_3x3,81,impostor,8668.0
pooled_3x3,81,impostor,3542.0
pooled_3x3,81,impostor,4954.0
pooled_3x3,81,impostor,3756.0
pooled_3x3,81,impostor,21760.0
pooled_3x3,81,impostor,22187.0
pooled_3x3,81,impostor,22794.0
pooled_3x3,81,impostor,21176.0
pooled_3x3,81,impostor,23117.0
pooled_3x3,81,impostor,21615.0
pooled_3x3,81,impostor,21990.0
pooled_3x3,81,impostor,18659.0
pooled_3x3,81,impostor,13565.0
pooled_3x3,81,impostor,12862.0
pooled_3x3,81,impostor,12947.0
pooled_3x3,81,impostor,10781.0
pooled_3x3,81,impostor,12118.0
pooled_3x3,81,impostor,11255.0
pooled_3x3,81,impostor,10881.0
pooled_3x3,81,impostor,10317.0
pooled_3x3,81,impostor,12563.0
pooled_3x3,81,impostor,3947.0
pooled_3x3,81,impostor,16510.0
pooled_3x3,81,impostor,9535.0
pooled_3x3,81,impostor,16288.0
pooled_3x3,81,impostor,4830.0
pooled_3x3,81,impostor,5808.0
pooled_3x3,81,impostor,9396.0
pooled_3x3,81,impostor,11933.0
pooled_3x3,81,impostor,16228.0
pooled_3x3,81,impostor,12197.0
pooled_3x3,81,impostor,10645.0
pooled_3x3,81,impostor,12541.0
pooled_3x3,81,impostor,16147.0
pooled_3x3,81,impostor,8516.0
pooled_3x3,81,impostor,17539.0
pooled_3x3,81,impostor,10314.0
pooled_3x3,81,impostor,6152.0
pooled_3x3,81,impostor,8938.0
pooled_3x3,81,impostor,3889.0
pooled_3x3,81,impostor,5881.0
pooled_3x3,81,impostor,5309.0
pooled_3x3,81,impostor,7516.0
pooled_3x3,81,impostor,6747.0
pooled_3x3,81,impostor,10794.0
pooled_3x3,81,impostor,21177.0
pooled_3x3,81,impostor,16617.0
pooled_3x3,81,impostor,11857.0
pooled_3x3,81,impostor,9645.0
pooled_3x3,81,impostor,16753.0
pooled_3x3,81,impostor,15511.0
pooled_3x3,81,impostor,15375.0
pooled_3x3,81,impostor,5293.0
pooled_3x3,81,impostor,2558.0
pooled_3x3,81,impostor,8835.0
pooled_3x3,81,impostor,5299.0
pooled_3x3,81,impostor,1998.0
pooled_3x3,81,impostor,2482.0
pooled_3x3,81,impostor,1643.0
pooled_3x3,81,impostor,2668.0
pooled_3x3,81,impostor,10642.0
pooled_3x3,81,impostor,11329.0
pooled_3x3,81,impostor,11978.0
pooled_3x3,81,impostor,12128.0
pooled_3x3,81,impostor,12349.0
pooled_3x3,81,impostor,12700.0
pooled_3x3,81,impostor,16910.0
pooled_3x3,81,impostor,8204.0
pooled_3x3,81,impostor,16552.0
pooled_3x3,81,impostor,5428.0
pooled_3x3,81,impostor,21039.0
pooled_3x3,81,impostor,8914.0
pooled_3x3,81,impostor,15785.0
pooled_3x3,81,impostor,5319.0
pooled_3x3,81,impostor,6223.0
pooled_3x3,81,impostor,7839.0
pooled_3x3,81,impostor,14266.0
pooled_3x3,81,impostor,21165.0
pooled_3x3,81,impostor,15678.0
pooled_3x3,81,impostor,13950.0
pooled_3x3,81,impostor,16222.0
pooled_3x3,81,impostor,20630.0
pooled_3x3,81,impostor,9523.0
pooled_3x3,81,impostor,21970.0
pooled_3x3,81,impostor,12163.0
pooled_3x3,81,impostor,6723.0
pooled_3x3,81,impostor,10559.0
pooled_3x3,81,impostor,5738.0
pooled_3x3,81,impostor,8620.0
pooled_3x3,81,impostor,5618.0
pooled_3x3,81,impostor,8081.0
pooled_3x3,81,impostor,7026.0
pooled_3x3,81,impostor,14017.0
pooled_3x3,81,impostor,27106.0
pooled_3x3,81,impostor,21238.0
pooled_3x3,81,impostor,13542.0
pooled_3x3,81,impostor,12002.0
pooled_3x3,81,impostor,20584.0
pooled_3x3,81,impostor,19284.0
pooled_3x3,81,impostor,19258.0
pooled_3x3,81,impostor,7514.0
pooled_3x3,81,impostor,3329.0
pooled_3x3,81,impostor,12314.0
pooled_3x3,81,impostor,8292.0
pooled_3x3,81,impostor,2369.0
pooled_3x3,81,impostor,2831.0
pooled_3x3,81,impostor,2208.0
pooled_3x3,81,impostor,2549.0
pooled_3x3,81,impostor,15087.0
pooled_3x3,81,impostor,15850.0
pooled_3x3,81,impostor,16385.0
pooled_3x3,81,impostor,15841.0
pooled_3x3,81,impostor,15628.0
pooled_3x3,81,impostor,16449.0
pooled_3x3,81,impostor,21997.0
pooled_3x3,81,impostor,11383.0
pooled_3x3,81,impostor,7905.0
pooled_3x3,81,impostor,5441.0
pooled_3x3,81,impostor,11338.0
pooled_3x3,81,impostor,18347.0
pooled_3x3,81,impostor,25416.0
pooled_3x3,81,impostor,6004.0
pooled_3x3,81,impostor,9040.0
pooled_3x3,81,impostor,17748.0
pooled_3x3,81,impostor,16017.0
pooled_3x3,81,impostor,17398.0
pooled_3x3,81,impostor,14487.0
pooled_3x3,81,impostor,14091.0
pooled_3x3,81,impostor,14395.0
pooled_3x3,81,impostor,18291.0
pooled_3x3,81,impostor,14518.0
pooled_3x3,81,impostor,20419.0
pooled_3x3,81,impostor,17162.0
pooled_3x3,81,impostor,13564.0
pooled_3x3,81,impostor,16576.0
pooled_3x3,81,impostor,7465.0
pooled_3x3,81,impostor,7493.0
pooled_3x3,81,impostor,11727.0
pooled_3x3,81,impostor,15740.0
pooled_3x3,81,impostor,14157.0
pooled_3x3,81,impostor,14544.0
pooled_3x3,81,impostor,23449.0
pooled_3x3,81,impostor,20627.0
pooled_3x3,81,impostor,19409.0
pooled_3x3,81,impostor,13947.0
pooled_3x3,81,impostor,22127.0
pooled_3x3,81,impostor,19699.0
pooled_3x3,81,impostor,19881.0
pooled_3x3,81,impostor,4391.0
pooled_3x3,81,impostor,6172.0
pooled_3x3,81,impostor,5605.0
pooled_3x3,81,impostor,3115.0
pooled_3x3,81,impostor,4932.0
pooled_3x3,81,impostor,4916.0
pooled_3x3,81,impostor,4493.0
pooled_3x3,81,impostor,8390.0
pooled_3x3,81,impostor,15406.0
pooled_3x3,81,impostor,16103.0
pooled_3x3,81,impostor,17384.0
pooled_3x3,81,impostor,18476.0
pooled_3x3,81,impostor,18473.0
pooled_3x3,81,impostor,18360.0
pooled_3x3,81,impostor,21302.0
pooled_3x3,81,impostor,12164.0
pooled_3x3,81,impostor,15391.0
pooled_3x3,81,impostor,4597.0
pooled_3x3,81,impostor,19944.0
pooled_3x3,81,impostor,8025.0
pooled_3x3,81,impostor,13796.0
pooled_3x3,81,impostor,5204.0
pooled_3x3,81,impostor,4904.0
pooled_3x3,81,impostor,6814.0
pooled_3x3,81,impostor,13333.0
pooled_3x3,81,impostor,19594.0
pooled_3x3,81,impostor,14791.0
pooled_3x3,81,impostor,13397.0
pooled_3x3,81,impostor,15893.0
pooled_3x3,81,impostor,18851.0
pooled_3x3,81,impostor,9460.0
pooled_3x3,81,impostor,20053.0
pooled_3x3,81,impostor,11644.0
pooled_3x3,81,impostor,6970.0
pooled_3x3,81,impostor,10012.0
pooled_3x3,81,impostor,6245.0
pooled_3x3,81,impostor,7253.0
pooled_3x3,81,impostor,4821.0
pooled_3x3,81,impostor,7872.0
pooled_3x3,81,impostor,6945.0
pooled_3x3,81,impostor,13654.0
pooled_3x3,81,impostor,24891.0
pooled_3x3,81,impostor,18837.0
pooled_3x3,81,impostor,12111.0
pooled_3x3,81,impostor,11759.0
pooled_3x3,81,impostor,18139.0
pooled_3x3,81,impostor,17569.0
pooled_3x3,81,impostor,17297.0
pooled_3x3,81,impostor,6243.0
pooled_3x3,81,impostor,4002.0
pooled_3x3,81,impostor,11539.0
pooled_3x3,81,impostor,8079.0
pooled_3x3,81,impostor,2910.0
pooled_3x3,81,impostor,2126.0
pooled_3x3,81,impostor,2587.0
pooled_3x3,81,impostor,2024.0
pooled_3x3,81,impostor,13844.0
pooled_3x3,81,impostor,14591.0
pooled_3x3,81,impostor,14880.0
pooled_3x3,81,impostor,13918.0
pooled_3x3,81,impostor,13567.0
pooled_3x3,81,impostor,14356.0
pooled_3x3,81,impostor,19268.0
pooled_3x3,81,impostor,9800.0
pooled_3x3,81,impostor,14799.0
pooled_3x3,81,impostor,7429.0
pooled_3x3,81,impostor,19100.0
pooled_3x3,81,impostor,10305.0
pooled_3x3,81,impostor,19298.0
pooled_3x3,81,impostor,7344.0
pooled_3x3,81,impostor,9132.0
pooled_3x3,81,impostor,10814.0
pooled_3x3,81,impostor,18531.0
pooled_3x3,81,impostor,23854.0
pooled_3x3,81,impostor,19695.0
pooled_3x3,81,impostor,17199.0
pooled_3x3,81,impostor,19959.0
pooled_3x3,81,impostor,24607.0
pooled_3x3,81,impostor,13054.0
pooled_3x3,81,impostor,24979.0
pooled_3x3,81,impostor,9758.0
pooled_3x3,81,impostor,6540.0
pooled_3x3,81,impostor,9534.0
pooled_3x3,81,impostor,5525.0
pooled_3x3,81,impostor,10345.0
pooled_3x3,81,impostor,5905.0
pooled_3x3,81,impostor,8114.0
pooled_3x3,81,impostor,7047.0
pooled_3x3,81,impostor,18706.0
pooled_3x3,81,impostor,25975.0
pooled_3x3,81,impostor,23291.0
pooled_3x3,81,impostor,15939.0
pooled_3x3,81,impostor,16185.0
pooled_3x3,81,impostor,24319.0
pooled_3x3,81,impostor,24095.0
pooled_3x3,81,impostor,23705.0
pooled_3x3,81,impostor,8989.0
pooled_3x3,81,impostor,4898.0
pooled_3x3,81,impostor,12803.0
pooled_3x3,81,impostor,9141.0
pooled_3x3,81,impostor,3448.0
pooled_3x3,81,impostor,3186.0
pooled_3x3,81,impostor,2665.0
pooled_3x3,81,impostor,4686.0
pooled_3x3,81,impostor,14244.0
pooled_3x3,81,impostor,15343.0
pooled_3x3,81,impostor,15416.0
pooled_3x3,81,impostor,15662.0
pooled_3x3,81,impostor,14855.0
pooled_3x3,81,impostor,15656.0
pooled_3x3,81,impostor,20820.0
pooled_3x3,81,impostor,12042.0
pooled_3x3,81,impostor,24977.0
pooled_3x3,81,impostor,13093.0
pooled_3x3,81,impostor,29800.0
pooled_3x3,81,impostor,10075.0
pooled_3x3,81,impostor,21232.0
pooled_3x3,81,impostor,11666.0
pooled_3x3,81,impostor,13300.0
pooled_3x3,81,impostor,10840.0
pooled_3x3,81,impostor,27017.0
pooled_3x3,81,impostor,34906.0
pooled_3x3,81,impostor,29277.0
pooled_3x3,81,impostor,25439.0
pooled_3x3,81,impostor,28431.0
pooled_3x3,81,impostor,35539.0
pooled_3x3,81,impostor,18030.0
pooled_3x3,81,impostor,36497.0
pooled_3x3,81,impostor,10918.0
pooled_3x3,81,impostor,8022.0
pooled_3x3,81,impostor,11406.0
pooled_3x3,81,impostor,10185.0
pooled_3x3,81,impostor,19073.0
pooled_3x3,81,impostor,8221.0
pooled_3x3,81,impostor,8502.0
pooled_3x3,81,impostor,7479.0
pooled_3x3,81,impostor,26076.0
pooled_3x3,81,impostor,36623.0
pooled_3x3,81,impostor,33923.0
pooled_3x3,81,impostor,21045.0
pooled_3x3,81,impostor,22587.0
pooled_3x3,81,impostor,34651.0
pooled_3x3,81,impostor,34029.0
pooled_3x3,81,impostor,33615.0
pooled_3x3,81,impostor,16343.0
pooled_3x3,81,impostor,6500.0
pooled_3x3,81,impostor,22265.0
pooled_3x3,81,impostor,17259.0
pooled_3x3,81,impostor,5686.0
pooled_3x3,81,impostor,6906.0
pooled_3x3,81,impostor,5393.0
pooled_3x3,81,impostor,7122.0
pooled_3x3,81,impostor,21418.0
pooled_3x3,81,impostor,22589.0
pooled_3x3,81,impostor,22530.0
pooled_3x3,81,impostor,22618.0
pooled_3x3,81,impostor,22095.0
pooled_3x3,81,impostor,23762.0
pooled_3x3,81,impostor,30678.0
pooled_3x3,81,impostor,19924.0
pooled_3x3,81,impostor,27595.0
pooled_3x3,81,impostor,11297.0
pooled_3x3,81,impostor,32006.0
pooled_3x3,81,impostor,2945.0
pooled_3x3,81,impostor,9536.0
pooled_3x3,81,impostor,11410.0
pooled_3x3,81,impostor,9382.0
pooled_3x3,81,impostor,3056.0
pooled_3x3,81,impostor,20621.0
pooled_3x3,81,impostor,28306.0
pooled_3x3,81,impostor,23175.0
pooled_3x3,81,impostor,19795.0
pooled_3x3,81,impostor,22459.0
pooled_3x3,81,impostor,27555.0
pooled_3x3,81,impostor,11838.0
pooled_3x3,81,impostor,30071.0
pooled_3x3,81,impostor,9042.0
pooled_3x3,81,impostor,5446.0
pooled_3x3,81,impostor,7060.0
pooled_3x3,81,impostor,10219.0
pooled_3x3,81,impostor,15169.0
pooled_3x3,81,impostor,4205.0
pooled_3x3,81,impostor,4142.0
pooled_3x3,81,impostor,4061.0
pooled_3x3,81,impostor,18982.0
pooled_3x3,81,impostor,33185.0
pooled_3x3,81,impostor,26131.0
pooled_3x3,81,impostor,12581.0
pooled_3x3,81,impostor,16139.0
pooled_3x3,81,impostor,24985.0
pooled_3x3,81,impostor,24359.0
pooled_3x3,81,impostor,24261.0
pooled_3x3,81,impostor,15353.0
pooled_3x3,81,impostor,6094.0
pooled_3x3,81,impostor,23041.0
pooled_3x3,81,impostor,18217.0
pooled_3x3,81,impostor,6130.0
pooled_3x3,81,impostor,6218.0
pooled_3x3,81,impostor,5891.0
pooled_3x3,81,impostor,2710.0
pooled_3x3,81,impostor,17220.0
pooled_3x3,81,impostor,17871.0
pooled_3x3,81,impostor,17596.0
pooled_3x3,81,impostor,15542.0
pooled_3x3,81,impostor,15399.0
pooled_3x3,81,impostor,17214.0
pooled_3x3,81,impostor,24484.0
pooled_3x3,81,impostor,14458.0
pooled_3x3,81,impostor,21728.0
pooled_3x3,81,impostor,7902.0
pooled_3x3,81,impostor,27161.0
pooled_3x3,81,impostor,9924.0
pooled_3x3,81,impostor,8775.0
pooled_3x3,81,impostor,9855.0
pooled_3x3,81,impostor,5333.0
pooled_3x3,81,impostor,6367.0
pooled_3x3,81,impostor,15604.0
pooled_3x3,81,impostor,21501.0
pooled_3x3,81,impostor,18054.0
pooled_3x3,81,impostor,17820.0
pooled_3x3,81,impostor,19492.0
pooled_3x3,81,impostor,20338.0
pooled_3x3,81,impostor,13199.0
pooled_3x3,81,impostor,20556.0
pooled_3x3,81,impostor,18083.0
pooled_3x3,81,impostor,13717.0
pooled_3x3,81,impostor,15145.0
pooled_3x3,81,impostor,14796.0
pooled_3x3,81,impostor,9094.0
pooled_3x3,81,impostor,7820.0
pooled_3x3,81,impostor,12633.0
pooled_3x3,81,impostor,11958.0
pooled_3x3,81,impostor,17147.0
pooled_3x3,81,impostor,28114.0
pooled_3x3,81,impostor,19036.0
pooled_3x3,81,impostor,12324.0
pooled_3x3,81,impostor,15112.0
pooled_3x3,81,impostor,17078.0
pooled_3x3,81,impostor,18254.0
pooled_3x3,81,impostor,16742.0
pooled_3x3,81,impostor,9888.0
pooled_3x3,81,impostor,12067.0
pooled_3x3,81,impostor,17370.0
pooled_3x3,81,impostor,15012.0
pooled_3x3,81,impostor,10169.0
pooled_3x3,81,impostor,5689.0
pooled_3x3,81,impostor,9556.0
pooled_3x3,81,impostor,4999.0
pooled_3x3,81,impostor,19423.0
pooled_3x3,81,impostor,19780.0
pooled_3x3,81,impostor,19545.0
pooled_3x3,81,impostor,16095.0
pooled_3x3,81,impostor,14740.0
pooled_3x3,81,impostor,15775.0
pooled_3x3,81,impostor,20005.0
pooled_3x3,81,impostor,11801.0
pooled_3x3,81,impostor,21628.0
pooled_3x3,81,impostor,17067.0
pooled_3x3,81,impostor,17750.0
pooled_3x3,81,impostor,18604.0
pooled_3x3,81,impostor,19622.0
pooled_3x3,81,impostor,18222.0
pooled_3x3,81,impostor,23991.0
pooled_3x3,81,impostor,17934.0
pooled_3x3,81,impostor,21865.0
pooled_3x3,81,impostor,23425.0
pooled_3x3,81,impostor,23439.0
pooled_3x3,81,impostor,14554.0
pooled_3x3,81,impostor,11140.0
pooled_3x3,81,impostor,21716.0
pooled_3x3,81,impostor,25823.0
pooled_3x3,81,impostor,24406.0
pooled_3x3,81,impostor,19847.0
pooled_3x3,81,impostor,16598.0
pooled_3x3,81,impostor,17920.0
pooled_3x3,81,impostor,24244.0
pooled_3x3,81,impostor,20032.0
pooled_3x3,81,impostor,23008.0
pooled_3x3,81,impostor,21804.0
pooled_3x3,81,impostor,20006.0
pooled_3x3,81,impostor,6092.0
pooled_3x3,81,impostor,16863.0
pooled_3x3,81,impostor,2326.0
pooled_3x3,81,impostor,4884.0
pooled_3x3,81,impostor,16181.0
pooled_3x3,81,impostor,12853.0
pooled_3x3,81,impostor,14770.0
pooled_3x3,81,impostor,20431.0
pooled_3x3,81,impostor,17033.0
pooled_3x3,81,impostor,17446.0
pooled_3x3,81,impostor,18869.0
pooled_3x3,81,impostor,20987.0
pooled_3x3,81,impostor,21272.0
pooled_3x3,81,impostor,20317.0
pooled_3x3,81,impostor,19031.0
pooled_3x3,81,impostor,14907.0
pooled_3x3,81,impostor,13298.0
pooled_3x3,81,impostor,16081.0
pooled_3x3,81,impostor,13276.0
pooled_3x3,81,impostor,13258.0
pooled_3x3,81,impostor,14368.0
pooled_3x3,81,impostor,15430.0
pooled_3x3,81,impostor,12373.0
pooled_3x3,81,impostor,15280.0
pooled_3x3,81,impostor,16443.0
pooled_3x3,81,impostor,9739.0
pooled_3x3,81,impostor,14385.0
pooled_3x3,81,impostor,5766.0
pooled_3x3,81,impostor,3756.0
pooled_3x3,81,impostor,6770.0
pooled_3x3,81,impostor,11147.0
pooled_3x3,81,impostor,9566.0
pooled_3x3,81,impostor,11443.0
pooled_3x3,81,impostor,21638.0
pooled_3x3,81,impostor,16606.0
pooled_3x3,81,impostor,14360.0
pooled_3x3,81,impostor,11958.0
pooled_3x3,81,impostor,16858.0
pooled_3x3,81,impostor,15798.0
pooled_3x3,81,impostor,14394.0
pooled_3x3,81,impostor,3368.0
pooled_3x3,81,impostor,5531.0
pooled_3x3,81,impostor,7290.0
pooled_3x3,81,impostor,4038.0
pooled_3x3,81,impostor,3813.0
pooled_3x3,81,impostor,3057.0
pooled_3x3,81,impostor,3522.0
pooled_3x3,81,impostor,5727.0
pooled_3x3,81,impostor,14937.0
pooled_3x3,81,impostor,15406.0
pooled_3x3,81,impostor,16273.0
pooled_3x3,81,impostor,16183.0
pooled_3x3,81,impostor,16740.0
pooled_3x3,81,impostor,16813.0
pooled_3x3,81,impostor,18857.0
pooled_3x3,81,impostor,10935.0
pooled_3x3,81,impostor,24699.0
pooled_3x3,81,impostor,17032.0
pooled_3x3,81,impostor,19269.0
pooled_3x3,81,impostor,20025.0
pooled_3x3,81,impostor,20415.0
pooled_3x3,81,impostor,18557.0
pooled_3x3,81,impostor,26952.0
pooled_3x3,81,impostor,20341.0
pooled_3x3,81,impostor,22826.0
pooled_3x3,81,impostor,27920.0
pooled_3x3,81,impostor,24972.0
pooled_3x3,81,impostor,19339.0
pooled_3x3,81,impostor,16009.0
pooled_3x3,81,impostor,27167.0
pooled_3x3,81,impostor,29690.0
pooled_3x3,81,impostor,29035.0
pooled_3x3,81,impostor,21954.0
pooled_3x3,81,impostor,16393.0
pooled_3x3,81,impostor,18623.0
pooled_3x3,81,impostor,26695.0
pooled_3x3,81,impostor,22087.0
pooled_3x3,81,impostor,24679.0
pooled_3x3,81,impostor,22745.0
pooled_3x3,81,impostor,21713.0
pooled_3x3,81,impostor,10137.0
pooled_3x3,81,impostor,21186.0
pooled_3x3,81,impostor,3975.0
pooled_3x3,81,impostor,8651.0
pooled_3x3,81,impostor,21598.0
pooled_3x3,81,impostor,18264.0
pooled_3x3,81,impostor,19941.0
pooled_3x3,81,impostor,25144.0
pooled_3x3,81,impostor,17166.0
pooled_3x3,81,impostor,17371.0
pooled_3x3,81,impostor,18926.0
pooled_3x3,81,impostor,21438.0
pooled_3x3,81,impostor,22027.0
pooled_3x3,81,impostor,20798.0
pooled_3x3,81,impostor,19278.0
pooled_3x3,81,impostor,15952.0
pooled_3x3,81,impostor,19374.0
pooled_3x3,81,impostor,24693.0
pooled_3x3,81,impostor,21030.0
pooled_3x3,81,impostor,16954.0
pooled_3x3,81,impostor,19592.0
pooled_3x3,81,impostor,24222.0
pooled_3x3,81,impostor,10883.0
pooled_3x3,81,impostor,29312.0
pooled_3x3,81,impostor,7077.0
pooled_3x3,81,impostor,5989.0
pooled_3x3,81,impostor,3793.0
pooled_3x3,81,impostor,12172.0
pooled_3x3,81,impostor,17256.0
pooled_3x3,81,impostor,5524.0
pooled_3x3,81,impostor,3579.0
pooled_3x3,81,impostor,4728.0
pooled_3x3,81,impostor,16747.0
pooled_3x3,81,impostor,30016.0
pooled_3x3,81,impostor,22432.0
pooled_3x3,81,impostor,9016.0
pooled_3x3,81,impostor,14044.0
pooled_3x3,81,impostor,21072.0
pooled_3x3,81,impostor,20448.0
pooled_3x3,81,impostor,21266.0
pooled_3x3,81,impostor,20524.0
pooled_3x3,81,impostor,9685.0
pooled_3x3,81,impostor,26508.0
pooled_3x3,81,impostor,22646.0
pooled_3x3,81,impostor,11209.0
pooled_3x3,81,impostor,10259.0
pooled_3x3,81,impostor,10414.0
pooled_3x3,81,impostor,5099.0
pooled_3x3,81,impostor,12673.0
pooled_3x3,81,impostor,13000.0
pooled_3x3,81,impostor,12409.0
pooled_3x3,81,impostor,9597.0
pooled_3x3,81,impostor,9670.0
pooled_3x3,81,impostor,11505.0
pooled_3x3,81,impostor,19033.0
pooled_3x3,81,impostor,11345.0
pooled_3x3,81,impostor,19873.0
pooled_3x3,81,impostor,24872.0
pooled_3x3,81,impostor,22189.0
pooled_3x3,81,impostor,19931.0
pooled_3x3,81,impostor,20775.0
pooled_3x3,81,impostor,23879.0
pooled_3x3,81,impostor,12628.0
pooled_3x3,81,impostor,27933.0
pooled_3x3,81,impostor,17984.0
pooled_3x3,81,impostor,12182.0
pooled_3x3,81,impostor,12092.0
pooled_3x3,81,impostor,18005.0
pooled_3x3,81,impostor,16343.0
pooled_3x3,81,impostor,8549.0
pooled_3x3,81,impostor,9116.0
pooled_3x3,81,impostor,9925.0
pooled_3x3,81,impostor,17884.0
pooled_3x3,81,impostor,35129.0
pooled_3x3,81,impostor,23729.0
pooled_3x3,81,impostor,11663.0
pooled_3x3,81,impostor,16905.0
pooled_3x3,81,impostor,20705.0
pooled_3x3,81,impostor,20501.0
pooled_3x3,81,impostor,20309.0
pooled_3x3,81,impostor,24115.0
pooled_3x3,81,impostor,16072.0
pooled_3x3,81,impostor,31971.0
pooled_3x3,81,impostor,26943.0
pooled_3x3,81,impostor,16152.0
pooled_3x3,81,impostor,15368.0
pooled_3x3,81,impostor,16111.0
pooled_3x3,81,impostor,8300.0
pooled_3x3,81,impostor,19372.0
pooled_3x3,81,impostor,19771.0
pooled_3x3,81,impostor,19004.0
pooled_3x3,81,impostor,15030.0
pooled_3x3,81,impostor,14509.0
pooled_3x3,81,impostor,16224.0
pooled_3x3,81,impostor,23032.0
pooled_3x3,81,impostor,15830.0
pooled_3x3,81,impostor,14735.0
pooled_3x3,81,impostor,20532.0
pooled_3x3,81,impostor,16023.0
pooled_3x3,81,impostor,15829.0
pooled_3x3,81,impostor,17139.0
pooled_3x3,81,impostor,19949.0
pooled_3x3,81,impostor,12592.0
pooled_3x3,81,impostor,19731.0
pooled_3x3,81,impostor,19094.0
pooled_3x3,81,impostor,9972.0
pooled_3x3,81,impostor,16812.0
pooled_3x3,81,impostor,5941.0
pooled_3x3,81,impostor,5961.0
pooled_3x3,81,impostor,7119.0
pooled_3x3,81,impostor,11932.0
pooled_3x3,81,impostor,9609.0
pooled_3x3,81,impostor,14504.0
pooled_3x3,81,impostor,27899.0
pooled_3x3,81,impostor,22399.0
pooled_3x3,81,impostor,17327.0
pooled_3x3,81,impostor,15039.0
pooled_3x3,81,impostor,21941.0
pooled_3x3,81,impostor,20461.0
pooled_3x3,81,impostor,19191.0
pooled_3x3,81,impostor,6535.0
pooled_3x3,81,impostor,5540.0
pooled_3x3,81,impostor,11093.0
pooled_3x3,81,impostor,5693.0
pooled_3x3,81,impostor,3630.0
pooled_3x3,81,impostor,4364.0
pooled_3x3,81,impostor,3911.0
pooled_3x3,81,impostor,6956.0
pooled_3x3,81,impostor,19522.0
pooled_3x3,81,impostor,20407.0
pooled_3x3,81,impostor,21040.0
pooled_3x3,81,impostor,21250.0
pooled_3x3,81,impostor,21617.0
pooled_3x3,81,impostor,22036.0
pooled_3x3,81,impostor,25090.0
pooled_3x3,81,impostor,15924.0
pooled_3x3,81,impostor,14781.0
pooled_3x3,81,impostor,20332.0
pooled_3x3,81,impostor,16491.0
pooled_3x3,81,impostor,16357.0
pooled_3x3,81,impostor,17199.0
pooled_3x3,81,impostor,19289.0
pooled_3x3,81,impostor,12800.0
pooled_3x3,81,impostor,18561.0
pooled_3x3,81,impostor,19050.0
pooled_3x3,81,impostor,10172.0
pooled_3x3,81,impostor,15982.0
pooled_3x3,81,impostor,8399.0
pooled_3x3,81,impostor,5235.0
pooled_3x3,81,impostor,6161.0
pooled_3x3,81,impostor,10940.0
pooled_3x3,81,impostor,9321.0
pooled_3x3,81,impostor,13924.0
pooled_3x3,81,impostor,28063.0
pooled_3x3,81,impostor,20683.0
pooled_3x3,81,impostor,15061.0
pooled_3x3,81,impostor,14217.0
pooled_3x3,81,impostor,19031.0
pooled_3x3,81,impostor,18771.0
pooled_3x3,81,impostor,16969.0
pooled_3x3,81,impostor,6513.0
pooled_3x3,81,impostor,6578.0
pooled_3x3,81,impostor,13217.0
pooled_3x3,81,impostor,8589.0
pooled_3x3,81,impostor,4356.0
pooled_3x3,81,impostor,4286.0
pooled_3x3,81,impostor,5071.0
pooled_3x3,81,impostor,4734.0
pooled_3x3,81,impostor,19192.0
pooled_3x3,81,impostor,19673.0
pooled_3x3,81,impostor,20188.0
pooled_3x3,81,impostor,19196.0
pooled_3x3,81,impostor,19343.0
pooled_3x3,81,impostor,19982.0
pooled_3x3,81,impostor,22870.0
pooled_3x3,81,impostor,13746.0
pooled_3x3,81,impostor,20561.0
pooled_3x3,81,impostor,27220.0
pooled_3x3,81,impostor,23337.0
pooled_3x3,81,impostor,20599.0
pooled_3x3,81,impostor,22091.0
pooled_3x3,81,impostor,26153.0
pooled_3x3,81,impostor,12308.0
pooled_3x3,81,impostor,29803.0
pooled_3x3,81,impostor,13390.0
pooled_3x3,81,impostor,6844.0
pooled_3x3,81,impostor,9036.0
pooled_3x3,81,impostor,12313.0
pooled_3x3,81,impostor,14343.0
pooled_3x3,81,impostor,4223.0
pooled_3x3,81,impostor,5124.0
pooled_3x3,81,impostor,5053.0
pooled_3x3,81,impostor,18370.0
pooled_3x3,81,impostor,35531.0
pooled_3x3,81,impostor,25809.0
pooled_3x3,81,impostor,12571.0
pooled_3x3,81,impostor,16551.0
pooled_3x3,81,impostor,23665.0
pooled_3x3,81,impostor,22751.0
pooled_3x3,81,impostor,23167.0
pooled_3x3,81,impostor,18625.0
pooled_3x3,81,impostor,9862.0
pooled_3x3,81,impostor,26795.0
pooled_3x3,81,impostor,21373.0
pooled_3x3,81,impostor,9402.0
pooled_3x3,81,impostor,8732.0
pooled_3x3,81,impostor,9139.0
pooled_3x3,81,impostor,3916.0
pooled_3x3,81,impostor,18684.0
pooled_3x3,81,impostor,19381.0
pooled_3x3,81,impostor,18752.0
pooled_3x3,81,impostor,15592.0
pooled_3x3,81,impostor,15167.0
pooled_3x3,81,impostor,17284.0
pooled_3x3,81,impostor,25014.0
pooled_3x3,81,impostor,15586.0
pooled_3x3,81,impostor,21593.0
pooled_3x3,81,impostor,16189.0
pooled_3x3,81,impostor,16759.0
pooled_3x3,81,impostor,12490.0
pooled_3x3,81,impostor,9988.0
pooled_3x3,81,impostor,15800.0
pooled_3x3,81,impostor,18071.0
pooled_3x3,81,impostor,17990.0
pooled_3x3,81,impostor,5519.0
pooled_3x3,81,impostor,17594.0
pooled_3x3,81,impostor,8780.0
pooled_3x3,81,impostor,5802.0
pooled_3x3,81,impostor,5260.0
pooled_3x3,81,impostor,4900.0
pooled_3x3,81,impostor,5042.0
pooled_3x3,81,impostor,3350.0
pooled_3x3,81,impostor,15736.0
pooled_3x3,81,impostor,14475.0
pooled_3x3,81,impostor,16488.0
pooled_3x3,81,impostor,14002.0
pooled_3x3,81,impostor,14885.0
pooled_3x3,81,impostor,15557.0
pooled_3x3,81,impostor,15530.0
pooled_3x3,81,impostor,13509.0
pooled_3x3,81,impostor,13537.0
pooled_3x3,81,impostor,13192.0
pooled_3x3,81,impostor,13781.0
pooled_3x3,81,impostor,12439.0
pooled_3x3,81,impostor,13128.0
pooled_3x3,81,impostor,12103.0
pooled_3x3,81,impostor,13391.0
pooled_3x3,81,impostor,8199.0
pooled_3x3,81,impostor,21378.0
pooled_3x3,81,impostor,22870.0
pooled_3x3,81,impostor,17982.0
pooled_3x3,81,impostor,17887.0
pooled_3x3,81,impostor,12975.0
pooled_3x3,81,impostor,21841.0
pooled_3x3,81,impostor,22384.0
pooled_3x3,81,impostor,23745.0
pooled_3x3,81,impostor,4290.0
pooled_3x3,81,impostor,11407.0
pooled_3x3,81,impostor,7119.0
pooled_3x3,81,impostor,13495.0
pooled_3x3,81,impostor,6407.0
pooled_3x3,81,impostor,7067.0
pooled_3x3,81,impostor,2991.0
pooled_3x3,81,impostor,5285.0
pooled_3x3,81,impostor,16225.0
pooled_3x3,81,impostor,18680.0
pooled_3x3,81,impostor,14125.0
pooled_3x3,81,impostor,13433.0
pooled_3x3,81,impostor,19912.0
pooled_3x3,81,impostor,18180.0
pooled_3x3,81,impostor,18823.0
pooled_3x3,81,impostor,18466.0
pooled_3x3,81,impostor,9476.0
pooled_3x3,81,impostor,8435.0
pooled_3x3,81,impostor,9574.0
pooled_3x3,81,impostor,9924.0
pooled_3x3,81,impostor,11889.0
pooled_3x3,81,impostor,9824.0
pooled_3x3,81,impostor,8094.0
pooled_3x3,81,impostor,6754.0
pooled_3x3,81,impostor,21175.0
pooled_3x3,81,impostor,18433.0
pooled_3x3,81,impostor,16581.0
pooled_3x3,81,impostor,13722.0
pooled_3x3,81,impostor,10366.0
pooled_3x3,81,impostor,18086.0
pooled_3x3,81,impostor,19369.0
pooled_3x3,81,impostor,19862.0
pooled_3x3,81,impostor,3033.0
pooled_3x3,81,impostor,14592.0
pooled_3x3,81,impostor,7300.0
pooled_3x3,81,impostor,7888.0
pooled_3x3,81,impostor,4182.0
pooled_3x3,81,impostor,4712.0
pooled_3x3,81,impostor,2522.0
pooled_3x3,81,impostor,2740.0
pooled_3x3,81,impostor,14304.0
pooled_3x3,81,impostor,14625.0
pooled_3x3,81,impostor,13384.0
pooled_3x3,81,impostor,12050.0
pooled_3x3,81,impostor,15613.0
pooled_3x3,81,impostor,16029.0
pooled_3x3,81,impostor,15806.0
pooled_3x3,81,impostor,14805.0
pooled_3x3,81,impostor,10777.0
pooled_3x3,81,impostor,10118.0
pooled_3x3,81,impostor,11215.0
pooled_3x3,81,impostor,10579.0
pooled_3x3,81,impostor,11886.0
pooled_3x3,81,impostor,10349.0
pooled_3x3,81,impostor,10655.0
pooled_3x3,81,impostor,6147.0
pooled_3x3,81,impostor,16673.0
pooled_3x3,81,impostor,14441.0
pooled_3x3,81,impostor,12371.0
pooled_3x3,81,impostor,10992.0
pooled_3x3,81,impostor,10446.0
pooled_3x3,81,impostor,15164.0
pooled_3x3,81,impostor,15221.0
pooled_3x3,81,impostor,15928.0
pooled_3x3,81,impostor,2763.0
pooled_3x3,81,impostor,13874.0
pooled_3x3,81,impostor,7156.0
pooled_3x3,81,impostor,5690.0
pooled_3x3,81,impostor,3294.0
pooled_3x3,81,impostor,4884.0
pooled_3x3,81,impostor,3162.0
pooled_3x3,81,impostor,3142.0
pooled_3x3,81,impostor,14988.0
pooled_3x3,81,impostor,12189.0
pooled_3x3,81,impostor,14260.0
pooled_3x3,81,impostor,12368.0
pooled_3x3,81,impostor,13821.0
pooled_3x3,81,impostor,14963.0
pooled_3x3,81,impostor,14044.0
pooled_3x3,81,impostor,12735.0
pooled_3x3,81,impostor,8113.0
pooled_3x3,81,impostor,7426.0
pooled_3x3,81,impostor,8385.0
pooled_3x3,81,impostor,8075.0
pooled_3x3,81,impostor,9504.0
pooled_3x3,81,impostor,8305.0
pooled_3x3,81,impostor,9281.0
pooled_3x3,81,impostor,4773.0
pooled_3x3,81,impostor,19523.0
pooled_3x3,81,impostor,18111.0
pooled_3x3,81,impostor,14915.0
pooled_3x3,81,impostor,14410.0
pooled_3x3,81,impostor,12640.0
pooled_3x3,81,impostor,18012.0
pooled_3x3,81,impostor,17637.0
pooled_3x3,81,impostor,18842.0
pooled_3x3,81,impostor,1397.0
pooled_3x3,81,impostor,16900.0
pooled_3x3,81,impostor,10426.0
pooled_3x3,81,impostor,10646.0
pooled_3x3,81,impostor,3028.0
pooled_3x3,81,impostor,8468.0
pooled_3x3,81,impostor,3288.0
pooled_3x3,81,impostor,5940.0
pooled_3x3,81,impostor,15904.0
pooled_3x3,81,impostor,13469.0
pooled_3x3,81,impostor,15120.0
pooled_3x3,81,impostor,12846.0
pooled_3x3,81,impostor,15231.0
pooled_3x3,81,impostor,15999.0
pooled_3x3,81,impostor,15038.0
pooled_3x3,81,impostor,14029.0
pooled_3x3,81,impostor,10039.0
pooled_3x3,81,impostor,8804.0
pooled_3x3,81,impostor,10355.0
pooled_3x3,81,impostor,10449.0
pooled_3x3,81,impostor,12462.0
pooled_3x3,81,impostor,11111.0
pooled_3x3,81,impostor,11653.0
pooled_3x3,81,impostor,6541.0
pooled_3x3,81,impostor,22947.0
pooled_3x3,81,impostor,22365.0
pooled_3x3,81,impostor,18465.0
pooled_3x3,81,impostor,18052.0
pooled_3x3,81,impostor,12258.0
pooled_3x3,81,impostor,21222.0
pooled_3x3,81,impostor,22233.0
pooled_3x3,81,impostor,23300.0
pooled_3x3,81,impostor,3931.0
pooled_3x3,81,impostor,11832.0
pooled_3x3,81,impostor,5576.0
pooled_3x3,81,impostor,11658.0
pooled_3x3,81,impostor,6346.0
pooled_3x3,81,impostor,4244.0
pooled_3x3,81,impostor,1238.0
pooled_3x3,81,impostor,3292.0
pooled_3x3,81,impostor,15992.0
pooled_3x3,81,impostor,19463.0
pooled_3x3,81,impostor,14778.0
pooled_3x3,81,impostor,14516.0
pooled_3x3,81,impostor,20111.0
pooled_3x3,81,impostor,18885.0
pooled_3x3,81,impostor,19456.0
pooled_3x3,81,impostor,18185.0
pooled_3x3,81,impostor,10809.0
pooled_3x3,81,impostor,9684.0
pooled_3x3,81,impostor,10797.0
pooled_3x3,81,impostor,10269.0
pooled_3x3,81,impostor,12326.0
pooled_3x3,81,impostor,10327.0
pooled_3x3,81,impostor,8717.0
pooled_3x3,81,impostor,6667.0
pooled_3x3,81,impostor,15006.0
pooled_3x3,81,impostor,9018.0
pooled_3x3,81,impostor,9942.0
pooled_3x3,81,impostor,8869.0
pooled_3x3,81,impostor,11103.0
pooled_3x3,81,impostor,9491.0
pooled_3x3,81,impostor,9680.0
pooled_3x3,81,impostor,10007.0
pooled_3x3,81,impostor,6378.0
pooled_3x3,81,impostor,22577.0
pooled_3x3,81,impostor,13337.0
pooled_3x3,81,impostor,3663.0
pooled_3x3,81,impostor,5397.0
pooled_3x3,81,impostor,9967.0
pooled_3x3,81,impostor,8885.0
pooled_3x3,81,impostor,7649.0
pooled_3x3,81,impostor,16171.0
pooled_3x3,81,impostor,8828.0
pooled_3x3,81,impostor,18465.0
pooled_3x3,81,impostor,14751.0
pooled_3x3,81,impostor,10264.0
pooled_3x3,81,impostor,12396.0
pooled_3x3,81,impostor,10897.0
pooled_3x3,81,impostor,8226.0
pooled_3x3,81,impostor,11750.0
pooled_3x3,81,impostor,11791.0
pooled_3x3,81,impostor,12052.0
pooled_3x3,81,impostor,10398.0
pooled_3x3,81,impostor,10827.0
pooled_3x3,81,impostor,10740.0
pooled_3x3,81,impostor,15514.0
pooled_3x3,81,impostor,7852.0
pooled_3x3,81,impostor,24551.0
pooled_3x3,81,impostor,22297.0
pooled_3x3,81,impostor,22309.0
pooled_3x3,81,impostor,16224.0
pooled_3x3,81,impostor,9082.0
pooled_3x3,81,impostor,21674.0
pooled_3x3,81,impostor,24505.0
pooled_3x3,81,impostor,24234.0
pooled_3x3,81,impostor,10009.0
pooled_3x3,81,impostor,7440.0
pooled_3x3,81,impostor,2770.0
pooled_3x3,81,impostor,11070.0
pooled_3x3,81,impostor,10280.0
pooled_3x3,81,impostor,2956.0
pooled_3x3,81,impostor,6982.0
pooled_3x3,81,impostor,2922.0
pooled_3x3,81,impostor,14308.0
pooled_3x3,81,impostor,21267.0
pooled_3x3,81,impostor,13420.0
pooled_3x3,81,impostor,13988.0
pooled_3x3,81,impostor,21017.0
pooled_3x3,81,impostor,19937.0
pooled_3x3,81,impostor,20724.0
pooled_3x3,81,impostor,19961.0
pooled_3x3,81,impostor,13561.0
pooled_3x3,81,impostor,13162.0
pooled_3x3,81,impostor,13701.0
pooled_3x3,81,impostor,13997.0
pooled_3x3,81,impostor,15032.0
pooled_3x3,81,impostor,13237.0
pooled_3x3,81,impostor,9067.0
pooled_3x3,81,impostor,9613.0
pooled_3x3,81,impostor,17102.0
pooled_3x3,81,impostor,17279.0
pooled_3x3,81,impostor,17125.0
pooled_3x3,81,impostor,11181.0
pooled_3x3,81,impostor,14323.0
pooled_3x3,81,impostor,20531.0
pooled_3x3,81,impostor,21099.0
pooled_3x3,81,impostor,20467.0
pooled_3x3,81,impostor,17743.0
pooled_3x3,81,impostor,9464.0
pooled_3x3,81,impostor,19695.0
pooled_3x3,81,impostor,17973.0
pooled_3x3,81,impostor,11824.0
pooled_3x3,81,impostor,11408.0
pooled_3x3,81,impostor,10279.0
pooled_3x3,81,impostor,9442.0
pooled_3x3,81,impostor,5550.0
pooled_3x3,81,impostor,6115.0
pooled_3x3,81,impostor,5564.0
pooled_3x3,81,impostor,6390.0
pooled_3x3,81,impostor,7233.0
pooled_3x3,81,impostor,8328.0
pooled_3x3,81,impostor,12028.0
pooled_3x3,81,impostor,9408.0
pooled_3x3,81,impostor,14312.0
pooled_3x3,81,impostor,24691.0
pooled_3x3,81,impostor,19845.0
pooled_3x3,81,impostor,9023.0
pooled_3x3,81,impostor,12731.0
pooled_3x3,81,impostor,19759.0
pooled_3x3,81,impostor,19925.0
pooled_3x3,81,impostor,18899.0
pooled_3x3,81,impostor,15525.0
pooled_3x3,81,impostor,5350.0
pooled_3x3,81,impostor,19961.0
pooled_3x3,81,impostor,14397.0
pooled_3x3,81,impostor,5734.0
pooled_3x3,81,impostor,8472.0
pooled_3x3,81,impostor,5471.0
pooled_3x3,81,impostor,4886.0
pooled_3x3,81,impostor,10632.0
pooled_3x3,81,impostor,11323.0
pooled_3x3,81,impostor,11014.0
pooled_3x3,81,impostor,10836.0
pooled_3x3,81,impostor,11487.0
pooled_3x3,81,impostor,12728.0
pooled_3x3,81,impostor,18068.0
pooled_3x3,81,impostor,11752.0
pooled_3x3,81,impostor,12476.0
pooled_3x3,81,impostor,18959.0
pooled_3x3,81,impostor,15447.0
pooled_3x3,81,impostor,6929.0
pooled_3x3,81,impostor,10661.0
pooled_3x3,81,impostor,16597.0
pooled_3x3,81,impostor,16101.0
pooled_3x3,81,impostor,16491.0
pooled_3x3,81,impostor,17927.0
pooled_3x3,81,impostor,8238.0
pooled_3x3,81,impostor,20537.0
pooled_3x3,81,impostor,17881.0
pooled_3x3,81,impostor,10280.0
pooled_3x3,81,impostor,10658.0
pooled_3x3,81,impostor,9157.0
pooled_3x3,81,impostor,6820.0
pooled_3x3,81,impostor,4888.0
pooled_3x3,81,impostor,5175.0
pooled_3x3,81,impostor,4706.0
pooled_3x3,81,impostor,4200.0
pooled_3x3,81,impostor,5089.0
pooled_3x3,81,impostor,6124.0
pooled_3x3,81,impostor,11044.0
pooled_3x3,81,impostor,6972.0
pooled_3x3,81,impostor,11637.0
pooled_3x3,81,impostor,19798.0
pooled_3x3,81,impostor,16536.0
pooled_3x3,81,impostor,10734.0
pooled_3x3,81,impostor,11088.0
pooled_3x3,81,impostor,17406.0
pooled_3x3,81,impostor,17456.0
pooled_3x3,81,impostor,15430.0
pooled_3x3,81,impostor,9600.0
pooled_3x3,81,impostor,3799.0
pooled_3x3,81,impostor,11492.0
pooled_3x3,81,impostor,6368.0
pooled_3x3,81,impostor,3891.0
pooled_3x3,81,impostor,6743.0
pooled_3x3,81,impostor,3732.0
pooled_3x3,81,impostor,6285.0
pooled_3x3,81,impostor,9601.0
pooled_3x3,81,impostor,10504.0
pooled_3x3,81,impostor,10791.0
pooled_3x3,81,impostor,12209.0
pooled_3x3,81,impostor,12998.0
pooled_3x3,81,impostor,13441.0
pooled_3x3,81,impostor,16689.0
pooled_3x3,81,impostor,10733.0
pooled_3x3,81,impostor,10351.0
pooled_3x3,81,impostor,16614.0
pooled_3x3,81,impostor,10976.0
pooled_3x3,81,impostor,11572.0
pooled_3x3,81,impostor,11080.0
pooled_3x3,81,impostor,11460.0
pooled_3x3,81,impostor,12840.0
pooled_3x3,81,impostor,9814.0
pooled_3x3,81,impostor,4740.0
pooled_3x3,81,impostor,8591.0
pooled_3x3,81,impostor,6972.0
pooled_3x3,81,impostor,4170.0
pooled_3x3,81,impostor,6965.0
pooled_3x3,81,impostor,7047.0
pooled_3x3,81,impostor,6860.0
pooled_3x3,81,impostor,7397.0
pooled_3x3,81,impostor,11539.0
pooled_3x3,81,impostor,12442.0
pooled_3x3,81,impostor,12797.0
pooled_3x3,81,impostor,12657.0
pooled_3x3,81,impostor,12640.0
pooled_3x3,81,impostor,12525.0
pooled_3x3,81,impostor,14061.0
pooled_3x3,81,impostor,8929.0
pooled_3x3,81,impostor,14541.0
pooled_3x3,81,impostor,25452.0
pooled_3x3,81,impostor,19492.0
pooled_3x3,81,impostor,9500.0
pooled_3x3,81,impostor,13678.0
pooled_3x3,81,impostor,18980.0
pooled_3x3,81,impostor,19286.0
pooled_3x3,81,impostor,18186.0
pooled_3x3,81,impostor,12146.0
pooled_3x3,81,impostor,5341.0
pooled_3x3,81,impostor,18316.0
pooled_3x3,81,impostor,12492.0
pooled_3x3,81,impostor,4685.0
pooled_3x3,81,impostor,5743.0
pooled_3x3,81,impostor,4162.0
pooled_3x3,81,impostor,3157.0
pooled_3x3,81,impostor,12233.0
pooled_3x3,81,impostor,13006.0
pooled_3x3,81,impostor,12567.0
pooled_3x3,81,impostor,11505.0
pooled_3x3,81,impostor,11568.0
pooled_3x3,81,impostor,12863.0
pooled_3x3,81,impostor,18021.0
pooled_3x3,81,impostor,11467.0
pooled_3x3,81,impostor,14080.0
pooled_3x3,81,impostor,24981.0
pooled_3x3,81,impostor,19941.0
pooled_3x3,81,impostor,8837.0
pooled_3x3,81,impostor,12877.0
pooled_3x3,81,impostor,20115.0
pooled_3x3,81,impostor,19551.0
pooled_3x3,81,impostor,19367.0
pooled_3x3,81,impostor,16855.0
pooled_3x3,81,impostor,5810.0
pooled_3x3,81,impostor,22209.0
pooled_3x3,81,impostor,16895.0
pooled_3x3,81,impostor,6802.0
pooled_3x3,81,impostor,8722.0
pooled_3x3,81,impostor,6211.0
pooled_3x3,81,impostor,4406.0
pooled_3x3,81,impostor,9740.0
pooled_3x3,81,impostor,10257.0
pooled_3x3,81,impostor,9844.0
pooled_3x3,81,impostor,9128.0
pooled_3x3,81,impostor,9971.0
pooled_3x3,81,impostor,11340.0
pooled_3x3,81,impostor,17006.0
pooled_3x3,81,impostor,11038.0
pooled_3x3,81,impostor,15011.0
pooled_3x3,81,impostor,25882.0
pooled_3x3,81,impostor,20920.0
pooled_3x3,81,impostor,9720.0
pooled_3x3,81,impostor,13924.0
pooled_3x3,81,impostor,21114.0
pooled_3x3,81,impostor,20890.0
pooled_3x3,81,impostor,20112.0
pooled_3x3,81,impostor,15458.0
pooled_3x3,81,impostor,5131.0
pooled_3x3,81,impostor,20990.0
pooled_3x3,81,impostor,15102.0
pooled_3x3,81,impostor,5545.0
pooled_3x3,81,impostor,7831.0
pooled_3x3,81,impostor,5142.0
pooled_3x3,81,impostor,4323.0
pooled_3x3,81,impostor,11423.0
pooled_3x3,81,impostor,12114.0
pooled_3x3,81,impostor,11743.0
pooled_3x3,81,impostor,11279.0
pooled_3x3,81,impostor,12012.0
pooled_3x3,81,impostor,13495.0
pooled_3x3,81,impostor,18843.0
pooled_3x3,81,impostor,12431.0
pooled_3x3,81,impostor,13825.0
pooled_3x3,81,impostor,11094.0
pooled_3x3,81,impostor,14525.0
pooled_3x3,81,impostor,12041.0
pooled_3x3,81,impostor,12842.0
pooled_3x3,81,impostor,14096.0
pooled_3x3,81,impostor,12831.0
pooled_3x3,81,impostor,11390.0
pooled_3x3,81,impostor,9124.0
pooled_3x3,81,impostor,8055.0
pooled_3x3,81,impostor,9450.0
pooled_3x3,81,impostor,9146.0
pooled_3x3,81,impostor,11351.0
pooled_3x3,81,impostor,10586.0
pooled_3x3,81,impostor,11330.0
pooled_3x3,81,impostor,5922.0
pooled_3x3,81,impostor,18008.0
pooled_3x3,81,impostor,24701.0
pooled_3x3,81,impostor,15410.0
pooled_3x3,81,impostor,17522.0
pooled_3x3,81,impostor,25937.0
pooled_3x3,81,impostor,22717.0
pooled_3x3,81,impostor,23510.0
pooled_3x3,81,impostor,24949.0
pooled_3x3,81,impostor,8499.0
pooled_3x3,81,impostor,8138.0
pooled_3x3,81,impostor,8185.0
pooled_3x3,81,impostor,10581.0
pooled_3x3,81,impostor,12384.0
pooled_3x3,81,impostor,10505.0
pooled_3x3,81,impostor,4059.0
pooled_3x3,81,impostor,10163.0
pooled_3x3,81,impostor,14988.0
pooled_3x3,81,impostor,20555.0
pooled_3x3,81,impostor,14190.0
pooled_3x3,81,impostor,15632.0
pooled_3x3,81,impostor,21383.0
pooled_3x3,81,impostor,18461.0
pooled_3x3,81,impostor,19810.0
pooled_3x3,81,impostor,17837.0
pooled_3x3,81,impostor,7491.0
pooled_3x3,81,impostor,6906.0
pooled_3x3,81,impostor,7049.0
pooled_3x3,81,impostor,6935.0
pooled_3x3,81,impostor,8152.0
pooled_3x3,81,impostor,6751.0
pooled_3x3,81,impostor,3367.0
pooled_3x3,81,impostor,5499.0
pooled_3x3,81,impostor,17388.0
pooled_3x3,81,impostor,12441.0
pooled_3x3,81,impostor,19238.0
pooled_3x3,81,impostor,18040.0
pooled_3x3,81,impostor,14585.0
pooled_3x3,81,impostor,14209.0
pooled_3x3,81,impostor,14302.0
pooled_3x3,81,impostor,9733.0
pooled_3x3,81,impostor,8417.0
pooled_3x3,81,impostor,8116.0
pooled_3x3,81,impostor,8023.0
pooled_3x3,81,impostor,5577.0
pooled_3x3,81,impostor,5796.0
pooled_3x3,81,impostor,6205.0
pooled_3x3,81,impostor,9561.0
pooled_3x3,81,impostor,5409.0
pooled_3x3,81,impostor,13636.0
pooled_3x3,81,impostor,10433.0
pooled_3x3,81,impostor,14302.0
pooled_3x3,81,impostor,12654.0
pooled_3x3,81,impostor,12407.0
pooled_3x3,81,impostor,12665.0
pooled_3x3,81,impostor,12260.0
pooled_3x3,81,impostor,9889.0
pooled_3x3,81,impostor,9081.0
pooled_3x3,81,impostor,8012.0
pooled_3x3,81,impostor,9295.0
pooled_3x3,81,impostor,8439.0
pooled_3x3,81,impostor,9866.0
pooled_3x3,81,impostor,9507.0
pooled_3x3,81,impostor,11151.0
pooled_3x3,81,impostor,5037.0
pooled_3x3,81,impostor,17158.0
pooled_3x3,81,impostor,20797.0
pooled_3x3,81,impostor,17990.0
pooled_3x3,81,impostor,18390.0
pooled_3x3,81,impostor,21367.0
pooled_3x3,81,impostor,19147.0
pooled_3x3,81,impostor,20712.0
pooled_3x3,81,impostor,16745.0
pooled_3x3,81,impostor,10331.0
pooled_3x3,81,impostor,9358.0
pooled_3x3,81,impostor,9687.0
pooled_3x3,81,impostor,8307.0
pooled_3x3,81,impostor,9532.0
pooled_3x3,81,impostor,8105.0
pooled_3x3,81,impostor,5785.0
pooled_3x3,81,impostor,5603.0
pooled_3x3,81,impostor,16996.0
pooled_3x3,81,impostor,18777.0
pooled_3x3,81,impostor,17222.0
pooled_3x3,81,impostor,16754.0
pooled_3x3,81,impostor,19873.0
pooled_3x3,81,impostor,18377.0
pooled_3x3,81,impostor,19134.0
pooled_3x3,81,impostor,16087.0
pooled_3x3,81,impostor,10567.0
pooled_3x3,81,impostor,9132.0
pooled_3x3,81,impostor,10205.0
pooled_3x3,81,impostor,8929.0
pooled_3x3,81,impostor,10988.0
pooled_3x3,81,impostor,9465.0
pooled_3x3,81,impostor,8353.0
pooled_3x3,81,impostor,5727.0
pooled_3x3,81,impostor,14828.0
pooled_3x3,81,impostor,17655.0
pooled_3x3,81,impostor,14772.0
pooled_3x3,81,impostor,14814.0
pooled_3x3,81,impostor,18909.0
pooled_3x3,81,impostor,17859.0
pooled_3x3,81,impostor,18726.0
pooled_3x3,81,impostor,15799.0
pooled_3x3,81,impostor,10133.0
pooled_3x3,81,impostor,9250.0
pooled_3x3,81,impostor,10021.0
pooled_3x3,81,impostor,8995.0
pooled_3x3,81,impostor,10298.0
pooled_3x3,81,impostor,9037.0
pooled_3x3,81,impostor,7691.0
pooled_3x3,81,impostor,5701.0
pooled_3x3,81,impostor,14953.0
pooled_3x3,81,impostor,15606.0
pooled_3x3,81,impostor,16645.0
pooled_3x3,81,impostor,17093.0
pooled_3x3,81,impostor,17286.0
pooled_3x3,81,impostor,16955.0
pooled_3x3,81,impostor,17457.0
pooled_3x3,81,impostor,10733.0
pooled_3x3,81,impostor,11380.0
pooled_3x3,81,impostor,12097.0
pooled_3x3,81,impostor,12878.0
pooled_3x3,81,impostor,13912.0
pooled_3x3,81,impostor,14847.0
pooled_3x3,81,impostor,15530.0
pooled_3x3,81,impostor,20110.0
pooled_3x3,81,impostor,10878.0
pooled_3x3,81,impostor,14113.0
pooled_3x3,81,impostor,14792.0
pooled_3x3,81,impostor,16181.0
pooled_3x3,81,impostor,17639.0
pooled_3x3,81,impostor,17878.0
pooled_3x3,81,impostor,17051.0
pooled_3x3,81,impostor,16989.0
pooled_3x3,81,impostor,11263.0
pooled_3x3,81,impostor,13599.0
pooled_3x3,81,impostor,14380.0
pooled_3x3,81,impostor,15639.0
pooled_3x3,81,impostor,17529.0
pooled_3x3,81,impostor,18096.0
pooled_3x3,81,impostor,17503.0
pooled_3x3,81,impostor,18129.0
pooled_3x3,81,impostor,11905.0
pooled_3x3,81,impostor,13952.0
pooled_3x3,81,impostor,14835.0
pooled_3x3,81,impostor,15456.0
pooled_3x3,81,impostor,16166.0
pooled_3x3,81,impostor,16701.0
pooled_3x3,81,impostor,17210.0
pooled_3x3,81,impostor,21502.0
pooled_3x3,81,impostor,11954.0
pooled_3x3,81,impostor,13322.0
pooled_3x3,81,impostor,14027.0
pooled_3x3,81,impostor,14322.0
pooled_3x3,81,impostor,14014.0
pooled_3x3,81,impostor,13811.0
pooled_3x3,81,impostor,14234.0
pooled_3x3,81,impostor,17750.0
pooled_3x3,81,impostor,9668.0
pooled_3x3,81,impostor,12373.0
pooled_3x3,81,impostor,13264.0
pooled_3x3,81,impostor,13703.0
pooled_3x3,81,impostor,14383.0
pooled_3x3,81,impostor,14838.0
pooled_3x3,81,impostor,15291.0
pooled_3x3,81,impostor,19319.0
pooled_3x3,81,impostor,10947.0
pooled_3x3,81,impostor,11618.0
pooled_3x3,81,impostor,12219.0
pooled_3x3,81,impostor,12322.0
pooled_3x3,81,impostor,11024.0
pooled_3x3,81,impostor,11005.0
pooled_3x3,81,impostor,11938.0
pooled_3x3,81,impostor,17324.0
pooled_3x3,81,impostor,8472.0
pooled_4x4,144,genuine,2752.0
pooled_4x4,144,genuine,3021.0
pooled_4x4,144,genuine,22110.0
pooled_4x4,144,genuine,2733.0
pooled_4x4,144,genuine,5008.0
pooled_4x4,144,genuine,16235.0
pooled_4x4,144,genuine,2724.0
pooled_4x4,144,genuine,8975.0
pooled_4x4,144,genuine,18318.0
pooled_4x4,144,genuine,4605.0
pooled_4x4,144,genuine,7050.0
pooled_4x4,144,genuine,16899.0
pooled_4x4,144,genuine,7138.0
pooled_4x4,144,genuine,28581.0
pooled_4x4,144,genuine,4394.0
pooled_4x4,144,genuine,6169.0
pooled_4x4,144,genuine,14582.0
pooled_4x4,144,genuine,2561.0
pooled_4x4,144,genuine,28807.0
pooled_4x4,144,genuine,35220.0
pooled_4x4,144,genuine,41743.0
pooled_4x4,144,genuine,32504.0
pooled_4x4,144,genuine,1165.0
pooled_4x4,144,genuine,9496.0
pooled_4x4,144,genuine,1741.0
pooled_4x4,144,genuine,7713.0
pooled_4x4,144,genuine,2202.0
pooled_4x4,144,genuine,12431.0
pooled_4x4,144,genuine,15787.0
pooled_4x4,144,genuine,39685.0
pooled_4x4,144,genuine,12459.0
pooled_4x4,144,genuine,4768.0
pooled_4x4,144,genuine,17315.0
pooled_4x4,144,genuine,10869.0
pooled_4x4,144,genuine,12341.0
pooled_4x4,144,genuine,29162.0
pooled_4x4,144,genuine,16116.0
pooled_4x4,144,genuine,12295.0
pooled_4x4,144,genuine,1440.0
pooled_4x4,144,genuine,13506.0
pooled_4x4,144,genuine,2314.0
pooled_4x4,144,genuine,51236.0
pooled_4x4,144,genuine,29181.0
pooled_4x4,144,genuine,23380.0
pooled_4x4,144,genuine,22992.0
pooled_4x4,144,genuine,35962.0
pooled_4x4,144,genuine,12159.0
pooled_4x4,144,genuine,20948.0
pooled_4x4,144,genuine,21050.0
pooled_4x4,144,genuine,8588.0
pooled_4x4,144,genuine,12641.0
pooled_4x4,144,genuine,3323.0
pooled_4x4,144,genuine,8715.0
pooled_4x4,144,genuine,13124.0
pooled_4x4,144,genuine,5208.0
pooled_4x4,144,genuine,12054.0
pooled_4x4,144,genuine,13141.0
pooled_4x4,144,genuine,3935.0
pooled_4x4,144,genuine,3287.0
pooled_4x4,144,genuine,8419.0
pooled_4x4,144,genuine,13416.0
pooled_4x4,144,genuine,17191.0
pooled_4x4,144,genuine,1804.0
pooled_4x4,144,genuine,8682.0
pooled_4x4,144,genuine,6248.0
pooled_4x4,144,genuine,17012.0
pooled_4x4,144,genuine,18833.0
pooled_4x4,144,genuine,23892.0
pooled_4x4,144,genuine,19409.0
pooled_4x4,144,genuine,1234.0
pooled_4x4,144,genuine,6920.0
pooled_4x4,144,genuine,11371.0
pooled_4x4,144,genuine,16116.0
pooled_4x4,144,genuine,7161.0
pooled_4x4,144,genuine,9186.0
pooled_4x4,144,genuine,14057.0
pooled_4x4,144,genuine,18784.0
pooled_4x4,144,genuine,7201.0
pooled_4x4,144,genuine,1751.0
pooled_4x4,144,genuine,3548.0
pooled_4x4,144,genuine,9339.0
pooled_4x4,144,genuine,1161.0
pooled_4x4,144,genuine,14814.0
pooled_4x4,144,genuine,17935.0
pooled_4x4,144,genuine,974.0
pooled_4x4,144,genuine,3617.0
pooled_4x4,144,genuine,1194.0
pooled_4x4,144,genuine,3069.0
pooled_4x4,144,genuine,8914.0
pooled_4x4,144,genuine,8385.0
pooled_4x4,144,genuine,10116.0
pooled_4x4,144,genuine,5295.0
pooled_4x4,144,genuine,920.0
pooled_4x4,144,genuine,2791.0
pooled_4x4,144,genuine,6602.0
pooled_4x4,144,genuine,6325.0
pooled_4x4,144,genuine,10062.0
pooled_4x4,144,genuine,6241.0
pooled_4x4,144,genuine,5882.0
pooled_4x4,144,genuine,14435.0
pooled_4x4,144,genuine,18462.0
pooled_4x4,144,genuine,17383.0
pooled_4x4,144,genuine,3331.0
pooled_4x4,144,genuine,8478.0
pooled_4x4,144,genuine,5935.0
pooled_4x4,144,genuine,6710.0
pooled_4x4,144,genuine,4195.0
pooled_4x4,144,genuine,7686.0
pooled_4x4,144,genuine,13155.0
pooled_4x4,144,genuine,5449.0
pooled_4x4,144,genuine,19044.0
pooled_4x4,144,genuine,10317.0
pooled_4x4,144,genuine,13418.0
pooled_4x4,144,genuine,3178.0
pooled_4x4,144,genuine,36539.0
pooled_4x4,144,genuine,45423.0
pooled_4x4,144,genuine,18917.0
pooled_4x4,144,genuine,21442.0
pooled_4x4,144,genuine,37499.0
pooled_4x4,144,genuine,20042.0
pooled_4x4,144,genuine,18497.0
pooled_4x4,144,genuine,22165.0
pooled_4x4,144,genuine,2463.0
pooled_4x4,144,genuine,2282.0
pooled_4x4,144,genuine,14345.0
pooled_4x4,144,genuine,38699.0
pooled_4x4,144,genuine,49193.0
pooled_4x4,144,genuine,26917.0
pooled_4x4,144,genuine,29064.0
pooled_4x4,144,genuine,42383.0
pooled_4x4,144,genuine,8680.0
pooled_4x4,144,genuine,20342.0
pooled_4x4,144,genuine,17117.0
pooled_4x4,144,genuine,4264.0
pooled_4x4,144,genuine,23250.0
pooled_4x4,144,genuine,17271.0
pooled_4x4,144,genuine,4540.0
pooled_4x4,144,genuine,2621.0
pooled_4x4,144,genuine,14068.0
pooled_4x4,144,genuine,10555.0
pooled_4x4,144,genuine,15117.0
pooled_4x4,144,genuine,3101.0
pooled_4x4,144,genuine,2867.0
pooled_4x4,144,genuine,10777.0
pooled_4x4,144,genuine,10939.0
pooled_4x4,144,genuine,4274.0
pooled_4x4,144,genuine,11080.0
pooled_4x4,144,genuine,7518.0
pooled_4x4,144,genuine,9110.0
pooled_4x4,144,genuine,4082.0
pooled_4x4,144,genuine,3598.0
pooled_4x4,144,genuine,19245.0
pooled_4x4,144,genuine,17071.0
pooled_4x4,144,genuine,1312.0
pooled_4x4,144,genuine,4372.0
pooled_4x4,144,genuine,4208.0
pooled_4x4,144,genuine,7609.0
pooled_4x4,144,genuine,10051.0
pooled_4x4,144,genuine,4652.0
pooled_4x4,144,genuine,7346.0
pooled_4x4,144,genuine,4869.0
pooled_4x4,144,genuine,12211.0
pooled_4x4,144,genuine,5476.0
pooled_4x4,144,genuine,11707.0
pooled_4x4,144,genuine,18713.0
pooled_4x4,144,genuine,17593.0
pooled_4x4,144,genuine,10403.0
pooled_4x4,144,genuine,19856.0
pooled_4x4,144,genuine,9246.0
pooled_4x4,144,genuine,2377.0
pooled_4x4,144,genuine,13235.0
pooled_4x4,144,genuine,21566.0
pooled_4x4,144,genuine,12866.0
pooled_4x4,144,genuine,6831.0
pooled_4x4,144,genuine,8633.0
pooled_4x4,144,genuine,5869.0
pooled_4x4,144,genuine,3813.0
pooled_4x4,144,genuine,13996.0
pooled_4x4,144,genuine,2034.0
pooled_4x4,144,genuine,1825.0
pooled_4x4,144,genuine,1065.0
pooled_4x4,144,genuine,11586.0
pooled_4x4,144,genuine,20049.0
pooled_4x4,144,genuine,8909.0
pooled_4x4,144,genuine,3176.0
pooled_4x4,144,genuine,5232.0
pooled_4x4,144,genuine,7525.0
pooled_4x4,144,genuine,4385.0
pooled_4x4,144,genuine,7380.0
pooled_4x4,144,genuine,5376.0
pooled_4x4,144,genuine,9748.0
pooled_4x4,144,genuine,16223.0
pooled_4x4,144,genuine,14629.0
pooled_4x4,144,genuine,3351.0
pooled_4x4,144,genuine,1971.0
pooled_4x4,144,genuine,706.0
pooled_4x4,144,genuine,20103.0
pooled_4x4,144,genuine,13442.0
pooled_4x4,144,genuine,12449.0
pooled_4x4,144,genuine,2154.0
pooled_4x4,144,genuine,9670.0
pooled_4x4,144,genuine,3725.0
pooled_4x4,144,genuine,8462.0
pooled_4x4,144,genuine,5483.0
pooled_4x4,144,genuine,22966.0
pooled_4x4,144,genuine,23399.0
pooled_4x4,144,genuine,9573.0
pooled_4x4,144,genuine,14254.0
pooled_4x4,144,genuine,12149.0
pooled_4x4,144,genuine,15543.0
pooled_4x4,144,genuine,15728.0
pooled_4x4,144,genuine,2188.0
pooled_4x4,144,genuine,6779.0
pooled_4x4,144,genuine,3564.0
pooled_4x4,144,genuine,10073.0
pooled_4x4,144,genuine,10497.0
pooled_4x4,144,genuine,13196.0
pooled_4x4,144,genuine,9797.0
pooled_4x4,144,genuine,11354.0
pooled_4x4,144,genuine,5529.0
pooled_4x4,144,genuine,10018.0
pooled_4x4,144,genuine,3981.0
pooled_4x4,144,genuine,1750.0
pooled_4x4,144,genuine,3607.0
pooled_4x4,144,genuine,12448.0
pooled_4x4,144,genuine,3873.0
pooled_4x4,144,genuine,2926.0
pooled_4x4,144,genuine,9552.0
pooled_4x4,144,genuine,7646.0
pooled_4x4,144,genuine,8921.0
pooled_4x4,144,genuine,14593.0
pooled_4x4,144,genuine,15125.0
pooled_4x4,144,genuine,10160.0
pooled_4x4,144,genuine,2032.0
pooled_4x4,144,genuine,6348.0
pooled_4x4,144,genuine,2435.0
pooled_4x4,144,genuine,6859.0
pooled_4x4,144,genuine,3055.0
pooled_4x4,144,genuine,14271.0
pooled_4x4,144,genuine,12887.0
pooled_4x4,144,genuine,12960.0
pooled_4x4,144,genuine,20298.0
pooled_4x4,144,genuine,8732.0
pooled_4x4,144,genuine,9496.0
pooled_4x4,144,genuine,8015.0
pooled_4x4,144,genuine,16655.0
pooled_4x4,144,genuine,3382.0
pooled_4x4,144,genuine,701.0
pooled_4x4,144,genuine,4891.0
pooled_4x4,144,genuine,2409.0
pooled_4x4,144,genuine,4395.0
pooled_4x4,144,genuine,4988.0
pooled_4x4,144,genuine,536.0
pooled_4x4,144,genuine,457.0
pooled_4x4,144,genuine,1972.0
pooled_4x4,144,genuine,3446.0
pooled_4x4,144,genuine,3020.0
pooled_4x4,144,genuine,4656.0
pooled_4x4,144,genuine,4439.0
pooled_4x4,144,genuine,461.0
pooled_4x4,144,genuine,1998.0
pooled_4x4,144,genuine,3696.0
pooled_4x4,144,genuine,3058.0
pooled_4x4,144,genuine,4014.0
pooled_4x4,144,genuine,3557.0
pooled_4x4,144,genuine,1231.0
pooled_4x4,144,genuine,2773.0
pooled_4x4,144,genuine,2317.0
pooled_4x4,144,genuine,3875.0
pooled_4x4,144,genuine,4176.0
pooled_4x4,144,genuine,906.0
pooled_4x4,144,genuine,956.0
pooled_4x4,144,genuine,4170.0
pooled_4x4,144,genuine,3777.0
pooled_4x4,144,genuine,464.0
pooled_4x4,144,genuine,4874.0
pooled_4x4,144,genuine,4273.0
pooled_4x4,144,genuine,3592.0
pooled_4x4,144,genuine,3559.0
pooled_4x4,144,genuine,5271.0
pooled_4x4,144,impostor,53231.0
pooled_4x4,144,impostor,52856.0
pooled_4x4,144,impostor,33174.0
pooled_4x4,144,impostor,59178.0
pooled_4x4,144,impostor,46471.0
pooled_4x4,144,impostor,48120.0
pooled_4x4,144,impostor,46534.0
pooled_4x4,144,impostor,54658.0
pooled_4x4,144,impostor,35478.0
pooled_4x4,144,impostor,41629.0
pooled_4x4,144,impostor,38593.0
pooled_4x4,144,impostor,37345.0
pooled_4x4,144,impostor,49193.0
pooled_4x4,144,impostor,51232.0
pooled_4x4,144,impostor,55649.0
pooled_4x4,144,impostor,38552.0
pooled_4x4,144,impostor,30526.0
pooled_4x4,144,impostor,30004.0
pooled_4x4,144,impostor,40633.0
pooled_4x4,144,impostor,28670.0
pooled_4x4,144,impostor,27033.0
pooled_4x4,144,impostor,26382.0
pooled_4x4,144,impostor,20183.0
pooled_4x4,144,impostor,27376.0
pooled_4x4,144,impostor,50000.0
pooled_4x4,144,impostor,41180.0
pooled_4x4,144,impostor,48486.0
pooled_4x4,144,impostor,11483.0
pooled_4x4,144,impostor,25281.0
pooled_4x4,144,impostor,45763.0
pooled_4x4,144,impostor,41564.0
pooled_4x4,144,impostor,21793.0
pooled_4x4,144,impostor,43224.0
pooled_4x4,144,impostor,42687.0
pooled_4x4,144,impostor,42037.0
pooled_4x4,144,impostor,37289.0
pooled_4x4,144,impostor,38163.0
pooled_4x4,144,impostor,44539.0
pooled_4x4,144,impostor,34320.0
pooled_4x4,144,impostor,49800.0
pooled_4x4,144,impostor,15325.0
pooled_4x4,144,impostor,25445.0
pooled_4x4,144,impostor,14838.0
pooled_4x4,144,impostor,34276.0
pooled_4x4,144,impostor,40219.0
pooled_4x4,144,impostor,26599.0
pooled_4x4,144,impostor,21022.0
pooled_4x4,144,impostor,24120.0
pooled_4x4,144,impostor,35087.0
pooled_4x4,144,impostor,39336.0
pooled_4x4,144,impostor,38377.0
pooled_4x4,144,impostor,23366.0
pooled_4x4,144,impostor,30163.0
pooled_4x4,144,impostor,35543.0
pooled_4x4,144,impostor,37310.0
pooled_4x4,144,impostor,39813.0
pooled_4x4,144,impostor,44291.0
pooled_4x4,144,impostor,35037.0
pooled_4x4,144,impostor,45558.0
pooled_4x4,144,impostor,48749.0
pooled_4x4,144,impostor,36933.0
pooled_4x4,144,impostor,29623.0
pooled_4x4,144,impostor,34286.0
pooled_4x4,144,impostor,24234.0
pooled_4x4,144,impostor,24706.0
pooled_4x4,144,impostor,24808.0
pooled_4x4,144,impostor,22553.0
pooled_4x4,144,impostor,17638.0
pooled_4x4,144,impostor,16856.0
pooled_4x4,144,impostor,19122.0
pooled_4x4,144,impostor,27872.0
pooled_4x4,144,impostor,23527.0
pooled_4x4,144,impostor,57971.0
pooled_4x4,144,impostor,53806.0
pooled_4x4,144,impostor,29448.0
pooled_4x4,144,impostor,63626.0
pooled_4x4,144,impostor,49501.0
pooled_4x4,144,impostor,48954.0
pooled_4x4,144,impostor,47638.0
pooled_4x4,144,impostor,56480.0
pooled_4x4,144,impostor,34374.0
pooled_4x4,144,impostor,38753.0
pooled_4x4,144,impostor,37511.0
pooled_4x4,144,impostor,35427.0
pooled_4x4,144,impostor,50537.0
pooled_4x4,144,impostor,53330.0
pooled_4x4,144,impostor,58517.0
pooled_4x4,144,impostor,38558.0
pooled_4x4,144,impostor,25694.0
pooled_4x4,144,impostor,23962.0
pooled_4x4,144,impostor,35569.0
pooled_4x4,144,impostor,23984.0
pooled_4x4,144,impostor,22255.0
pooled_4x4,144,impostor,19910.0
pooled_4x4,144,impostor,15551.0
pooled_4x4,144,impostor,25708.0
pooled_4x4,144,impostor,48994.0
pooled_4x4,144,impostor,37822.0
pooled_4x4,144,impostor,47858.0
pooled_4x4,144,impostor,9585.0
pooled_4x4,144,impostor,24067.0
pooled_4x4,144,impostor,41137.0
pooled_4x4,144,impostor,37986.0
pooled_4x4,144,impostor,18937.0
pooled_4x4,144,impostor,40010.0
pooled_4x4,144,impostor,42505.0
pooled_4x4,144,impostor,39407.0
pooled_4x4,144,impostor,34567.0
pooled_4x4,144,impostor,36009.0
pooled_4x4,144,impostor,43977.0
pooled_4x4,144,impostor,29930.0
pooled_4x4,144,impostor,50536.0
pooled_4x4,144,impostor,13627.0
pooled_4x4,144,impostor,21299.0
pooled_4x4,144,impostor,13786.0
pooled_4x4,144,impostor,29744.0
pooled_4x4,144,impostor,38063.0
pooled_4x4,144,impostor,23833.0
pooled_4x4,144,impostor,18472.0
pooled_4x4,144,impostor,20786.0
pooled_4x4,144,impostor,32403.0
pooled_4x4,144,impostor,43150.0
pooled_4x4,144,impostor,40677.0
pooled_4x4,144,impostor,21982.0
pooled_4x4,144,impostor,26869.0
pooled_4x4,144,impostor,36395.0
pooled_4x4,144,impostor,36640.0
pooled_4x4,144,impostor,39627.0
pooled_4x4,144,impostor,41385.0
pooled_4x4,144,impostor,29205.0
pooled_4x4,144,impostor,43006.0
pooled_4x4,144,impostor,45065.0
pooled_4x4,144,impostor,31281.0
pooled_4x4,144,impostor,26541.0
pooled_4x4,144,impostor,29366.0
pooled_4x4,144,impostor,20386.0
pooled_4x4,144,impostor,24774.0
pooled_4x4,144,impostor,25162.0
pooled_4x4,144,impostor,23261.0
pooled_4x4,144,impostor,18816.0
pooled_4x4,144,impostor,17758.0
pooled_4x4,144,impostor,20258.0
pooled_4x4,144,impostor,30718.0
pooled_4x4,144,impostor,22919.0
pooled_4x4,144,impostor,46400.0
pooled_4x4,144,impostor,47435.0
pooled_4x4,144,impostor,34371.0
pooled_4x4,144,impostor,51621.0
pooled_4x4,144,impostor,41060.0
pooled_4x4,144,impostor,43317.0
pooled_4x4,144,impostor,42575.0
pooled_4x4,144,impostor,48815.0
pooled_4x4,144,impostor,33531.0
pooled_4x4,144,impostor,40380.0
pooled_4x4,144,impostor,35804.0
pooled_4x4,144,impostor,35480.0
pooled_4x4,144,impostor,43708.0
pooled_4x4,144,impostor,45045.0
pooled_4x4,144,impostor,48698.0
pooled_4x4,144,impostor,35431.0
pooled_4x4,144,impostor,33689.0
pooled_4x4,144,impostor,34365.0
pooled_4x4,144,impostor,43122.0
pooled_4x4,144,impostor,32625.0
pooled_4x4,144,impostor,31262.0
pooled_4x4,144,impostor,33001.0
pooled_4x4,144,impostor,25910.0
pooled_4x4,144,impostor,29845.0
pooled_4x4,144,impostor,50179.0
pooled_4x4,144,impostor,42891.0
pooled_4x4,144,impostor,48489.0
pooled_4x4,144,impostor,15488.0
pooled_4x4,144,impostor,26628.0
pooled_4x4,144,impostor,48656.0
pooled_4x4,144,impostor,43949.0
pooled_4x4,144,impostor,25508.0
pooled_4x4,144,impostor,42325.0
pooled_4x4,144,impostor,39132.0
pooled_4x4,144,impostor,40204.0
pooled_4x4,144,impostor,35844.0
pooled_4x4,144,impostor,36326.0
pooled_4x4,144,impostor,40506.0
pooled_4x4,144,impostor,35477.0
pooled_4x4,144,impostor,45973.0
pooled_4x4,144,impostor,18776.0
pooled_4x4,144,impostor,29548.0
pooled_4x4,144,impostor,17267.0
pooled_4x4,144,impostor,37517.0
pooled_4x4,144,impostor,41304.0
pooled_4x4,144,impostor,29746.0
pooled_4x4,144,impostor,24403.0
pooled_4x4,144,impostor,27967.0
pooled_4x4,144,impostor,33928.0
pooled_4x4,144,impostor,34041.0
pooled_4x4,144,impostor,33792.0
pooled_4x4,144,impostor,23437.0
pooled_4x4,144,impostor,29992.0
pooled_4x4,144,impostor,31386.0
pooled_4x4,144,impostor,34043.0
pooled_4x4,144,impostor,36682.0
pooled_4x4,144,impostor,45212.0
pooled_4x4,144,impostor,39046.0
pooled_4x4,144,impostor,46595.0
pooled_4x4,144,impostor,50226.0
pooled_4x4,144,impostor,40306.0
pooled_4x4,144,impostor,32164.0
pooled_4x4,144,impostor,37419.0
pooled_4x4,144,impostor,27665.0
pooled_4x4,144,impostor,23417.0
pooled_4x4,144,impostor,23041.0
pooled_4x4,144,impostor,20916.0
pooled_4x4,144,impostor,16101.0
pooled_4x4,144,impostor,15845.0
pooled_4x4,144,impostor,17115.0
pooled_4x4,144,impostor,23169.0
pooled_4x4,144,impostor,21878.0
pooled_4x4,144,impostor,58453.0
pooled_4x4,144,impostor,53564.0
pooled_4x4,144,impostor,39124.0
pooled_4x4,144,impostor,54162.0
pooled_4x4,144,impostor,52741.0
pooled_4x4,144,impostor,49880.0
pooled_4x4,144,impostor,56706.0
pooled_4x4,144,impostor,54374.0
pooled_4x4,144,impostor,40258.0
pooled_4x4,144,impostor,40199.0
pooled_4x4,144,impostor,44703.0
pooled_4x4,144,impostor,42303.0
pooled_4x4,144,impostor,47855.0
pooled_4x4,144,impostor,45684.0
pooled_4x4,144,impostor,48769.0
pooled_4x4,144,impostor,45696.0
pooled_4x4,144,impostor,20948.0
pooled_4x4,144,impostor,22038.0
pooled_4x4,144,impostor,25163.0
pooled_4x4,144,impostor,22346.0
pooled_4x4,144,impostor,17495.0
pooled_4x4,144,impostor,15846.0
pooled_4x4,144,impostor,20323.0
pooled_4x4,144,impostor,31352.0
pooled_4x4,144,impostor,32578.0
pooled_4x4,144,impostor,32532.0
pooled_4x4,144,impostor,29514.0
pooled_4x4,144,impostor,19331.0
pooled_4x4,144,impostor,35527.0
pooled_4x4,144,impostor,36603.0
pooled_4x4,144,impostor,36216.0
pooled_4x4,144,impostor,28713.0
pooled_4x4,144,impostor,43832.0
pooled_4x4,144,impostor,42859.0
pooled_4x4,144,impostor,40061.0
pooled_4x4,144,impostor,36443.0
pooled_4x4,144,impostor,38933.0
pooled_4x4,144,impostor,43467.0
pooled_4x4,144,impostor,36882.0
pooled_4x4,144,impostor,47128.0
pooled_4x4,144,impostor,9729.0
pooled_4x4,144,impostor,22425.0
pooled_4x4,144,impostor,16308.0
pooled_4x4,144,impostor,24472.0
pooled_4x4,144,impostor,31165.0
pooled_4x4,144,impostor,25249.0
pooled_4x4,144,impostor,20752.0
pooled_4x4,144,impostor,21952.0
pooled_4x4,144,impostor,37125.0
pooled_4x4,144,impostor,33944.0
pooled_4x4,144,impostor,37733.0
pooled_4x4,144,impostor,31516.0
pooled_4x4,144,impostor,33247.0
pooled_4x4,144,impostor,39497.0
pooled_4x4,144,impostor,41614.0
pooled_4x4,144,impostor,40989.0
pooled_4x4,144,impostor,28739.0
pooled_4x4,144,impostor,20941.0
pooled_4x4,144,impostor,27692.0
pooled_4x4,144,impostor,30601.0
pooled_4x4,144,impostor,24549.0
pooled_4x4,144,impostor,23411.0
pooled_4x4,144,impostor,22590.0
pooled_4x4,144,impostor,23854.0
pooled_4x4,144,impostor,19218.0
pooled_4x4,144,impostor,21042.0
pooled_4x4,144,impostor,20405.0
pooled_4x4,144,impostor,21244.0
pooled_4x4,144,impostor,21064.0
pooled_4x4,144,impostor,22980.0
pooled_4x4,144,impostor,28896.0
pooled_4x4,144,impostor,23665.0
pooled_4x4,144,impostor,48186.0
pooled_4x4,144,impostor,48969.0
pooled_4x4,144,impostor,26943.0
pooled_4x4,144,impostor,57139.0
pooled_4x4,144,impostor,40570.0
pooled_4x4,144,impostor,44401.0
pooled_4x4,144,impostor,38221.0
pooled_4x4,144,impostor,51013.0
pooled_4x4,144,impostor,29805.0
pooled_4x4,144,impostor,38192.0
pooled_4x4,144,impostor,33154.0
pooled_4x4,144,impostor,31946.0
pooled_4x4,144,impostor,45148.0
pooled_4x4,144,impostor,48867.0
pooled_4x4,144,impostor,53512.0
pooled_4x4,144,impostor,31655.0
pooled_4x4,144,impostor,30155.0
pooled_4x4,144,impostor,29399.0
pooled_4x4,144,impostor,41720.0
pooled_4x4,144,impostor,27717.0
pooled_4x4,144,impostor,28682.0
pooled_4x4,144,impostor,28915.0
pooled_4x4,144,impostor,19252.0
pooled_4x4,144,impostor,24445.0
pooled_4x4,144,impostor,51921.0
pooled_4x4,144,impostor,38865.0
pooled_4x4,144,impostor,51235.0
pooled_4x4,144,impostor,10604.0
pooled_4x4,144,impostor,20468.0
pooled_4x4,144,impostor,43526.0
pooled_4x4,144,impostor,38307.0
pooled_4x4,144,impostor,18500.0
pooled_4x4,144,impostor,36787.0
pooled_4x4,144,impostor,39716.0
pooled_4x4,144,impostor,37046.0
pooled_4x4,144,impostor,32672.0
pooled_4x4,144,impostor,34486.0
pooled_4x4,144,impostor,40508.0
pooled_4x4,144,impostor,28661.0
pooled_4x4,144,impostor,45167.0
pooled_4x4,144,impostor,18052.0
pooled_4x4,144,impostor,24932.0
pooled_4x4,144,impostor,15367.0
pooled_4x4,144,impostor,33787.0
pooled_4x4,144,impostor,38478.0
pooled_4x4,144,impostor,25118.0
pooled_4x4,144,impostor,20089.0
pooled_4x4,144,impostor,23149.0
pooled_4x4,144,impostor,30898.0
pooled_4x4,144,impostor,39549.0
pooled_4x4,144,impostor,35116.0
pooled_4x4,144,impostor,18355.0
pooled_4x4,144,impostor,26114.0
pooled_4x4,144,impostor,30648.0
pooled_4x4,144,impostor,32327.0
pooled_4x4,144,impostor,33990.0
pooled_4x4,144,impostor,44264.0
pooled_4x4,144,impostor,34674.0
pooled_4x4,144,impostor,46619.0
pooled_4x4,144,impostor,48912.0
pooled_4x4,144,impostor,36236.0
pooled_4x4,144,impostor,28888.0
pooled_4x4,144,impostor,33915.0
pooled_4x4,144,impostor,22519.0
pooled_4x4,144,impostor,24677.0
pooled_4x4,144,impostor,24607.0
pooled_4x4,144,impostor,22376.0
pooled_4x4,144,impostor,16323.0
pooled_4x4,144,impostor,15739.0
pooled_4x4,144,impostor,17819.0
pooled_4x4,144,impostor,26931.0
pooled_4x4,144,impostor,22074.0
pooled_4x4,144,impostor,49199.0
pooled_4x4,144,impostor,49766.0
pooled_4x4,144,impostor,29230.0
pooled_4x4,144,impostor,59612.0
pooled_4x4,144,impostor,41851.0
pooled_4x4,144,impostor,45416.0
pooled_4x4,144,impostor,38738.0
pooled_4x4,144,impostor,52072.0
pooled_4x4,144,impostor,31414.0
pooled_4x4,144,impostor,41025.0
pooled_4x4,144,impostor,34927.0
pooled_4x4,144,impostor,33931.0
pooled_4x4,144,impostor,47049.0
pooled_4x4,144,impostor,51472.0
pooled_4x4,144,impostor,56275.0
pooled_4x4,144,impostor,32794.0
pooled_4x4,144,impostor,33782.0
pooled_4x4,144,impostor,32860.0
pooled_4x4,144,impostor,45673.0
pooled_4x4,144,impostor,30960.0
pooled_4x4,144,impostor,32415.0
pooled_4x4,144,impostor,33396.0
pooled_4x4,144,impostor,22693.0
pooled_4x4,144,impostor,25976.0
pooled_4x4,144,impostor,56386.0
pooled_4x4,144,impostor,42398.0
pooled_4x4,144,impostor,55916.0
pooled_4x4,144,impostor,13465.0
pooled_4x4,144,impostor,21079.0
pooled_4x4,144,impostor,47219.0
pooled_4x4,144,impostor,41236.0
pooled_4x4,144,impostor,20523.0
pooled_4x4,144,impostor,37928.0
pooled_4x4,144,impostor,42007.0
pooled_4x4,144,impostor,38603.0
pooled_4x4,144,impostor,34633.0
pooled_4x4,144,impostor,36873.0
pooled_4x4,144,impostor,42573.0
pooled_4x4,144,impostor,30216.0
pooled_4x4,144,impostor,47370.0
pooled_4x4,144,impostor,23235.0
pooled_4x4,144,impostor,28485.0
pooled_4x4,144,impostor,19264.0
pooled_4x4,144,impostor,37770.0
pooled_4x4,144,impostor,41349.0
pooled_4x4,144,impostor,27951.0
pooled_4x4,144,impostor,23664.0
pooled_4x4,144,impostor,26886.0
pooled_4x4,144,impostor,33679.0
pooled_4x4,144,impostor,43678.0
pooled_4x4,144,impostor,37573.0
pooled_4x4,144,impostor,19910.0
pooled_4x4,144,impostor,28597.0
pooled_4x4,144,impostor,32543.0
pooled_4x4,144,impostor,34378.0
pooled_4x4,144,impostor,35585.0
pooled_4x4,144,impostor,48249.0
pooled_4x4,144,impostor,38863.0
pooled_4x4,144,impostor,50806.0
pooled_4x4,144,impostor,52975.0
pooled_4x4,144,impostor,40013.0
pooled_4x4,144,impostor,32361.0
pooled_4x4,144,impostor,38032.0
pooled_4x4,144,impostor,25388.0
pooled_4x4,144,impostor,28758.0
pooled_4x4,144,impostor,28790.0
pooled_4x4,144,impostor,26359.0
pooled_4x4,144,impostor,19370.0
pooled_4x4,144,impostor,17844.0
pooled_4x4,144,impostor,19856.0
pooled_4x4,144,impostor,29730.0
pooled_4x4,144,impostor,24667.0
pooled_4x4,144,impostor,33858.0
pooled_4x4,144,impostor,32337.0
pooled_4x4,144,impostor,23315.0
pooled_4x4,144,impostor,45279.0
pooled_4x4,144,impostor,27404.0
pooled_4x4,144,impostor,29979.0
pooled_4x4,144,impostor,23631.0
pooled_4x4,144,impostor,35193.0
pooled_4x4,144,impostor,20961.0
pooled_4x4,144,impostor,30450.0
pooled_4x4,144,impostor,23156.0
pooled_4x4,144,impostor,23530.0
pooled_4x4,144,impostor,31800.0
pooled_4x4,144,impostor,36373.0
pooled_4x4,144,impostor,41254.0
pooled_4x4,144,impostor,20587.0
pooled_4x4,144,impostor,29087.0
pooled_4x4,144,impostor,29077.0
pooled_4x4,144,impostor,39450.0
pooled_4x4,144,impostor,26081.0
pooled_4x4,144,impostor,30616.0
pooled_4x4,144,impostor,36135.0
pooled_4x4,144,impostor,24224.0
pooled_4x4,144,impostor,17559.0
pooled_4x4,144,impostor,47657.0
pooled_4x4,144,impostor,33771.0
pooled_4x4,144,impostor,49083.0
pooled_4x4,144,impostor,17214.0
pooled_4x4,144,impostor,18534.0
pooled_4x4,144,impostor,39454.0
pooled_4x4,144,impostor,32467.0
pooled_4x4,144,impostor,20086.0
pooled_4x4,144,impostor,24765.0
pooled_4x4,144,impostor,30084.0
pooled_4x4,144,impostor,25816.0
pooled_4x4,144,impostor,24012.0
pooled_4x4,144,impostor,27548.0
pooled_4x4,144,impostor,29004.0
pooled_4x4,144,impostor,22033.0
pooled_4x4,144,impostor,32723.0
pooled_4x4,144,impostor,27926.0
pooled_4x4,144,impostor,28310.0
pooled_4x4,144,impostor,23185.0
pooled_4x4,144,impostor,34157.0
pooled_4x4,144,impostor,33054.0
pooled_4x4,144,impostor,25476.0
pooled_4x4,144,impostor,25637.0
pooled_4x4,144,impostor,27923.0
pooled_4x4,144,impostor,25390.0
pooled_4x4,144,impostor,35355.0
pooled_4x4,144,impostor,26424.0
pooled_4x4,144,impostor,13777.0
pooled_4x4,144,impostor,20658.0
pooled_4x4,144,impostor,20646.0
pooled_4x4,144,impostor,22541.0
pooled_4x4,144,impostor,22610.0
pooled_4x4,144,impostor,38852.0
pooled_4x4,144,impostor,36352.0
pooled_4x4,144,impostor,42885.0
pooled_4x4,144,impostor,44524.0
pooled_4x4,144,impostor,35646.0
pooled_4x4,144,impostor,27202.0
pooled_4x4,144,impostor,34359.0
pooled_4x4,144,impostor,22535.0
pooled_4x4,144,impostor,26185.0
pooled_4x4,144,impostor,24895.0
pooled_4x4,144,impostor,23646.0
pooled_4x4,144,impostor,17185.0
pooled_4x4,144,impostor,15619.0
pooled_4x4,144,impostor,16409.0
pooled_4x4,144,impostor,21567.0
pooled_4x4,144,impostor,17282.0
pooled_4x4,144,impostor,51597.0
pooled_4x4,144,impostor,53558.0
pooled_4x4,144,impostor,33548.0
pooled_4x4,144,impostor,60518.0
pooled_4x4,144,impostor,44775.0
pooled_4x4,144,impostor,48686.0
pooled_4x4,144,impostor,43258.0
pooled_4x4,144,impostor,55306.0
pooled_4x4,144,impostor,35418.0
pooled_4x4,144,impostor,44061.0
pooled_4x4,144,impostor,38593.0
pooled_4x4,144,impostor,37829.0
pooled_4x4,144,impostor,49637.0
pooled_4x4,144,impostor,52920.0
pooled_4x4,144,impostor,57365.0
pooled_4x4,144,impostor,36964.0
pooled_4x4,144,impostor,36740.0
pooled_4x4,144,impostor,36388.0
pooled_4x4,144,impostor,48011.0
pooled_4x4,144,impostor,34538.0
pooled_4x4,144,impostor,34603.0
pooled_4x4,144,impostor,34968.0
pooled_4x4,144,impostor,25877.0
pooled_4x4,144,impostor,29734.0
pooled_4x4,144,impostor,57166.0
pooled_4x4,144,impostor,46184.0
pooled_4x4,144,impostor,56386.0
pooled_4x4,144,impostor,15363.0
pooled_4x4,144,impostor,24859.0
pooled_4x4,144,impostor,51495.0
pooled_4x4,144,impostor,45598.0
pooled_4x4,144,impostor,24525.0
pooled_4x4,144,impostor,43770.0
pooled_4x4,144,impostor,44793.0
pooled_4x4,144,impostor,43351.0
pooled_4x4,144,impostor,38873.0
pooled_4x4,144,impostor,40299.0
pooled_4x4,144,impostor,45767.0
pooled_4x4,144,impostor,35954.0
pooled_4x4,144,impostor,50612.0
pooled_4x4,144,impostor,22595.0
pooled_4x4,144,impostor,31881.0
pooled_4x4,144,impostor,20294.0
pooled_4x4,144,impostor,41202.0
pooled_4x4,144,impostor,44691.0
pooled_4x4,144,impostor,31463.0
pooled_4x4,144,impostor,26196.0
pooled_4x4,144,impostor,29698.0
pooled_4x4,144,impostor,37431.0
pooled_4x4,144,impostor,42382.0
pooled_4x4,144,impostor,38943.0
pooled_4x4,144,impostor,23804.0
pooled_4x4,144,impostor,32545.0
pooled_4x4,144,impostor,35261.0
pooled_4x4,144,impostor,37946.0
pooled_4x4,144,impostor,39679.0
pooled_4x4,144,impostor,50255.0
pooled_4x4,144,impostor,41879.0
pooled_4x4,144,impostor,52582.0
pooled_4x4,144,impostor,55493.0
pooled_4x4,144,impostor,43365.0
pooled_4x4,144,impostor,35107.0
pooled_4x4,144,impostor,40872.0
pooled_4x4,144,impostor,28860.0
pooled_4x4,144,impostor,28880.0
pooled_4x4,144,impostor,28658.0
pooled_4x4,144,impostor,26315.0
pooled_4x4,144,impostor,19862.0
pooled_4x4,144,impostor,18616.0
pooled_4x4,144,impostor,20664.0
pooled_4x4,144,impostor,29508.0
pooled_4x4,144,impostor,26287.0
pooled_4x4,144,impostor,21753.0
pooled_4x4,144,impostor,33746.0
pooled_4x4,144,impostor,23702.0
pooled_4x4,144,impostor,25922.0
pooled_4x4,144,impostor,15042.0
pooled_4x4,144,impostor,14819.0
pooled_4x4,144,impostor,15528.0
pooled_4x4,144,impostor,19097.0
pooled_4x4,144,impostor,43773.0
pooled_4x4,144,impostor,49857.0
pooled_4x4,144,impostor,49776.0
pooled_4x4,144,impostor,45635.0
pooled_4x4,144,impostor,51448.0
pooled_4x4,144,impostor,64711.0
pooled_4x4,144,impostor,53588.0
pooled_4x4,144,impostor,39121.0
pooled_4x4,144,impostor,41969.0
pooled_4x4,144,impostor,40281.0
pooled_4x4,144,impostor,42397.0
pooled_4x4,144,impostor,47014.0
pooled_4x4,144,impostor,44724.0
pooled_4x4,144,impostor,50408.0
pooled_4x4,144,impostor,45261.0
pooled_4x4,144,impostor,51026.0
pooled_4x4,144,impostor,30727.0
pooled_4x4,144,impostor,22700.0
pooled_4x4,144,impostor,26726.0
pooled_4x4,144,impostor,28472.0
pooled_4x4,144,impostor,31168.0
pooled_4x4,144,impostor,21118.0
pooled_4x4,144,impostor,38223.0
pooled_4x4,144,impostor,14661.0
pooled_4x4,144,impostor,42952.0
pooled_4x4,144,impostor,45090.0
pooled_4x4,144,impostor,40783.0
pooled_4x4,144,impostor,41957.0
pooled_4x4,144,impostor,33280.0
pooled_4x4,144,impostor,42352.0
pooled_4x4,144,impostor,43729.0
pooled_4x4,144,impostor,45505.0
pooled_4x4,144,impostor,29260.0
pooled_4x4,144,impostor,12791.0
pooled_4x4,144,impostor,11516.0
pooled_4x4,144,impostor,29497.0
pooled_4x4,144,impostor,31344.0
pooled_4x4,144,impostor,14322.0
pooled_4x4,144,impostor,19319.0
pooled_4x4,144,impostor,15692.0
pooled_4x4,144,impostor,38560.0
pooled_4x4,144,impostor,49582.0
pooled_4x4,144,impostor,37895.0
pooled_4x4,144,impostor,41014.0
pooled_4x4,144,impostor,49584.0
pooled_4x4,144,impostor,43228.0
pooled_4x4,144,impostor,46637.0
pooled_4x4,144,impostor,43945.0
pooled_4x4,144,impostor,26951.0
pooled_4x4,144,impostor,25135.0
pooled_4x4,144,impostor,24958.0
pooled_4x4,144,impostor,24291.0
pooled_4x4,144,impostor,24827.0
pooled_4x4,144,impostor,22751.0
pooled_4x4,144,impostor,14423.0
pooled_4x4,144,impostor,24570.0
pooled_4x4,144,impostor,16958.0
pooled_4x4,144,impostor,17605.0
pooled_4x4,144,impostor,11797.0
pooled_4x4,144,impostor,14245.0
pooled_4x4,144,impostor,8215.0
pooled_4x4,144,impostor,8942.0
pooled_4x4,144,impostor,12259.0
pooled_4x4,144,impostor,18202.0
pooled_4x4,144,impostor,34102.0
pooled_4x4,144,impostor,39162.0
pooled_4x4,144,impostor,37197.0
pooled_4x4,144,impostor,37350.0
pooled_4x4,144,impostor,44363.0
pooled_4x4,144,impostor,56174.0
pooled_4x4,144,impostor,48561.0
pooled_4x4,144,impostor,36026.0
pooled_4x4,144,impostor,33720.0
pooled_4x4,144,impostor,33110.0
pooled_4x4,144,impostor,32008.0
pooled_4x4,144,impostor,43939.0
pooled_4x4,144,impostor,42343.0
pooled_4x4,144,impostor,43941.0
pooled_4x4,144,impostor,39828.0
pooled_4x4,144,impostor,47017.0
pooled_4x4,144,impostor,25350.0
pooled_4x4,144,impostor,13057.0
pooled_4x4,144,impostor,17719.0
pooled_4x4,144,impostor,21191.0
pooled_4x4,144,impostor,19635.0
pooled_4x4,144,impostor,10673.0
pooled_4x4,144,impostor,32260.0
pooled_4x4,144,impostor,19896.0
pooled_4x4,144,impostor,42775.0
pooled_4x4,144,impostor,42727.0
pooled_4x4,144,impostor,40676.0
pooled_4x4,144,impostor,38834.0
pooled_4x4,144,impostor,31763.0
pooled_4x4,144,impostor,41365.0
pooled_4x4,144,impostor,42158.0
pooled_4x4,144,impostor,43690.0
pooled_4x4,144,impostor,20121.0
pooled_4x4,144,impostor,19138.0
pooled_4x4,144,impostor,14281.0
pooled_4x4,144,impostor,29504.0
pooled_4x4,144,impostor,21455.0
pooled_4x4,144,impostor,15013.0
pooled_4x4,144,impostor,11486.0
pooled_4x4,144,impostor,13993.0
pooled_4x4,144,impostor,29077.0
pooled_4x4,144,impostor,39799.0
pooled_4x4,144,impostor,27762.0
pooled_4x4,144,impostor,31527.0
pooled_4x4,144,impostor,39073.0
pooled_4x4,144,impostor,35245.0
pooled_4x4,144,impostor,37680.0
pooled_4x4,144,impostor,37474.0
pooled_4x4,144,impostor,27034.0
pooled_4x4,144,impostor,24534.0
pooled_4x4,144,impostor,26049.0
pooled_4x4,144,impostor,25468.0
pooled_4x4,144,impostor,26454.0
pooled_4x4,144,impostor,24368.0
pooled_4x4,144,impostor,19004.0
pooled_4x4,144,impostor,19549.0
pooled_4x4,144,impostor,10234.0
pooled_4x4,144,impostor,12987.0
pooled_4x4,144,impostor,12317.0
pooled_4x4,144,impostor,8603.0
pooled_4x4,144,impostor,26117.0
pooled_4x4,144,impostor,32166.0
pooled_4x4,144,impostor,38399.0
pooled_4x4,144,impostor,14214.0
pooled_4x4,144,impostor,16214.0
pooled_4x4,144,impostor,17444.0
pooled_4x4,144,impostor,24103.0
pooled_4x4,144,impostor,17542.0
pooled_4x4,144,impostor,25545.0
pooled_4x4,144,impostor,31084.0
pooled_4x4,144,impostor,20759.0
pooled_4x4,144,impostor,20408.0
pooled_4x4,144,impostor,35402.0
pooled_4x4,144,impostor,21470.0
pooled_4x4,144,impostor,38882.0
pooled_4x4,144,impostor,17829.0
pooled_4x4,144,impostor,18591.0
pooled_4x4,144,impostor,24249.0
pooled_4x4,144,impostor,22882.0
pooled_4x4,144,impostor,19079.0
pooled_4x4,144,impostor,13836.0
pooled_4x4,144,impostor,18035.0
pooled_4x4,144,impostor,11455.0
pooled_4x4,144,impostor,9935.0
pooled_4x4,144,impostor,9625.0
pooled_4x4,144,impostor,17007.0
pooled_4x4,144,impostor,11228.0
pooled_4x4,144,impostor,27386.0
pooled_4x4,144,impostor,24697.0
pooled_4x4,144,impostor,20411.0
pooled_4x4,144,impostor,21496.0
pooled_4x4,144,impostor,19006.0
pooled_4x4,144,impostor,21981.0
pooled_4x4,144,impostor,19739.0
pooled_4x4,144,impostor,19758.0
pooled_4x4,144,impostor,19852.0
pooled_4x4,144,impostor,7033.0
pooled_4x4,144,impostor,34640.0
pooled_4x4,144,impostor,23493.0
pooled_4x4,144,impostor,11856.0
pooled_4x4,144,impostor,4937.0
pooled_4x4,144,impostor,17811.0
pooled_4x4,144,impostor,11204.0
pooled_4x4,144,impostor,14547.0
pooled_4x4,144,impostor,25909.0
pooled_4x4,144,impostor,16707.0
pooled_4x4,144,impostor,29382.0
pooled_4x4,144,impostor,24691.0
pooled_4x4,144,impostor,19633.0
pooled_4x4,144,impostor,19589.0
pooled_4x4,144,impostor,19790.0
pooled_4x4,144,impostor,15734.0
pooled_4x4,144,impostor,19968.0
pooled_4x4,144,impostor,18220.0
pooled_4x4,144,impostor,19753.0
pooled_4x4,144,impostor,18070.0
pooled_4x4,144,impostor,20208.0
pooled_4x4,144,impostor,20594.0
pooled_4x4,144,impostor,25298.0
pooled_4x4,144,impostor,14925.0
pooled_4x4,144,impostor,28568.0
pooled_4x4,144,impostor,36489.0
pooled_4x4,144,impostor,28365.0
pooled_4x4,144,impostor,32269.0
pooled_4x4,144,impostor,15219.0
pooled_4x4,144,impostor,11624.0
pooled_4x4,144,impostor,9465.0
pooled_4x4,144,impostor,27284.0
pooled_4x4,144,impostor,44424.0
pooled_4x4,144,impostor,50762.0
pooled_4x4,144,impostor,47947.0
pooled_4x4,144,impostor,47364.0
pooled_4x4,144,impostor,52043.0
pooled_4x4,144,impostor,63336.0
pooled_4x4,144,impostor,56777.0
pooled_4x4,144,impostor,44604.0
pooled_4x4,144,impostor,37454.0
pooled_4x4,144,impostor,40250.0
pooled_4x4,144,impostor,35194.0
pooled_4x4,144,impostor,52331.0
pooled_4x4,144,impostor,52319.0
pooled_4x4,144,impostor,51785.0
pooled_4x4,144,impostor,47024.0
pooled_4x4,144,impostor,56033.0
pooled_4x4,144,impostor,39068.0
pooled_4x4,144,impostor,29243.0
pooled_4x4,144,impostor,34097.0
pooled_4x4,144,impostor,36049.0
pooled_4x4,144,impostor,39899.0
pooled_4x4,144,impostor,25217.0
pooled_4x4,144,impostor,47876.0
pooled_4x4,144,impostor,18314.0
pooled_4x4,144,impostor,44825.0
pooled_4x4,144,impostor,49921.0
pooled_4x4,144,impostor,44880.0
pooled_4x4,144,impostor,45738.0
pooled_4x4,144,impostor,35593.0
pooled_4x4,144,impostor,47855.0
pooled_4x4,144,impostor,48438.0
pooled_4x4,144,impostor,50572.0
pooled_4x4,144,impostor,37377.0
pooled_4x4,144,impostor,10552.0
pooled_4x4,144,impostor,13803.0
pooled_4x4,144,impostor,39560.0
pooled_4x4,144,impostor,40409.0
pooled_4x4,144,impostor,18809.0
pooled_4x4,144,impostor,26092.0
pooled_4x4,144,impostor,21761.0
pooled_4x4,144,impostor,35897.0
pooled_4x4,144,impostor,50575.0
pooled_4x4,144,impostor,34236.0
pooled_4x4,144,impostor,40099.0
pooled_4x4,144,impostor,50115.0
pooled_4x4,144,impostor,44417.0
pooled_4x4,144,impostor,46830.0
pooled_4x4,144,impostor,47900.0
pooled_4x4,144,impostor,30118.0
pooled_4x4,144,impostor,29140.0
pooled_4x4,144,impostor,29423.0
pooled_4x4,144,impostor,29634.0
pooled_4x4,144,impostor,31074.0
pooled_4x4,144,impostor,28514.0
pooled_4x4,144,impostor,18220.0
pooled_4x4,144,impostor,28531.0
pooled_4x4,144,impostor,13185.0
pooled_4x4,144,impostor,23798.0
pooled_4x4,144,impostor,14550.0
pooled_4x4,144,impostor,16384.0
pooled_4x4,144,impostor,9512.0
pooled_4x4,144,impostor,11255.0
pooled_4x4,144,impostor,12442.0
pooled_4x4,144,impostor,10889.0
pooled_4x4,144,impostor,35787.0
pooled_4x4,144,impostor,41525.0
pooled_4x4,144,impostor,42108.0
pooled_4x4,144,impostor,37967.0
pooled_4x4,144,impostor,45020.0
pooled_4x4,144,impostor,57583.0
pooled_4x4,144,impostor,45886.0
pooled_4x4,144,impostor,33019.0
pooled_4x4,144,impostor,36439.0
pooled_4x4,144,impostor,34467.0
pooled_4x4,144,impostor,36521.0
pooled_4x4,144,impostor,38844.0
pooled_4x4,144,impostor,37716.0
pooled_4x4,144,impostor,44342.0
pooled_4x4,144,impostor,38733.0
pooled_4x4,144,impostor,43458.0
pooled_4x4,144,impostor,20385.0
pooled_4x4,144,impostor,16198.0
pooled_4x4,144,impostor,17398.0
pooled_4x4,144,impostor,18800.0
pooled_4x4,144,impostor,22286.0
pooled_4x4,144,impostor,13460.0
pooled_4x4,144,impostor,28159.0
pooled_4x4,144,impostor,9697.0
pooled_4x4,144,impostor,38330.0
pooled_4x4,144,impostor,39712.0
pooled_4x4,144,impostor,35739.0
pooled_4x4,144,impostor,36035.0
pooled_4x4,144,impostor,27520.0
pooled_4x4,144,impostor,37156.0
pooled_4x4,144,impostor,38125.0
pooled_4x4,144,impostor,39951.0
pooled_4x4,144,impostor,21054.0
pooled_4x4,144,impostor,11267.0
pooled_4x4,144,impostor,6234.0
pooled_4x4,144,impostor,21597.0
pooled_4x4,144,impostor,22946.0
pooled_4x4,144,impostor,7560.0
pooled_4x4,144,impostor,11625.0
pooled_4x4,144,impostor,7906.0
pooled_4x4,144,impostor,32978.0
pooled_4x4,144,impostor,41208.0
pooled_4x4,144,impostor,31967.0
pooled_4x4,144,impostor,34912.0
pooled_4x4,144,impostor,42108.0
pooled_4x4,144,impostor,37096.0
pooled_4x4,144,impostor,40037.0
pooled_4x4,144,impostor,36767.0
pooled_4x4,144,impostor,21953.0
pooled_4x4,144,impostor,20121.0
pooled_4x4,144,impostor,20358.0
pooled_4x4,144,impostor,18847.0
pooled_4x4,144,impostor,20333.0
pooled_4x4,144,impostor,18041.0
pooled_4x4,144,impostor,12343.0
pooled_4x4,144,impostor,17860.0
pooled_4x4,144,impostor,14810.0
pooled_4x4,144,impostor,13259.0
pooled_4x4,144,impostor,10271.0
pooled_4x4,144,impostor,11197.0
pooled_4x4,144,impostor,9003.0
pooled_4x4,144,impostor,10630.0
pooled_4x4,144,impostor,14551.0
pooled_4x4,144,impostor,16960.0
pooled_4x4,144,impostor,30176.0
pooled_4x4,144,impostor,35406.0
pooled_4x4,144,impostor,33267.0
pooled_4x4,144,impostor,33740.0
pooled_4x4,144,impostor,40567.0
pooled_4x4,144,impostor,52574.0
pooled_4x4,144,impostor,44983.0
pooled_4x4,144,impostor,32968.0
pooled_4x4,144,impostor,30380.0
pooled_4x4,144,impostor,30124.0
pooled_4x4,144,impostor,28772.0
pooled_4x4,144,impostor,39663.0
pooled_4x4,144,impostor,39037.0
pooled_4x4,144,impostor,40343.0
pooled_4x4,144,impostor,36560.0
pooled_4x4,144,impostor,43445.0
pooled_4x4,144,impostor,22546.0
pooled_4x4,144,impostor,8703.0
pooled_4x4,144,impostor,14307.0
pooled_4x4,144,impostor,17489.0
pooled_4x4,144,impostor,14255.0
pooled_4x4,144,impostor,8109.0
pooled_4x4,144,impostor,28684.0
pooled_4x4,144,impostor,19666.0
pooled_4x4,144,impostor,38477.0
pooled_4x4,144,impostor,39195.0
pooled_4x4,144,impostor,36410.0
pooled_4x4,144,impostor,35000.0
pooled_4x4,144,impostor,28827.0
pooled_4x4,144,impostor,37933.0
pooled_4x4,144,impostor,38326.0
pooled_4x4,144,impostor,39816.0
pooled_4x4,144,impostor,15465.0
pooled_4x4,144,impostor,18752.0
pooled_4x4,144,impostor,13485.0
pooled_4x4,144,impostor,26242.0
pooled_4x4,144,impostor,16835.0
pooled_4x4,144,impostor,14073.0
pooled_4x4,144,impostor,8772.0
pooled_4x4,144,impostor,12005.0
pooled_4x4,144,impostor,26471.0
pooled_4x4,144,impostor,35483.0
pooled_4x4,144,impostor,24680.0
pooled_4x4,144,impostor,27777.0
pooled_4x4,144,impostor,35495.0
pooled_4x4,144,impostor,31821.0
pooled_4x4,144,impostor,34216.0
pooled_4x4,144,impostor,33680.0
pooled_4x4,144,impostor,23130.0
pooled_4x4,144,impostor,20534.0
pooled_4x4,144,impostor,22227.0
pooled_4x4,144,impostor,21848.0
pooled_4x4,144,impostor,23104.0
pooled_4x4,144,impostor,21200.0
pooled_4x4,144,impostor,17490.0
pooled_4x4,144,impostor,16261.0
pooled_4x4,144,impostor,11368.0
pooled_4x4,144,impostor,22757.0
pooled_4x4,144,impostor,12367.0
pooled_4x4,144,impostor,14019.0
pooled_4x4,144,impostor,12181.0
pooled_4x4,144,impostor,16520.0
pooled_4x4,144,impostor,18897.0
pooled_4x4,144,impostor,9148.0
pooled_4x4,144,impostor,36852.0
pooled_4x4,144,impostor,41322.0
pooled_4x4,144,impostor,44021.0
pooled_4x4,144,impostor,38008.0
pooled_4x4,144,impostor,47709.0
pooled_4x4,144,impostor,59520.0
pooled_4x4,144,impostor,45455.0
pooled_4x4,144,impostor,30682.0
pooled_4x4,144,impostor,40304.0
pooled_4x4,144,impostor,34792.0
pooled_4x4,144,impostor,41124.0
pooled_4x4,144,impostor,38487.0
pooled_4x4,144,impostor,34541.0
pooled_4x4,144,impostor,44233.0
pooled_4x4,144,impostor,37678.0
pooled_4x4,144,impostor,40797.0
pooled_4x4,144,impostor,18232.0
pooled_4x4,144,impostor,19319.0
pooled_4x4,144,impostor,16933.0
pooled_4x4,144,impostor,18573.0
pooled_4x4,144,impostor,22461.0
pooled_4x4,144,impostor,14975.0
pooled_4x4,144,impostor,25338.0
pooled_4x4,144,impostor,12604.0
pooled_4x4,144,impostor,41961.0
pooled_4x4,144,impostor,41265.0
pooled_4x4,144,impostor,38636.0
pooled_4x4,144,impostor,38488.0
pooled_4x4,144,impostor,28941.0
pooled_4x4,144,impostor,38163.0
pooled_4x4,144,impostor,39742.0
pooled_4x4,144,impostor,41328.0
pooled_4x4,144,impostor,20441.0
pooled_4x4,144,impostor,20138.0
pooled_4x4,144,impostor,10247.0
pooled_4x4,144,impostor,19304.0
pooled_4x4,144,impostor,20959.0
pooled_4x4,144,impostor,9241.0
pooled_4x4,144,impostor,11658.0
pooled_4x4,144,impostor,8123.0
pooled_4x4,144,impostor,35057.0
pooled_4x4,144,impostor,42343.0
pooled_4x4,144,impostor,34962.0
pooled_4x4,144,impostor,37781.0
pooled_4x4,144,impostor,43347.0
pooled_4x4,144,impostor,38331.0
pooled_4x4,144,impostor,42120.0
pooled_4x4,144,impostor,36384.0
pooled_4x4,144,impostor,26910.0
pooled_4x4,144,impostor,24908.0
pooled_4x4,144,impostor,25377.0
pooled_4x4,144,impostor,22204.0
pooled_4x4,144,impostor,23378.0
pooled_4x4,144,impostor,21632.0
pooled_4x4,144,impostor,18834.0
pooled_4x4,144,impostor,20101.0
pooled_4x4,144,impostor,18718.0
pooled_4x4,144,impostor,23191.0
pooled_4x4,144,impostor,15005.0
pooled_4x4,144,impostor,18457.0
pooled_4x4,144,impostor,7553.0
pooled_4x4,144,impostor,7262.0
pooled_4x4,144,impostor,8431.0
pooled_4x4,144,impostor,18814.0
pooled_4x4,144,impostor,37800.0
pooled_4x4,144,impostor,43310.0
pooled_4x4,144,impostor,41013.0
pooled_4x4,144,impostor,41050.0
pooled_4x4,144,impostor,47471.0
pooled_4x4,144,impostor,59700.0
pooled_4x4,144,impostor,52045.0
pooled_4x4,144,impostor,39082.0
pooled_4x4,144,impostor,34520.0
pooled_4x4,144,impostor,35996.0
pooled_4x4,144,impostor,32606.0
pooled_4x4,144,impostor,47105.0
pooled_4x4,144,impostor,46217.0
pooled_4x4,144,impostor,47721.0
pooled_4x4,144,impostor,42956.0
pooled_4x4,144,impostor,50765.0
pooled_4x4,144,impostor,27832.0
pooled_4x4,144,impostor,17067.0
pooled_4x4,144,impostor,21399.0
pooled_4x4,144,impostor,24649.0
pooled_4x4,144,impostor,25271.0
pooled_4x4,144,impostor,13357.0
pooled_4x4,144,impostor,36404.0
pooled_4x4,144,impostor,16800.0
pooled_4x4,144,impostor,44589.0
pooled_4x4,144,impostor,45765.0
pooled_4x4,144,impostor,43040.0
pooled_4x4,144,impostor,41480.0
pooled_4x4,144,impostor,32595.0
pooled_4x4,144,impostor,44457.0
pooled_4x4,144,impostor,45290.0
pooled_4x4,144,impostor,47044.0
pooled_4x4,144,impostor,25047.0
pooled_4x4,144,impostor,15216.0
pooled_4x4,144,impostor,11319.0
pooled_4x4,144,impostor,31768.0
pooled_4x4,144,impostor,26705.0
pooled_4x4,144,impostor,13897.0
pooled_4x4,144,impostor,14330.0
pooled_4x4,144,impostor,14171.0
pooled_4x4,144,impostor,31065.0
pooled_4x4,144,impostor,44101.0
pooled_4x4,144,impostor,29118.0
pooled_4x4,144,impostor,34089.0
pooled_4x4,144,impostor,43367.0
pooled_4x4,144,impostor,38683.0
pooled_4x4,144,impostor,41336.0
pooled_4x4,144,impostor,41626.0
pooled_4x4,144,impostor,28048.0
pooled_4x4,144,impostor,25848.0
pooled_4x4,144,impostor,26975.0
pooled_4x4,144,impostor,26346.0
pooled_4x4,144,impostor,27166.0
pooled_4x4,144,impostor,24850.0
pooled_4x4,144,impostor,17860.0
pooled_4x4,144,impostor,21619.0
pooled_4x4,144,impostor,15158.0
pooled_4x4,144,impostor,18524.0
pooled_4x4,144,impostor,21591.0
pooled_4x4,144,impostor,17198.0
pooled_4x4,144,impostor,24145.0
pooled_4x4,144,impostor,33978.0
pooled_4x4,144,impostor,25209.0
pooled_4x4,144,impostor,18330.0
pooled_4x4,144,impostor,26072.0
pooled_4x4,144,impostor,17400.0
pooled_4x4,144,impostor,28930.0
pooled_4x4,144,impostor,20505.0
pooled_4x4,144,impostor,20619.0
pooled_4x4,144,impostor,22687.0
pooled_4x4,144,impostor,20668.0
pooled_4x4,144,impostor,21783.0
pooled_4x4,144,impostor,6110.0
pooled_4x4,144,impostor,11139.0
pooled_4x4,144,impostor,4987.0
pooled_4x4,144,impostor,4919.0
pooled_4x4,144,impostor,9549.0
pooled_4x4,144,impostor,6697.0
pooled_4x4,144,impostor,9464.0
pooled_4x4,144,impostor,10420.0
pooled_4x4,144,impostor,25885.0
pooled_4x4,144,impostor,20343.0
pooled_4x4,144,impostor,22046.0
pooled_4x4,144,impostor,16436.0
pooled_4x4,144,impostor,13427.0
pooled_4x4,144,impostor,18477.0
pooled_4x4,144,impostor,21064.0
pooled_4x4,144,impostor,21100.0
pooled_4x4,144,impostor,7477.0
pooled_4x4,144,impostor,16762.0
pooled_4x4,144,impostor,7869.0
pooled_4x4,144,impostor,8302.0
pooled_4x4,144,impostor,8065.0
pooled_4x4,144,impostor,4833.0
pooled_4x4,144,impostor,4122.0
pooled_4x4,144,impostor,4031.0
pooled_4x4,144,impostor,20327.0
pooled_4x4,144,impostor,20017.0
pooled_4x4,144,impostor,21610.0
pooled_4x4,144,impostor,19787.0
pooled_4x4,144,impostor,20297.0
pooled_4x4,144,impostor,18165.0
pooled_4x4,144,impostor,19612.0
pooled_4x4,144,impostor,17072.0
pooled_4x4,144,impostor,13376.0
pooled_4x4,144,impostor,12096.0
pooled_4x4,144,impostor,12819.0
pooled_4x4,144,impostor,11262.0
pooled_4x4,144,impostor,12284.0
pooled_4x4,144,impostor,11220.0
pooled_4x4,144,impostor,12808.0
pooled_4x4,144,impostor,8309.0
pooled_4x4,144,impostor,13903.0
pooled_4x4,144,impostor,17275.0
pooled_4x4,144,impostor,15492.0
pooled_4x4,144,impostor,17205.0
pooled_4x4,144,impostor,23802.0
pooled_4x4,144,impostor,32263.0
pooled_4x4,144,impostor,26334.0
pooled_4x4,144,impostor,19807.0
pooled_4x4,144,impostor,23011.0
pooled_4x4,144,impostor,15459.0
pooled_4x4,144,impostor,23367.0
pooled_4x4,144,impostor,25422.0
pooled_4x4,144,impostor,25814.0
pooled_4x4,144,impostor,21484.0
pooled_4x4,144,impostor,18825.0
pooled_4x4,144,impostor,26338.0
pooled_4x4,144,impostor,17481.0
pooled_4x4,144,impostor,7314.0
pooled_4x4,144,impostor,9438.0
pooled_4x4,144,impostor,11512.0
pooled_4x4,144,impostor,5684.0
pooled_4x4,144,impostor,8184.0
pooled_4x4,144,impostor,18331.0
pooled_4x4,144,impostor,21105.0
pooled_4x4,144,impostor,27248.0
pooled_4x4,144,impostor,25800.0
pooled_4x4,144,impostor,25409.0
pooled_4x4,144,impostor,20717.0
pooled_4x4,144,impostor,17624.0
pooled_4x4,144,impostor,23984.0
pooled_4x4,144,impostor,24401.0
pooled_4x4,144,impostor,24615.0
pooled_4x4,144,impostor,5418.0
pooled_4x4,144,impostor,23715.0
pooled_4x4,144,impostor,17902.0
pooled_4x4,144,impostor,20457.0
pooled_4x4,144,impostor,8862.0
pooled_4x4,144,impostor,15104.0
pooled_4x4,144,impostor,8079.0
pooled_4x4,144,impostor,12296.0
pooled_4x4,144,impostor,15552.0
pooled_4x4,144,impostor,16622.0
pooled_4x4,144,impostor,15921.0
pooled_4x4,144,impostor,16240.0
pooled_4x4,144,impostor,17430.0
pooled_4x4,144,impostor,18104.0
pooled_4x4,144,impostor,17765.0
pooled_4x4,144,impostor,16729.0
pooled_4x4,144,impostor,16649.0
pooled_4x4,144,impostor,14893.0
pooled_4x4,144,impostor,16948.0
pooled_4x4,144,impostor,16809.0
pooled_4x4,144,impostor,18863.0
pooled_4x4,144,impostor,17747.0
pooled_4x4,144,impostor,18841.0
pooled_4x4,144,impostor,10864.0
pooled_4x4,144,impostor,19677.0
pooled_4x4,144,impostor,23115.0
pooled_4x4,144,impostor,24584.0
pooled_4x4,144,impostor,22205.0
pooled_4x4,144,impostor,30338.0
pooled_4x4,144,impostor,39999.0
pooled_4x4,144,impostor,30376.0
pooled_4x4,144,impostor,22493.0
pooled_4x4,144,impostor,30249.0
pooled_4x4,144,impostor,22823.0
pooled_4x4,144,impostor,31347.0
pooled_4x4,144,impostor,25672.0
pooled_4x4,144,impostor,24218.0
pooled_4x4,144,impostor,30250.0
pooled_4x4,144,impostor,26463.0
pooled_4x4,144,impostor,27434.0
pooled_4x4,144,impostor,12831.0
pooled_4x4,144,impostor,9928.0
pooled_4x4,144,impostor,7966.0
pooled_4x4,144,impostor,9406.0
pooled_4x4,144,impostor,9582.0
pooled_4x4,144,impostor,5806.0
pooled_4x4,144,impostor,16865.0
pooled_4x4,144,impostor,15725.0
pooled_4x4,144,impostor,30402.0
pooled_4x4,144,impostor,27896.0
pooled_4x4,144,impostor,27033.0
pooled_4x4,144,impostor,24513.0
pooled_4x4,144,impostor,20388.0
pooled_4x4,144,impostor,26628.0
pooled_4x4,144,impostor,27219.0
pooled_4x4,144,impostor,28145.0
pooled_4x4,144,impostor,7188.0
pooled_4x4,144,impostor,19735.0
pooled_4x4,144,impostor,10732.0
pooled_4x4,144,impostor,15799.0
pooled_4x4,144,impostor,9288.0
pooled_4x4,144,impostor,7392.0
pooled_4x4,144,impostor,3735.0
pooled_4x4,144,impostor,7490.0
pooled_4x4,144,impostor,23736.0
pooled_4x4,144,impostor,25410.0
pooled_4x4,144,impostor,24705.0
pooled_4x4,144,impostor,25014.0
pooled_4x4,144,impostor,25878.0
pooled_4x4,144,impostor,23844.0
pooled_4x4,144,impostor,25393.0
pooled_4x4,144,impostor,21205.0
pooled_4x4,144,impostor,17189.0
pooled_4x4,144,impostor,15641.0
pooled_4x4,144,impostor,16452.0
pooled_4x4,144,impostor,14459.0
pooled_4x4,144,impostor,16079.0
pooled_4x4,144,impostor,14849.0
pooled_4x4,144,impostor,15213.0
pooled_4x4,144,impostor,10834.0
pooled_4x4,144,impostor,15753.0
pooled_4x4,144,impostor,19099.0
pooled_4x4,144,impostor,20430.0
pooled_4x4,144,impostor,18751.0
pooled_4x4,144,impostor,25858.0
pooled_4x4,144,impostor,35237.0
pooled_4x4,144,impostor,26646.0
pooled_4x4,144,impostor,20559.0
pooled_4x4,144,impostor,27291.0
pooled_4x4,144,impostor,18979.0
pooled_4x4,144,impostor,28919.0
pooled_4x4,144,impostor,22374.0
pooled_4x4,144,impostor,21600.0
pooled_4x4,144,impostor,25110.0
pooled_4x4,144,impostor,22441.0
pooled_4x4,144,impostor,23842.0
pooled_4x4,144,impostor,10995.0
pooled_4x4,144,impostor,7568.0
pooled_4x4,144,impostor,6058.0
pooled_4x4,144,impostor,7026.0
pooled_4x4,144,impostor,5814.0
pooled_4x4,144,impostor,5020.0
pooled_4x4,144,impostor,13431.0
pooled_4x4,144,impostor,16125.0
pooled_4x4,144,impostor,26922.0
pooled_4x4,144,impostor,23120.0
pooled_4x4,144,impostor,23441.0
pooled_4x4,144,impostor,19319.0
pooled_4x4,144,impostor,17112.0
pooled_4x4,144,impostor,21974.0
pooled_4x4,144,impostor,22685.0
pooled_4x4,144,impostor,23277.0
pooled_4x4,144,impostor,4090.0
pooled_4x4,144,impostor,20505.0
pooled_4x4,144,impostor,11672.0
pooled_4x4,144,impostor,13745.0
pooled_4x4,144,impostor,6498.0
pooled_4x4,144,impostor,8312.0
pooled_4x4,144,impostor,3275.0
pooled_4x4,144,impostor,7182.0
pooled_4x4,144,impostor,21060.0
pooled_4x4,144,impostor,20036.0
pooled_4x4,144,impostor,21845.0
pooled_4x4,144,impostor,20610.0
pooled_4x4,144,impostor,20880.0
pooled_4x4,144,impostor,20022.0
pooled_4x4,144,impostor,20321.0
pooled_4x4,144,impostor,17511.0
pooled_4x4,144,impostor,14529.0
pooled_4x4,144,impostor,13063.0
pooled_4x4,144,impostor,14024.0
pooled_4x4,144,impostor,12769.0
pooled_4x4,144,impostor,14609.0
pooled_4x4,144,impostor,13513.0
pooled_4x4,144,impostor,15189.0
pooled_4x4,144,impostor,9698.0
pooled_4x4,144,impostor,27119.0
pooled_4x4,144,impostor,32943.0
pooled_4x4,144,impostor,29236.0
pooled_4x4,144,impostor,31041.0
pooled_4x4,144,impostor,36860.0
pooled_4x4,144,impostor,49243.0
pooled_4x4,144,impostor,42874.0
pooled_4x4,144,impostor,31155.0
pooled_4x4,144,impostor,24543.0
pooled_4x4,144,impostor,25991.0
pooled_4x4,144,impostor,24893.0
pooled_4x4,144,impostor,37554.0
pooled_4x4,144,impostor,36086.0
pooled_4x4,144,impostor,35334.0
pooled_4x4,144,impostor,32205.0
pooled_4x4,144,impostor,39966.0
pooled_4x4,144,impostor,17091.0
pooled_4x4,144,impostor,11708.0
pooled_4x4,144,impostor,11348.0
pooled_4x4,144,impostor,14404.0
pooled_4x4,144,impostor,17018.0
pooled_4x4,144,impostor,5864.0
pooled_4x4,144,impostor,25877.0
pooled_4x4,144,impostor,9635.0
pooled_4x4,144,impostor,36142.0
pooled_4x4,144,impostor,36700.0
pooled_4x4,144,impostor,34613.0
pooled_4x4,144,impostor,29713.0
pooled_4x4,144,impostor,21408.0
pooled_4x4,144,impostor,34606.0
pooled_4x4,144,impostor,36249.0
pooled_4x4,144,impostor,37411.0
pooled_4x4,144,impostor,15676.0
pooled_4x4,144,impostor,11593.0
pooled_4x4,144,impostor,6026.0
pooled_4x4,144,impostor,22665.0
pooled_4x4,144,impostor,19482.0
pooled_4x4,144,impostor,6956.0
pooled_4x4,144,impostor,7509.0
pooled_4x4,144,impostor,7214.0
pooled_4x4,144,impostor,23780.0
pooled_4x4,144,impostor,33000.0
pooled_4x4,144,impostor,21753.0
pooled_4x4,144,impostor,24474.0
pooled_4x4,144,impostor,33014.0
pooled_4x4,144,impostor,29322.0
pooled_4x4,144,impostor,31325.0
pooled_4x4,144,impostor,32227.0
pooled_4x4,144,impostor,18515.0
pooled_4x4,144,impostor,16901.0
pooled_4x4,144,impostor,17954.0
pooled_4x4,144,impostor,17239.0
pooled_4x4,144,impostor,18507.0
pooled_4x4,144,impostor,16381.0
pooled_4x4,144,impostor,12017.0
pooled_4x4,144,impostor,14398.0
pooled_4x4,144,impostor,28470.0
pooled_4x4,144,impostor,34768.0
pooled_4x4,144,impostor,29501.0
pooled_4x4,144,impostor,32804.0
pooled_4x4,144,impostor,37429.0
pooled_4x4,144,impostor,49754.0
pooled_4x4,144,impostor,44857.0
pooled_4x4,144,impostor,33504.0
pooled_4x4,144,impostor,22960.0
pooled_4x4,144,impostor,27238.0
pooled_4x4,144,impostor,22092.0
pooled_4x4,144,impostor,40225.0
pooled_4x4,144,impostor,40271.0
pooled_4x4,144,impostor,37321.0
pooled_4x4,144,impostor,34430.0
pooled_4x4,144,impostor,43701.0
pooled_4x4,144,impostor,21454.0
pooled_4x4,144,impostor,13453.0
pooled_4x4,144,impostor,14611.0
pooled_4x4,144,impostor,17559.0
pooled_4x4,144,impostor,19975.0
pooled_4x4,144,impostor,8359.0
pooled_4x4,144,impostor,30030.0
pooled_4x4,144,impostor,10906.0
pooled_4x4,144,impostor,35751.0
pooled_4x4,144,impostor,39075.0
pooled_4x4,144,impostor,35496.0
pooled_4x4,144,impostor,31564.0
pooled_4x4,144,impostor,23273.0
pooled_4x4,144,impostor,37097.0
pooled_4x4,144,impostor,38368.0
pooled_4x4,144,impostor,39626.0
pooled_4x4,144,impostor,18919.0
pooled_4x4,144,impostor,9062.0
pooled_4x4,144,impostor,6767.0
pooled_4x4,144,impostor,26126.0
pooled_4x4,144,impostor,23063.0
pooled_4x4,144,impostor,9331.0
pooled_4x4,144,impostor,11216.0
pooled_4x4,144,impostor,10137.0
pooled_4x4,144,impostor,23045.0
pooled_4x4,144,impostor,34195.0
pooled_4x4,144,impostor,20510.0
pooled_4x4,144,impostor,24581.0
pooled_4x4,144,impostor,34089.0
pooled_4x4,144,impostor,30405.0
pooled_4x4,144,impostor,32306.0
pooled_4x4,144,impostor,34464.0
pooled_4x4,144,impostor,18150.0
pooled_4x4,144,impostor,16720.0
pooled_4x4,144,impostor,17881.0
pooled_4x4,144,impostor,17988.0
pooled_4x4,144,impostor,19216.0
pooled_4x4,144,impostor,16942.0
pooled_4x4,144,impostor,10518.0
pooled_4x4,144,impostor,15147.0
pooled_4x4,144,impostor,32591.0
pooled_4x4,144,impostor,39383.0
pooled_4x4,144,impostor,32582.0
pooled_4x4,144,impostor,37211.0
pooled_4x4,144,impostor,41006.0
pooled_4x4,144,impostor,54183.0
pooled_4x4,144,impostor,49876.0
pooled_4x4,144,impostor,37745.0
pooled_4x4,144,impostor,22905.0
pooled_4x4,144,impostor,30103.0
pooled_4x4,144,impostor,21977.0
pooled_4x4,144,impostor,45152.0
pooled_4x4,144,impostor,44728.0
pooled_4x4,144,impostor,40392.0
pooled_4x4,144,impostor,37709.0
pooled_4x4,144,impostor,48148.0
pooled_4x4,144,impostor,25579.0
pooled_4x4,144,impostor,17488.0
pooled_4x4,144,impostor,19040.0
pooled_4x4,144,impostor,21960.0
pooled_4x4,144,impostor,24772.0
pooled_4x4,144,impostor,11868.0
pooled_4x4,144,impostor,35303.0
pooled_4x4,144,impostor,11301.0
pooled_4x4,144,impostor,38932.0
pooled_4x4,144,impostor,42976.0
pooled_4x4,144,impostor,39125.0
pooled_4x4,144,impostor,34495.0
pooled_4x4,144,impostor,25006.0
pooled_4x4,144,impostor,40836.0
pooled_4x4,144,impostor,42339.0
pooled_4x4,144,impostor,43717.0
pooled_4x4,144,impostor,23520.0
pooled_4x4,144,impostor,8973.0
pooled_4x4,144,impostor,7566.0
pooled_4x4,144,impostor,30411.0
pooled_4x4,144,impostor,28280.0
pooled_4x4,144,impostor,11786.0
pooled_4x4,144,impostor,15517.0
pooled_4x4,144,impostor,12832.0
pooled_4x4,144,impostor,25382.0
pooled_4x4,144,impostor,38510.0
pooled_4x4,144,impostor,21847.0
pooled_4x4,144,impostor,26590.0
pooled_4x4,144,impostor,38388.0
pooled_4x4,144,impostor,34356.0
pooled_4x4,144,impostor,36051.0
pooled_4x4,144,impostor,39525.0
pooled_4x4,144,impostor,20587.0
pooled_4x4,144,impostor,19485.0
pooled_4x4,144,impostor,20548.0
pooled_4x4,144,impostor,21041.0
pooled_4x4,144,impostor,22419.0
pooled_4x4,144,impostor,19945.0
pooled_4x4,144,impostor,12211.0
pooled_4x4,144,impostor,19200.0
pooled_4x4,144,impostor,21576.0
pooled_4x4,144,impostor,25336.0
pooled_4x4,144,impostor,29121.0
pooled_4x4,144,impostor,23150.0
pooled_4x4,144,impostor,30383.0
pooled_4x4,144,impostor,40596.0
pooled_4x4,144,impostor,30599.0
pooled_4x4,144,impostor,21814.0
pooled_4x4,144,impostor,31610.0
pooled_4x4,144,impostor,22572.0
pooled_4x4,144,impostor,34506.0
pooled_4x4,144,impostor,24475.0
pooled_4x4,144,impostor,22631.0
pooled_4x4,144,impostor,27899.0
pooled_4x4,144,impostor,25468.0
pooled_4x4,144,impostor,25309.0
pooled_4x4,144,impostor,6538.0
pooled_4x4,144,impostor,14761.0
pooled_4x4,144,impostor,7511.0
pooled_4x4,144,impostor,7191.0
pooled_4x4,144,impostor,14185.0
pooled_4x4,144,impostor,9513.0
pooled_4x4,144,impostor,11462.0
pooled_4x4,144,impostor,9666.0
pooled_4x4,144,impostor,30619.0
pooled_4x4,144,impostor,24713.0
pooled_4x4,144,impostor,26218.0
pooled_4x4,144,impostor,21200.0
pooled_4x4,144,impostor,17163.0
pooled_4x4,144,impostor,22067.0
pooled_4x4,144,impostor,25354.0
pooled_4x4,144,impostor,25562.0
pooled_4x4,144,impostor,12463.0
pooled_4x4,144,impostor,17922.0
pooled_4x4,144,impostor,7963.0
pooled_4x4,144,impostor,9072.0
pooled_4x4,144,impostor,12595.0
pooled_4x4,144,impostor,4873.0
pooled_4x4,144,impostor,6754.0
pooled_4x4,144,impostor,4331.0
pooled_4x4,144,impostor,26303.0
pooled_4x4,144,impostor,26819.0
pooled_4x4,144,impostor,27532.0
pooled_4x4,144,impostor,25831.0
pooled_4x4,144,impostor,26767.0
pooled_4x4,144,impostor,23839.0
pooled_4x4,144,impostor,25972.0
pooled_4x4,144,impostor,22538.0
pooled_4x4,144,impostor,17292.0
pooled_4x4,144,impostor,15876.0
pooled_4x4,144,impostor,16361.0
pooled_4x4,144,impostor,14354.0
pooled_4x4,144,impostor,15586.0
pooled_4x4,144,impostor,14122.0
pooled_4x4,144,impostor,14274.0
pooled_4x4,144,impostor,12137.0
pooled_4x4,144,impostor,16274.0
pooled_4x4,144,impostor,5374.0
pooled_4x4,144,impostor,21236.0
pooled_4x4,144,impostor,11097.0
pooled_4x4,144,impostor,18769.0
pooled_4x4,144,impostor,7101.0
pooled_4x4,144,impostor,7502.0
pooled_4x4,144,impostor,11463.0
pooled_4x4,144,impostor,14372.0
pooled_4x4,144,impostor,18883.0
pooled_4x4,144,impostor,12989.0
pooled_4x4,144,impostor,11251.0
pooled_4x4,144,impostor,13231.0
pooled_4x4,144,impostor,19171.0
pooled_4x4,144,impostor,10804.0
pooled_4x4,144,impostor,23352.0
pooled_4x4,144,impostor,15131.0
pooled_4x4,144,impostor,8121.0
pooled_4x4,144,impostor,14030.0
pooled_4x4,144,impostor,4276.0
pooled_4x4,144,impostor,7393.0
pooled_4x4,144,impostor,6691.0
pooled_4x4,144,impostor,10260.0
pooled_4x4,144,impostor,8730.0
pooled_4x4,144,impostor,11755.0
pooled_4x4,144,impostor,26650.0
pooled_4x4,144,impostor,22257.0
pooled_4x4,144,impostor,13972.0
pooled_4x4,144,impostor,10837.0
pooled_4x4,144,impostor,19011.0
pooled_4x4,144,impostor,16880.0
pooled_4x4,144,impostor,17777.0
pooled_4x4,144,impostor,7123.0
pooled_4x4,144,impostor,3765.0
pooled_4x4,144,impostor,11260.0
pooled_4x4,144,impostor,7341.0
pooled_4x4,144,impostor,2667.0
pooled_4x4,144,impostor,2911.0
pooled_4x4,144,impostor,2570.0
pooled_4x4,144,impostor,4594.0
pooled_4x4,144,impostor,12542.0
pooled_4x4,144,impostor,12472.0
pooled_4x4,144,impostor,13803.0
pooled_4x4,144,impostor,13964.0
pooled_4x4,144,impostor,14230.0
pooled_4x4,144,impostor,14918.0
pooled_4x4,144,impostor,20014.0
pooled_4x4,144,impostor,8931.0
pooled_4x4,144,impostor,21142.0
pooled_4x4,144,impostor,7072.0
pooled_4x4,144,impostor,26682.0
pooled_4x4,144,impostor,10429.0
pooled_4x4,144,impostor,18547.0
pooled_4x4,144,impostor,7613.0
pooled_4x4,144,impostor,8066.0
pooled_4x4,144,impostor,10075.0
pooled_4x4,144,impostor,17072.0
pooled_4x4,144,impostor,24223.0
pooled_4x4,144,impostor,16835.0
pooled_4x4,144,impostor,14845.0
pooled_4x4,144,impostor,17049.0
pooled_4x4,144,impostor,24037.0
pooled_4x4,144,impostor,11922.0
pooled_4x4,144,impostor,28650.0
pooled_4x4,144,impostor,17035.0
pooled_4x4,144,impostor,8327.0
pooled_4x4,144,impostor,15680.0
pooled_4x4,144,impostor,6076.0
pooled_4x4,144,impostor,10755.0
pooled_4x4,144,impostor,7003.0
pooled_4x4,144,impostor,10720.0
pooled_4x4,144,impostor,8822.0
pooled_4x4,144,impostor,14949.0
pooled_4x4,144,impostor,33250.0
pooled_4x4,144,impostor,27715.0
pooled_4x4,144,impostor,16138.0
pooled_4x4,144,impostor,13045.0
pooled_4x4,144,impostor,23313.0
pooled_4x4,144,impostor,20866.0
pooled_4x4,144,impostor,22473.0
pooled_4x4,144,impostor,9973.0
pooled_4x4,144,impostor,4559.0
pooled_4x4,144,impostor,15490.0
pooled_4x4,144,impostor,11019.0
pooled_4x4,144,impostor,2983.0
pooled_4x4,144,impostor,3305.0
pooled_4x4,144,impostor,3126.0
pooled_4x4,144,impostor,4502.0
pooled_4x4,144,impostor,17326.0
pooled_4x4,144,impostor,17346.0
pooled_4x4,144,impostor,18507.0
pooled_4x4,144,impostor,17898.0
pooled_4x4,144,impostor,17746.0
pooled_4x4,144,impostor,18962.0
pooled_4x4,144,impostor,25300.0
pooled_4x4,144,impostor,12351.0
pooled_4x4,144,impostor,10779.0
pooled_4x4,144,impostor,7845.0
pooled_4x4,144,impostor,15603.0
pooled_4x4,144,impostor,22226.0
pooled_4x4,144,impostor,30570.0
pooled_4x4,144,impostor,9618.0
pooled_4x4,144,impostor,12185.0
pooled_4x4,144,impostor,22126.0
pooled_4x4,144,impostor,20289.0
pooled_4x4,144,impostor,21464.0
pooled_4x4,144,impostor,16128.0
pooled_4x4,144,impostor,16310.0
pooled_4x4,144,impostor,16124.0
pooled_4x4,144,impostor,21360.0
pooled_4x4,144,impostor,19181.0
pooled_4x4,144,impostor,26397.0
pooled_4x4,144,impostor,22118.0
pooled_4x4,144,impostor,17690.0
pooled_4x4,144,impostor,23613.0
pooled_4x4,144,impostor,8833.0
pooled_4x4,144,impostor,9724.0
pooled_4x4,144,impostor,15964.0
pooled_4x4,144,impostor,20629.0
pooled_4x4,144,impostor,18529.0
pooled_4x4,144,impostor,16062.0
pooled_4x4,144,impostor,29785.0
pooled_4x4,144,impostor,26872.0
pooled_4x4,144,impostor,24459.0
pooled_4x4,144,impostor,16054.0
pooled_4x4,144,impostor,25394.0
pooled_4x4,144,impostor,21631.0
pooled_4x4,144,impostor,23288.0
pooled_4x4,144,impostor,5838.0
pooled_4x4,144,impostor,8064.0
pooled_4x4,144,impostor,7405.0
pooled_4x4,144,impostor,4862.0
pooled_4x4,144,impostor,6380.0
pooled_4x4,144,impostor,6584.0
pooled_4x4,144,impostor,5849.0
pooled_4x4,144,impostor,11941.0
pooled_4x4,144,impostor,17603.0
pooled_4x4,144,impostor,17657.0
pooled_4x4,144,impostor,19858.0
pooled_4x4,144,impostor,21007.0
pooled_4x4,144,impostor,20931.0
pooled_4x4,144,impostor,21015.0
pooled_4x4,144,impostor,24935.0
pooled_4x4,144,impostor,13888.0
pooled_4x4,144,impostor,19520.0
pooled_4x4,144,impostor,5828.0
pooled_4x4,144,impostor,25542.0
pooled_4x4,144,impostor,9617.0
pooled_4x4,144,impostor,16887.0
pooled_4x4,144,impostor,6767.0
pooled_4x4,144,impostor,6352.0
pooled_4x4,144,impostor,8709.0
pooled_4x4,144,impostor,15514.0
pooled_4x4,144,impostor,23453.0
pooled_4x4,144,impostor,16171.0
pooled_4x4,144,impostor,14047.0
pooled_4x4,144,impostor,17581.0
pooled_4x4,144,impostor,23643.0
pooled_4x4,144,impostor,11180.0
pooled_4x4,144,impostor,25804.0
pooled_4x4,144,impostor,16907.0
pooled_4x4,144,impostor,8339.0
pooled_4x4,144,impostor,15058.0
pooled_4x4,144,impostor,6162.0
pooled_4x4,144,impostor,8749.0
pooled_4x4,144,impostor,5625.0
pooled_4x4,144,impostor,10420.0
pooled_4x4,144,impostor,8588.0
pooled_4x4,144,impostor,15517.0
pooled_4x4,144,impostor,30812.0
pooled_4x4,144,impostor,25459.0
pooled_4x4,144,impostor,13808.0
pooled_4x4,144,impostor,13463.0
pooled_4x4,144,impostor,21227.0
pooled_4x4,144,impostor,20206.0
pooled_4x4,144,impostor,20159.0
pooled_4x4,144,impostor,8851.0
pooled_4x4,144,impostor,6087.0
pooled_4x4,144,impostor,14944.0
pooled_4x4,144,impostor,10797.0
pooled_4x4,144,impostor,4233.0
pooled_4x4,144,impostor,2781.0
pooled_4x4,144,impostor,4212.0
pooled_4x4,144,impostor,4032.0
pooled_4x4,144,impostor,16642.0
pooled_4x4,144,impostor,16556.0
pooled_4x4,144,impostor,17517.0
pooled_4x4,144,impostor,16492.0
pooled_4x4,144,impostor,16488.0
pooled_4x4,144,impostor,17596.0
pooled_4x4,144,impostor,23318.0
pooled_4x4,144,impostor,11245.0
pooled_4x4,144,impostor,19459.0
pooled_4x4,144,impostor,9463.0
pooled_4x4,144,impostor,24315.0
pooled_4x4,144,impostor,11176.0
pooled_4x4,144,impostor,22904.0
pooled_4x4,144,impostor,9936.0
pooled_4x4,144,impostor,11283.0
pooled_4x4,144,impostor,13140.0
pooled_4x4,144,impostor,22525.0
pooled_4x4,144,impostor,27560.0
pooled_4x4,144,impostor,21932.0
pooled_4x4,144,impostor,19084.0
pooled_4x4,144,impostor,21120.0
pooled_4x4,144,impostor,28794.0
pooled_4x4,144,impostor,16169.0
pooled_4x4,144,impostor,32413.0
pooled_4x4,144,impostor,14216.0
pooled_4x4,144,impostor,8124.0
pooled_4x4,144,impostor,14135.0
pooled_4x4,144,impostor,6061.0
pooled_4x4,144,impostor,12526.0
pooled_4x4,144,impostor,7360.0
pooled_4x4,144,impostor,10461.0
pooled_4x4,144,impostor,8755.0
pooled_4x4,144,impostor,20094.0
pooled_4x4,144,impostor,32337.0
pooled_4x4,144,impostor,30352.0
pooled_4x4,144,impostor,19033.0
pooled_4x4,144,impostor,17986.0
pooled_4x4,144,impostor,27524.0
pooled_4x4,144,impostor,26423.0
pooled_4x4,144,impostor,27582.0
pooled_4x4,144,impostor,11864.0
pooled_4x4,144,impostor,6546.0
pooled_4x4,144,impostor,16013.0
pooled_4x4,144,impostor,12344.0
pooled_4x4,144,impostor,4750.0
pooled_4x4,144,impostor,4018.0
pooled_4x4,144,impostor,3995.0
pooled_4x4,144,impostor,7081.0
pooled_4x4,144,impostor,16553.0
pooled_4x4,144,impostor,16959.0
pooled_4x4,144,impostor,17670.0
pooled_4x4,144,impostor,17621.0
pooled_4x4,144,impostor,17019.0
pooled_4x4,144,impostor,18239.0
pooled_4x4,144,impostor,24527.0
pooled_4x4,144,impostor,13506.0
pooled_4x4,144,impostor,32174.0
pooled_4x4,144,impostor,16328.0
pooled_4x4,144,impostor,35448.0
pooled_4x4,144,impostor,10269.0
pooled_4x4,144,impostor,23861.0
pooled_4x4,144,impostor,15537.0
pooled_4x4,144,impostor,16314.0
pooled_4x4,144,impostor,12731.0
pooled_4x4,144,impostor,33848.0
pooled_4x4,144,impostor,39041.0
pooled_4x4,144,impostor,33443.0
pooled_4x4,144,impostor,29535.0
pooled_4x4,144,impostor,30793.0
pooled_4x4,144,impostor,39607.0
pooled_4x4,144,impostor,23790.0
pooled_4x4,144,impostor,45778.0
pooled_4x4,144,impostor,13211.0
pooled_4x4,144,impostor,8521.0
pooled_4x4,144,impostor,14106.0
pooled_4x4,144,impostor,11454.0
pooled_4x4,144,impostor,22781.0
pooled_4x4,144,impostor,9979.0
pooled_4x4,144,impostor,9480.0
pooled_4x4,144,impostor,8190.0
pooled_4x4,144,impostor,28355.0
pooled_4x4,144,impostor,42510.0
pooled_4x4,144,impostor,41395.0
pooled_4x4,144,impostor,25712.0
pooled_4x4,144,impostor,25803.0
pooled_4x4,144,impostor,37777.0
pooled_4x4,144,impostor,36522.0
pooled_4x4,144,impostor,39257.0
pooled_4x4,144,impostor,22001.0
pooled_4x4,144,impostor,8147.0
pooled_4x4,144,impostor,26758.0
pooled_4x4,144,impostor,22967.0
pooled_4x4,144,impostor,7535.0
pooled_4x4,144,impostor,8925.0
pooled_4x4,144,impostor,7130.0
pooled_4x4,144,impostor,9248.0
pooled_4x4,144,impostor,23458.0
pooled_4x4,144,impostor,24244.0
pooled_4x4,144,impostor,24411.0
pooled_4x4,144,impostor,24208.0
pooled_4x4,144,impostor,24016.0
pooled_4x4,144,impostor,26154.0
pooled_4x4,144,impostor,33980.0
pooled_4x4,144,impostor,21669.0
pooled_4x4,144,impostor,34485.0
pooled_4x4,144,impostor,14365.0
pooled_4x4,144,impostor,38453.0
pooled_4x4,144,impostor,3338.0
pooled_4x4,144,impostor,12164.0
pooled_4x4,144,impostor,14398.0
pooled_4x4,144,impostor,12187.0
pooled_4x4,144,impostor,4266.0
pooled_4x4,144,impostor,26213.0
pooled_4x4,144,impostor,33740.0
pooled_4x4,144,impostor,27404.0
pooled_4x4,144,impostor,23144.0
pooled_4x4,144,impostor,25902.0
pooled_4x4,144,impostor,34204.0
pooled_4x4,144,impostor,16113.0
pooled_4x4,144,impostor,37791.0
pooled_4x4,144,impostor,11806.0
pooled_4x4,144,impostor,5648.0
pooled_4x4,144,impostor,9063.0
pooled_4x4,144,impostor,10955.0
pooled_4x4,144,impostor,18944.0
pooled_4x4,144,impostor,5078.0
pooled_4x4,144,impostor,4969.0
pooled_4x4,144,impostor,4419.0
pooled_4x4,144,impostor,22104.0
pooled_4x4,144,impostor,38375.0
pooled_4x4,144,impostor,34364.0
pooled_4x4,144,impostor,15835.0
pooled_4x4,144,impostor,19634.0
pooled_4x4,144,impostor,28990.0
pooled_4x4,144,impostor,28841.0
pooled_4x4,144,impostor,29712.0
pooled_4x4,144,impostor,21830.0
pooled_4x4,144,impostor,9626.0
pooled_4x4,144,impostor,28767.0
pooled_4x4,144,impostor,24808.0
pooled_4x4,144,impostor,8952.0
pooled_4x4,144,impostor,8222.0
pooled_4x4,144,impostor,8843.0
pooled_4x4,144,impostor,4189.0
pooled_4x4,144,impostor,20179.0
pooled_4x4,144,impostor,20587.0
pooled_4x4,144,impostor,20102.0
pooled_4x4,144,impostor,17899.0
pooled_4x4,144,impostor,18417.0
pooled_4x4,144,impostor,20569.0
pooled_4x4,144,impostor,28565.0
pooled_4x4,144,impostor,16956.0
pooled_4x4,144,impostor,27360.0
pooled_4x4,144,impostor,10278.0
pooled_4x4,144,impostor,33768.0
pooled_4x4,144,impostor,11875.0
pooled_4x4,144,impostor,11453.0
pooled_4x4,144,impostor,12769.0
pooled_4x4,144,impostor,7482.0
pooled_4x4,144,impostor,8103.0
pooled_4x4,144,impostor,18982.0
pooled_4x4,144,impostor,27653.0
pooled_4x4,144,impostor,20489.0
pooled_4x4,144,impostor,19771.0
pooled_4x4,144,impostor,23521.0
pooled_4x4,144,impostor,26187.0
pooled_4x4,144,impostor,16110.0
pooled_4x4,144,impostor,24824.0
pooled_4x4,144,impostor,22391.0
pooled_4x4,144,impostor,15641.0
pooled_4x4,144,impostor,19672.0
pooled_4x4,144,impostor,16460.0
pooled_4x4,144,impostor,11277.0
pooled_4x4,144,impostor,9111.0
pooled_4x4,144,impostor,15444.0
pooled_4x4,144,impostor,14430.0
pooled_4x4,144,impostor,20571.0
pooled_4x4,144,impostor,32038.0
pooled_4x4,144,impostor,24303.0
pooled_4x4,144,impostor,13580.0
pooled_4x4,144,impostor,18999.0
pooled_4x4,144,impostor,20391.0
pooled_4x4,144,impostor,22440.0
pooled_4x4,144,impostor,19437.0
pooled_4x4,144,impostor,14433.0
pooled_4x4,144,impostor,17499.0
pooled_4x4,144,impostor,22848.0
pooled_4x4,144,impostor,20791.0
pooled_4x4,144,impostor,14511.0
pooled_4x4,144,impostor,8497.0
pooled_4x4,144,impostor,14426.0
pooled_4x4,144,impostor,7422.0
pooled_4x4,144,impostor,22038.0
pooled_4x4,144,impostor,21670.0
pooled_4x4,144,impostor,21701.0
pooled_4x4,144,impostor,17954.0
pooled_4x4,144,impostor,17144.0
pooled_4x4,144,impostor,18406.0
pooled_4x4,144,impostor,22838.0
pooled_4x4,144,impostor,14157.0
pooled_4x4,144,impostor,26626.0
pooled_4x4,144,impostor,23105.0
pooled_4x4,144,impostor,21177.0
pooled_4x4,144,impostor,23175.0
pooled_4x4,144,impostor,23979.0
pooled_4x4,144,impostor,22413.0
pooled_4x4,144,impostor,30908.0
pooled_4x4,144,impostor,21568.0
pooled_4x4,144,impostor,29943.0
pooled_4x4,144,impostor,31901.0
pooled_4x4,144,impostor,32842.0
pooled_4x4,144,impostor,19628.0
pooled_4x4,144,impostor,13793.0
pooled_4x4,144,impostor,28721.0
pooled_4x4,144,impostor,33622.0
pooled_4x4,144,impostor,32362.0
pooled_4x4,144,impostor,24335.0
pooled_4x4,144,impostor,21982.0
pooled_4x4,144,impostor,23843.0
pooled_4x4,144,impostor,32076.0
pooled_4x4,144,impostor,26293.0
pooled_4x4,144,impostor,26531.0
pooled_4x4,144,impostor,25124.0
pooled_4x4,144,impostor,22937.0
pooled_4x4,144,impostor,8225.0
pooled_4x4,144,impostor,22603.0
pooled_4x4,144,impostor,3896.0
pooled_4x4,144,impostor,6957.0
pooled_4x4,144,impostor,21243.0
pooled_4x4,144,impostor,16841.0
pooled_4x4,144,impostor,18966.0
pooled_4x4,144,impostor,26890.0
pooled_4x4,144,impostor,21640.0
pooled_4x4,144,impostor,21198.0
pooled_4x4,144,impostor,23609.0
pooled_4x4,144,impostor,25334.0
pooled_4x4,144,impostor,25514.0
pooled_4x4,144,impostor,24792.0
pooled_4x4,144,impostor,24694.0
pooled_4x4,144,impostor,19483.0
pooled_4x4,144,impostor,17606.0
pooled_4x4,144,impostor,21027.0
pooled_4x4,144,impostor,16577.0
pooled_4x4,144,impostor,16813.0
pooled_4x4,144,impostor,18267.0
pooled_4x4,144,impostor,20205.0
pooled_4x4,144,impostor,16336.0
pooled_4x4,144,impostor,19430.0
pooled_4x4,144,impostor,21959.0
pooled_4x4,144,impostor,12343.0
pooled_4x4,144,impostor,20312.0
pooled_4x4,144,impostor,7178.0
pooled_4x4,144,impostor,4845.0
pooled_4x4,144,impostor,8683.0
pooled_4x4,144,impostor,14266.0
pooled_4x4,144,impostor,12164.0
pooled_4x4,144,impostor,15569.0
pooled_4x4,144,impostor,26442.0
pooled_4x4,144,impostor,22205.0
pooled_4x4,144,impostor,18308.0
pooled_4x4,144,impostor,16895.0
pooled_4x4,144,impostor,20091.0
pooled_4x4,144,impostor,19088.0
pooled_4x4,144,impostor,17521.0
pooled_4x4,144,impostor,4941.0
pooled_4x4,144,impostor,8473.0
pooled_4x4,144,impostor,9024.0
pooled_4x4,144,impostor,6201.0
pooled_4x4,144,impostor,5539.0
pooled_4x4,144,impostor,4347.0
pooled_4x4,144,impostor,4980.0
pooled_4x4,144,impostor,8286.0
pooled_4x4,144,impostor,18190.0
pooled_4x4,144,impostor,17690.0
pooled_4x4,144,impostor,19583.0
pooled_4x4,144,impostor,19366.0
pooled_4x4,144,impostor,19924.0
pooled_4x4,144,impostor,20500.0
pooled_4x4,144,impostor,23172.0
pooled_4x4,144,impostor,13717.0
pooled_4x4,144,impostor,30678.0
pooled_4x4,144,impostor,21653.0
pooled_4x4,144,impostor,23469.0
pooled_4x4,144,impostor,25645.0
pooled_4x4,144,impostor,24305.0
pooled_4x4,144,impostor,21893.0
pooled_4x4,144,impostor,34886.0
pooled_4x4,144,impostor,24878.0
pooled_4x4,144,impostor,28469.0
pooled_4x4,144,impostor,35835.0
pooled_4x4,144,impostor,32248.0
pooled_4x4,144,impostor,24888.0
pooled_4x4,144,impostor,20211.0
pooled_4x4,144,impostor,34507.0
pooled_4x4,144,impostor,36248.0
pooled_4x4,144,impostor,36168.0
pooled_4x4,144,impostor,25851.0
pooled_4x4,144,impostor,19504.0
pooled_4x4,144,impostor,24283.0
pooled_4x4,144,impostor,34748.0
pooled_4x4,144,impostor,28369.0
pooled_4x4,144,impostor,27817.0
pooled_4x4,144,impostor,26256.0
pooled_4x4,144,impostor,24809.0
pooled_4x4,144,impostor,14451.0
pooled_4x4,144,impostor,26003.0
pooled_4x4,144,impostor,5602.0
pooled_4x4,144,impostor,12369.0
pooled_4x4,144,impostor,26669.0
pooled_4x4,144,impostor,22891.0
pooled_4x4,144,impostor,24254.0
pooled_4x4,144,impostor,31536.0
pooled_4x4,144,impostor,20358.0
pooled_4x4,144,impostor,20346.0
pooled_4x4,144,impostor,22203.0
pooled_4x4,144,impostor,24428.0
pooled_4x4,144,impostor,24976.0
pooled_4x4,144,impostor,23854.0
pooled_4x4,144,impostor,23862.0
pooled_4x4,144,impostor,20045.0
pooled_4x4,144,impostor,23875.0
pooled_4x4,144,impostor,29144.0
pooled_4x4,144,impostor,24292.0
pooled_4x4,144,impostor,19560.0
pooled_4x4,144,impostor,22396.0
pooled_4x4,144,impostor,29828.0
pooled_4x4,144,impostor,14581.0
pooled_4x4,144,impostor,34255.0
pooled_4x4,144,impostor,8716.0
pooled_4x4,144,impostor,6712.0
pooled_4x4,144,impostor,5493.0
pooled_4x4,144,impostor,12909.0
pooled_4x4,144,impostor,19850.0
pooled_4x4,144,impostor,6712.0
pooled_4x4,144,impostor,4669.0
pooled_4x4,144,impostor,5659.0
pooled_4x4,144,impostor,19256.0
pooled_4x4,144,impostor,32783.0
pooled_4x4,144,impostor,28044.0
pooled_4x4,144,impostor,11025.0
pooled_4x4,144,impostor,17016.0
pooled_4x4,144,impostor,23348.0
pooled_4x4,144,impostor,24139.0
pooled_4x4,144,impostor,24774.0
pooled_4x4,144,impostor,25742.0
pooled_4x4,144,impostor,12896.0
pooled_4x4,144,impostor,30531.0
pooled_4x4,144,impostor,28198.0
pooled_4x4,144,impostor,13480.0
pooled_4x4,144,impostor,11242.0
pooled_4x4,144,impostor,12777.0
pooled_4x4,144,impostor,5531.0
pooled_4x4,144,impostor,14209.0
pooled_4x4,144,impostor,14607.0
pooled_4x4,144,impostor,13540.0
pooled_4x4,144,impostor,10821.0
pooled_4x4,144,impostor,11513.0
pooled_4x4,144,impostor,13261.0
pooled_4x4,144,impostor,21433.0
pooled_4x4,144,impostor,12626.0
pooled_4x4,144,impostor,24213.0
pooled_4x4,144,impostor,31728.0
pooled_4x4,144,impostor,25228.0
pooled_4x4,144,impostor,22448.0
pooled_4x4,144,impostor,25160.0
pooled_4x4,144,impostor,29818.0
pooled_4x4,144,impostor,16701.0
pooled_4x4,144,impostor,32661.0
pooled_4x4,144,impostor,20618.0
pooled_4x4,144,impostor,14804.0
pooled_4x4,144,impostor,15181.0
pooled_4x4,144,impostor,21115.0
pooled_4x4,144,impostor,20542.0
pooled_4x4,144,impostor,11314.0
pooled_4x4,144,impostor,11833.0
pooled_4x4,144,impostor,12859.0
pooled_4x4,144,impostor,21638.0
pooled_4x4,144,impostor,38221.0
pooled_4x4,144,impostor,28438.0
pooled_4x4,144,impostor,13687.0
pooled_4x4,144,impostor,21360.0
pooled_4x4,144,impostor,23064.0
pooled_4x4,144,impostor,25137.0
pooled_4x4,144,impostor,23530.0
pooled_4x4,144,impostor,31144.0
pooled_4x4,144,impostor,20628.0
pooled_4x4,144,impostor,38737.0
pooled_4x4,144,impostor,35004.0
pooled_4x4,144,impostor,20064.0
pooled_4x4,144,impostor,18502.0
pooled_4x4,144,impostor,20615.0
pooled_4x4,144,impostor,9991.0
pooled_4x4,144,impostor,21069.0
pooled_4x4,144,impostor,21641.0
pooled_4x4,144,impostor,20394.0
pooled_4x4,144,impostor,16647.0
pooled_4x4,144,impostor,16719.0
pooled_4x4,144,impostor,18315.0
pooled_4x4,144,impostor,25105.0
pooled_4x4,144,impostor,18414.0
pooled_4x4,144,impostor,19677.0
pooled_4x4,144,impostor,27678.0
pooled_4x4,144,impostor,20468.0
pooled_4x4,144,impostor,20076.0
pooled_4x4,144,impostor,22338.0
pooled_4x4,144,impostor,27078.0
pooled_4x4,144,impostor,16319.0
pooled_4x4,144,impostor,25981.0
pooled_4x4,144,impostor,25680.0
pooled_4x4,144,impostor,12668.0
pooled_4x4,144,impostor,23475.0
pooled_4x4,144,impostor,7471.0
pooled_4x4,144,impostor,8166.0
pooled_4x4,144,impostor,9070.0
pooled_4x4,144,impostor,15561.0
pooled_4x4,144,impostor,12475.0
pooled_4x4,144,impostor,20048.0
pooled_4x4,144,impostor,35461.0
pooled_4x4,144,impostor,30540.0
pooled_4x4,144,impostor,21535.0
pooled_4x4,144,impostor,20436.0
pooled_4x4,144,impostor,27336.0
pooled_4x4,144,impostor,25665.0
pooled_4x4,144,impostor,24320.0
pooled_4x4,144,impostor,9546.0
pooled_4x4,144,impostor,9180.0
pooled_4x4,144,impostor,14735.0
pooled_4x4,144,impostor,9028.0
pooled_4x4,144,impostor,6122.0
pooled_4x4,144,impostor,6320.0
pooled_4x4,144,impostor,6173.0
pooled_4x4,144,impostor,9885.0
pooled_4x4,144,impostor,24617.0
pooled_4x4,144,impostor,24277.0
pooled_4x4,144,impostor,26078.0
pooled_4x4,144,impostor,25929.0
pooled_4x4,144,impostor,26601.0
pooled_4x4,144,impostor,27571.0
pooled_4x4,144,impostor,31593.0
pooled_4x4,144,impostor,20118.0
pooled_4x4,144,impostor,18956.0
pooled_4x4,144,impostor,26755.0
pooled_4x4,144,impostor,19959.0
pooled_4x4,144,impostor,19999.0
pooled_4x4,144,impostor,21911.0
pooled_4x4,144,impostor,24909.0
pooled_4x4,144,impostor,16636.0
pooled_4x4,144,impostor,22902.0
pooled_4x4,144,impostor,24451.0
pooled_4x4,144,impostor,12429.0
pooled_4x4,144,impostor,21382.0
pooled_4x4,144,impostor,10014.0
pooled_4x4,144,impostor,6617.0
pooled_4x4,144,impostor,7829.0
pooled_4x4,144,impostor,13630.0
pooled_4x4,144,impostor,11730.0
pooled_4x4,144,impostor,18927.0
pooled_4x4,144,impostor,32796.0
pooled_4x4,144,impostor,26217.0
pooled_4x4,144,impostor,18398.0
pooled_4x4,144,impostor,20059.0
pooled_4x4,144,impostor,22727.0
pooled_4x4,144,impostor,23058.0
pooled_4x4,144,impostor,20597.0
pooled_4x4,144,impostor,9619.0
pooled_4x4,144,impostor,10357.0
pooled_4x4,144,impostor,16286.0
pooled_4x4,144,impostor,12263.0
pooled_4x4,144,impostor,6999.0
pooled_4x4,144,impostor,5947.0
pooled_4x4,144,impostor,7452.0
pooled_4x4,144,impostor,7120.0
pooled_4x4,144,impostor,22762.0
pooled_4x4,144,impostor,22422.0
pooled_4x4,144,impostor,23721.0
pooled_4x4,144,impostor,22436.0
pooled_4x4,144,impostor,22944.0
pooled_4x4,144,impostor,24016.0
pooled_4x4,144,impostor,27816.0
pooled_4x4,144,impostor,17129.0
pooled_4x4,144,impostor,23501.0
pooled_4x4,144,impostor,33412.0
pooled_4x4,144,impostor,25986.0
pooled_4x4,144,impostor,22410.0
pooled_4x4,144,impostor,25864.0
pooled_4x4,144,impostor,32372.0
pooled_4x4,144,impostor,14871.0
pooled_4x4,144,impostor,34033.0
pooled_4x4,144,impostor,16282.0
pooled_4x4,144,impostor,8278.0
pooled_4x4,144,impostor,12045.0
pooled_4x4,144,impostor,13567.0
pooled_4x4,144,impostor,16834.0
pooled_4x4,144,impostor,5586.0
pooled_4x4,144,impostor,7335.0
pooled_4x4,144,impostor,7003.0
pooled_4x4,144,impostor,21736.0
pooled_4x4,144,impostor,39241.0
pooled_4x4,144,impostor,31476.0
pooled_4x4,144,impostor,13467.0
pooled_4x4,144,impostor,20132.0
pooled_4x4,144,impostor,25738.0
pooled_4x4,144,impostor,27051.0
pooled_4x4,144,impostor,26066.0
pooled_4x4,144,impostor,24302.0
pooled_4x4,144,impostor,13926.0
pooled_4x4,144,impostor,31643.0
pooled_4x4,144,impostor,27628.0
pooled_4x4,144,impostor,12284.0
pooled_4x4,144,impostor,10328.0
pooled_4x4,144,impostor,12211.0
pooled_4x4,144,impostor,4585.0
pooled_4x4,144,impostor,21037.0
pooled_4x4,144,impostor,21683.0
pooled_4x4,144,impostor,20760.0
pooled_4x4,144,impostor,17523.0
pooled_4x4,144,impostor,17763.0
pooled_4x4,144,impostor,19899.0
pooled_4x4,144,impostor,28089.0
pooled_4x4,144,impostor,17550.0
pooled_4x4,144,impostor,32701.0
pooled_4x4,144,impostor,22969.0
pooled_4x4,144,impostor,27762.0
pooled_4x4,144,impostor,16808.0
pooled_4x4,144,impostor,13671.0
pooled_4x4,144,impostor,19837.0
pooled_4x4,144,impostor,25714.0
pooled_4x4,144,impostor,24708.0
pooled_4x4,144,impostor,11389.0
pooled_4x4,144,impostor,25170.0
pooled_4x4,144,impostor,13665.0
pooled_4x4,144,impostor,8458.0
pooled_4x4,144,impostor,10287.0
pooled_4x4,144,impostor,8613.0
pooled_4x4,144,impostor,9236.0
pooled_4x4,144,impostor,5837.0
pooled_4x4,144,impostor,20199.0
pooled_4x4,144,impostor,19835.0
pooled_4x4,144,impostor,22054.0
pooled_4x4,144,impostor,18413.0
pooled_4x4,144,impostor,18535.0
pooled_4x4,144,impostor,17975.0
pooled_4x4,144,impostor,19744.0
pooled_4x4,144,impostor,18072.0
pooled_4x4,144,impostor,19082.0
pooled_4x4,144,impostor,17738.0
pooled_4x4,144,impostor,19073.0
pooled_4x4,144,impostor,17734.0
pooled_4x4,144,impostor,18526.0
pooled_4x4,144,impostor,17194.0
pooled_4x4,144,impostor,19388.0
pooled_4x4,144,impostor,11723.0
pooled_4x4,144,impostor,27998.0
pooled_4x4,144,impostor,27496.0
pooled_4x4,144,impostor,25507.0
pooled_4x4,144,impostor,21453.0
pooled_4x4,144,impostor,20528.0
pooled_4x4,144,impostor,26998.0
pooled_4x4,144,impostor,27149.0
pooled_4x4,144,impostor,27817.0
pooled_4x4,144,impostor,6866.0
pooled_4x4,144,impostor,15301.0
pooled_4x4,144,impostor,11898.0
pooled_4x4,144,impostor,20395.0
pooled_4x4,144,impostor,10066.0
pooled_4x4,144,impostor,11600.0
pooled_4x4,144,impostor,5503.0
pooled_4x4,144,impostor,9568.0
pooled_4x4,144,impostor,21906.0
pooled_4x4,144,impostor,22300.0
pooled_4x4,144,impostor,18509.0
pooled_4x4,144,impostor,18712.0
pooled_4x4,144,impostor,23288.0
pooled_4x4,144,impostor,21900.0
pooled_4x4,144,impostor,22067.0
pooled_4x4,144,impostor,22719.0
pooled_4x4,144,impostor,12845.0
pooled_4x4,144,impostor,11003.0
pooled_4x4,144,impostor,12482.0
pooled_4x4,144,impostor,13779.0
pooled_4x4,144,impostor,15837.0
pooled_4x4,144,impostor,13767.0
pooled_4x4,144,impostor,12579.0
pooled_4x4,144,impostor,9826.0
pooled_4x4,144,impostor,28054.0
pooled_4x4,144,impostor,23682.0
pooled_4x4,144,impostor,24903.0
pooled_4x4,144,impostor,16393.0
pooled_4x4,144,impostor,13122.0
pooled_4x4,144,impostor,21680.0
pooled_4x4,144,impostor,24871.0
pooled_4x4,144,impostor,24689.0
pooled_4x4,144,impostor,5592.0
pooled_4x4,144,impostor,19307.0
pooled_4x4,144,impostor,10078.0
pooled_4x4,144,impostor,11089.0
pooled_4x4,144,impostor,6382.0
pooled_4x4,144,impostor,6828.0
pooled_4x4,144,impostor,3957.0
pooled_4x4,144,impostor,3862.0
pooled_4x4,144,impostor,16760.0
pooled_4x4,144,impostor,17068.0
pooled_4x4,144,impostor,16369.0
pooled_4x4,144,impostor,14406.0
pooled_4x4,144,impostor,16962.0
pooled_4x4,144,impostor,16794.0
pooled_4x4,144,impostor,17557.0
pooled_4x4,144,impostor,17173.0
pooled_4x4,144,impostor,13661.0
pooled_4x4,144,impostor,12169.0
pooled_4x4,144,impostor,13796.0
pooled_4x4,144,impostor,13537.0
pooled_4x4,144,impostor,14711.0
pooled_4x4,144,impostor,13111.0
pooled_4x4,144,impostor,14049.0
pooled_4x4,144,impostor,7658.0
pooled_4x4,144,impostor,23772.0
pooled_4x4,144,impostor,18804.0
pooled_4x4,144,impostor,20023.0
pooled_4x4,144,impostor,13047.0
pooled_4x4,144,impostor,13424.0
pooled_4x4,144,impostor,17690.0
pooled_4x4,144,impostor,20317.0
pooled_4x4,144,impostor,20107.0
pooled_4x4,144,impostor,5580.0
pooled_4x4,144,impostor,19739.0
pooled_4x4,144,impostor,11294.0
pooled_4x4,144,impostor,7525.0
pooled_4x4,144,impostor,5128.0
pooled_4x4,144,impostor,7322.0
pooled_4x4,144,impostor,5449.0
pooled_4x4,144,impostor,4984.0
pooled_4x4,144,impostor,18290.0
pooled_4x4,144,impostor,14902.0
pooled_4x4,144,impostor,18725.0
pooled_4x4,144,impostor,15616.0
pooled_4x4,144,impostor,15270.0
pooled_4x4,144,impostor,15574.0
pooled_4x4,144,impostor,15899.0
pooled_4x4,144,impostor,14703.0
pooled_4x4,144,impostor,11245.0
pooled_4x4,144,impostor,9883.0
pooled_4x4,144,impostor,11286.0
pooled_4x4,144,impostor,11237.0
pooled_4x4,144,impostor,12783.0
pooled_4x4,144,impostor,11355.0
pooled_4x4,144,impostor,13239.0
pooled_4x4,144,impostor,6216.0
pooled_4x4,144,impostor,23714.0
pooled_4x4,144,impostor,21280.0
pooled_4x4,144,impostor,20773.0
pooled_4x4,144,impostor,15869.0
pooled_4x4,144,impostor,17600.0
pooled_4x4,144,impostor,21448.0
pooled_4x4,144,impostor,21185.0
pooled_4x4,144,impostor,21669.0
pooled_4x4,144,impostor,2134.0
pooled_4x4,144,impostor,21447.0
pooled_4x4,144,impostor,14698.0
pooled_4x4,144,impostor,14797.0
pooled_4x4,144,impostor,3690.0
pooled_4x4,144,impostor,11810.0
pooled_4x4,144,impostor,4875.0
pooled_4x4,144,impostor,9458.0
pooled_4x4,144,impostor,20120.0
pooled_4x4,144,impostor,14932.0
pooled_4x4,144,impostor,18363.0
pooled_4x4,144,impostor,16372.0
pooled_4x4,144,impostor,16340.0
pooled_4x4,144,impostor,17420.0
pooled_4x4,144,impostor,16331.0
pooled_4x4,144,impostor,16049.0
pooled_4x4,144,impostor,11723.0
pooled_4x4,144,impostor,9999.0
pooled_4x4,144,impostor,11704.0
pooled_4x4,144,impostor,12679.0
pooled_4x4,144,impostor,14881.0
pooled_4x4,144,impostor,13599.0
pooled_4x4,144,impostor,15209.0
pooled_4x4,144,impostor,8038.0
pooled_4x4,144,impostor,29958.0
pooled_4x4,144,impostor,29178.0
pooled_4x4,144,impostor,27805.0
pooled_4x4,144,impostor,22759.0
pooled_4x4,144,impostor,17368.0
pooled_4x4,144,impostor,27980.0
pooled_4x4,144,impostor,28777.0
pooled_4x4,144,impostor,29639.0
pooled_4x4,144,impostor,6590.0
pooled_4x4,144,impostor,13775.0
pooled_4x4,144,impostor,7054.0
pooled_4x4,144,impostor,18443.0
pooled_4x4,144,impostor,10204.0
pooled_4x4,144,impostor,6424.0
pooled_4x4,144,impostor,2551.0
pooled_4x4,144,impostor,5096.0
pooled_4x4,144,impostor,19942.0
pooled_4x4,144,impostor,22668.0
pooled_4x4,144,impostor,17331.0
pooled_4x4,144,impostor,18250.0
pooled_4x4,144,impostor,23114.0
pooled_4x4,144,impostor,21994.0
pooled_4x4,144,impostor,22375.0
pooled_4x4,144,impostor,22805.0
pooled_4x4,144,impostor,13903.0
pooled_4x4,144,impostor,12237.0
pooled_4x4,144,impostor,13674.0
pooled_4x4,144,impostor,13929.0
pooled_4x4,144,impostor,15629.0
pooled_4x4,144,impostor,13615.0
pooled_4x4,144,impostor,11785.0
pooled_4x4,144,impostor,9406.0
pooled_4x4,144,impostor,25283.0
pooled_4x4,144,impostor,14163.0
pooled_4x4,144,impostor,19246.0
pooled_4x4,144,impostor,11980.0
pooled_4x4,144,impostor,15039.0
pooled_4x4,144,impostor,12437.0
pooled_4x4,144,impostor,16124.0
pooled_4x4,144,impostor,15148.0
pooled_4x4,144,impostor,11553.0
pooled_4x4,144,impostor,30774.0
pooled_4x4,144,impostor,21227.0
pooled_4x4,144,impostor,5210.0
pooled_4x4,144,impostor,9433.0
pooled_4x4,144,impostor,14429.0
pooled_4x4,144,impostor,13714.0
pooled_4x4,144,impostor,11865.0
pooled_4x4,144,impostor,21063.0
pooled_4x4,144,impostor,14167.0
pooled_4x4,144,impostor,24948.0
pooled_4x4,144,impostor,19805.0
pooled_4x4,144,impostor,13669.0
pooled_4x4,144,impostor,14523.0
pooled_4x4,144,impostor,15084.0
pooled_4x4,144,impostor,12476.0
pooled_4x4,144,impostor,17220.0
pooled_4x4,144,impostor,16154.0
pooled_4x4,144,impostor,16967.0
pooled_4x4,144,impostor,15576.0
pooled_4x4,144,impostor,16130.0
pooled_4x4,144,impostor,15756.0
pooled_4x4,144,impostor,21696.0
pooled_4x4,144,impostor,11289.0
pooled_4x4,144,impostor,34687.0
pooled_4x4,144,impostor,32165.0
pooled_4x4,144,impostor,32288.0
pooled_4x4,144,impostor,23910.0
pooled_4x4,144,impostor,12217.0
pooled_4x4,144,impostor,28187.0
pooled_4x4,144,impostor,32746.0
pooled_4x4,144,impostor,33038.0
pooled_4x4,144,impostor,17051.0
pooled_4x4,144,impostor,11010.0
pooled_4x4,144,impostor,4287.0
pooled_4x4,144,impostor,17626.0
pooled_4x4,144,impostor,19865.0
pooled_4x4,144,impostor,4355.0
pooled_4x4,144,impostor,10246.0
pooled_4x4,144,impostor,3877.0
pooled_4x4,144,impostor,18591.0
pooled_4x4,144,impostor,29417.0
pooled_4x4,144,impostor,17552.0
pooled_4x4,144,impostor,19279.0
pooled_4x4,144,impostor,27669.0
pooled_4x4,144,impostor,24743.0
pooled_4x4,144,impostor,26928.0
pooled_4x4,144,impostor,26476.0
pooled_4x4,144,impostor,18008.0
pooled_4x4,144,impostor,16630.0
pooled_4x4,144,impostor,17969.0
pooled_4x4,144,impostor,17554.0
pooled_4x4,144,impostor,18586.0
pooled_4x4,144,impostor,16730.0
pooled_4x4,144,impostor,12308.0
pooled_4x4,144,impostor,13825.0
pooled_4x4,144,impostor,19956.0
pooled_4x4,144,impostor,22919.0
pooled_4x4,144,impostor,25934.0
pooled_4x4,144,impostor,17823.0
pooled_4x4,144,impostor,19120.0
pooled_4x4,144,impostor,25460.0
pooled_4x4,144,impostor,25993.0
pooled_4x4,144,impostor,27576.0
pooled_4x4,144,impostor,25254.0
pooled_4x4,144,impostor,13232.0
pooled_4x4,144,impostor,24799.0
pooled_4x4,144,impostor,25468.0
pooled_4x4,144,impostor,16684.0
pooled_4x4,144,impostor,16078.0
pooled_4x4,144,impostor,14637.0
pooled_4x4,144,impostor,11981.0
pooled_4x4,144,impostor,7607.0
pooled_4x4,144,impostor,8729.0
pooled_4x4,144,impostor,7694.0
pooled_4x4,144,impostor,8237.0
pooled_4x4,144,impostor,9747.0
pooled_4x4,144,impostor,11079.0
pooled_4x4,144,impostor,15739.0
pooled_4x4,144,impostor,12596.0
pooled_4x4,144,impostor,17182.0
pooled_4x4,144,impostor,31081.0
pooled_4x4,144,impostor,28604.0
pooled_4x4,144,impostor,12625.0
pooled_4x4,144,impostor,16092.0
pooled_4x4,144,impostor,24568.0
pooled_4x4,144,impostor,24283.0
pooled_4x4,144,impostor,25224.0
pooled_4x4,144,impostor,20712.0
pooled_4x4,144,impostor,7118.0
pooled_4x4,144,impostor,25425.0
pooled_4x4,144,impostor,19766.0
pooled_4x4,144,impostor,7364.0
pooled_4x4,144,impostor,9874.0
pooled_4x4,144,impostor,7069.0
pooled_4x4,144,impostor,5955.0
pooled_4x4,144,impostor,13859.0
pooled_4x4,144,impostor,14387.0
pooled_4x4,144,impostor,14102.0
pooled_4x4,144,impostor,14127.0
pooled_4x4,144,impostor,15185.0
pooled_4x4,144,impostor,16697.0
pooled_4x4,144,impostor,22861.0
pooled_4x4,144,impostor,14384.0
pooled_4x4,144,impostor,17203.0
pooled_4x4,144,impostor,23968.0
pooled_4x4,144,impostor,24899.0
pooled_4x4,144,impostor,12814.0
pooled_4x4,144,impostor,16997.0
pooled_4x4,144,impostor,22371.0
pooled_4x4,144,impostor,22934.0
pooled_4x4,144,impostor,24267.0
pooled_4x4,144,impostor,26317.0
pooled_4x4,144,impostor,13109.0
pooled_4x4,144,impostor,27254.0
pooled_4x4,144,impostor,26593.0
pooled_4x4,144,impostor,15625.0
pooled_4x4,144,impostor,15427.0
pooled_4x4,144,impostor,14282.0
pooled_4x4,144,impostor,9638.0
pooled_4x4,144,impostor,7654.0
pooled_4x4,144,impostor,8378.0
pooled_4x4,144,impostor,7159.0
pooled_4x4,144,impostor,6770.0
pooled_4x4,144,impostor,8460.0
pooled_4x4,144,impostor,9660.0
pooled_4x4,144,impostor,15554.0
pooled_4x4,144,impostor,11209.0
pooled_4x4,144,impostor,13117.0
pooled_4x4,144,impostor,26296.0
pooled_4x4,144,impostor,23557.0
pooled_4x4,144,impostor,13778.0
pooled_4x4,144,impostor,12801.0
pooled_4x4,144,impostor,20933.0
pooled_4x4,144,impostor,19856.0
pooled_4x4,144,impostor,19731.0
pooled_4x4,144,impostor,12161.0
pooled_4x4,144,impostor,4813.0
pooled_4x4,144,impostor,14864.0
pooled_4x4,144,impostor,8875.0
pooled_4x4,144,impostor,4453.0
pooled_4x4,144,impostor,7177.0
pooled_4x4,144,impostor,3984.0
pooled_4x4,144,impostor,7380.0
pooled_4x4,144,impostor,11860.0
pooled_4x4,144,impostor,12172.0
pooled_4x4,144,impostor,13163.0
pooled_4x4,144,impostor,14490.0
pooled_4x4,144,impostor,15598.0
pooled_4x4,144,impostor,16212.0
pooled_4x4,144,impostor,20572.0
pooled_4x4,144,impostor,12159.0
pooled_4x4,144,impostor,15030.0
pooled_4x4,144,impostor,20627.0
pooled_4x4,144,impostor,15346.0
pooled_4x4,144,impostor,14393.0
pooled_4x4,144,impostor,16522.0
pooled_4x4,144,impostor,14564.0
pooled_4x4,144,impostor,16651.0
pooled_4x4,144,impostor,12160.0
pooled_4x4,144,impostor,6194.0
pooled_4x4,144,impostor,11692.0
pooled_4x4,144,impostor,9265.0
pooled_4x4,144,impostor,6484.0
pooled_4x4,144,impostor,9334.0
pooled_4x4,144,impostor,8406.0
pooled_4x4,144,impostor,9011.0
pooled_4x4,144,impostor,10481.0
pooled_4x4,144,impostor,14033.0
pooled_4x4,144,impostor,14101.0
pooled_4x4,144,impostor,15348.0
pooled_4x4,144,impostor,15215.0
pooled_4x4,144,impostor,15279.0
pooled_4x4,144,impostor,15349.0
pooled_4x4,144,impostor,17803.0
pooled_4x4,144,impostor,11634.0
pooled_4x4,144,impostor,17928.0
pooled_4x4,144,impostor,30743.0
pooled_4x4,144,impostor,26670.0
pooled_4x4,144,impostor,11295.0
pooled_4x4,144,impostor,17036.0
pooled_4x4,144,impostor,22642.0
pooled_4x4,144,impostor,23687.0
pooled_4x4,144,impostor,22236.0
pooled_4x4,144,impostor,16518.0
pooled_4x4,144,impostor,7988.0
pooled_4x4,144,impostor,23227.0
pooled_4x4,144,impostor,17280.0
pooled_4x4,144,impostor,6522.0
pooled_4x4,144,impostor,6834.0
pooled_4x4,144,impostor,6247.0
pooled_4x4,144,impostor,4431.0
pooled_4x4,144,impostor,15311.0
pooled_4x4,144,impostor,15643.0
pooled_4x4,144,impostor,15500.0
pooled_4x4,144,impostor,14515.0
pooled_4x4,144,impostor,15037.0
pooled_4x4,144,impostor,16409.0
pooled_4x4,144,impostor,22429.0
pooled_4x4,144,impostor,13874.0
pooled_4x4,144,impostor,17243.0
pooled_4x4,144,impostor,29234.0
pooled_4x4,144,impostor,27561.0
pooled_4x4,144,impostor,12808.0
pooled_4x4,144,impostor,17195.0
pooled_4x4,144,impostor,24113.0
pooled_4x4,144,impostor,23924.0
pooled_4x4,144,impostor,25029.0
pooled_4x4,144,impostor,22681.0
pooled_4x4,144,impostor,8467.0
pooled_4x4,144,impostor,26990.0
pooled_4x4,144,impostor,23089.0
pooled_4x4,144,impostor,9587.0
pooled_4x4,144,impostor,11037.0
pooled_4x4,144,impostor,8972.0
pooled_4x4,144,impostor,6192.0
pooled_4x4,144,impostor,12102.0
pooled_4x4,144,impostor,12628.0
pooled_4x4,144,impostor,11979.0
pooled_4x4,144,impostor,11440.0
pooled_4x4,144,impostor,12984.0
pooled_4x4,144,impostor,14542.0
pooled_4x4,144,impostor,21084.0
pooled_4x4,144,impostor,13797.0
pooled_4x4,144,impostor,17745.0
pooled_4x4,144,impostor,31022.0
pooled_4x4,144,impostor,29071.0
pooled_4x4,144,impostor,13450.0
pooled_4x4,144,impostor,17295.0
pooled_4x4,144,impostor,25429.0
pooled_4x4,144,impostor,24916.0
pooled_4x4,144,impostor,25761.0
pooled_4x4,144,impostor,20855.0
pooled_4x4,144,impostor,7097.0
pooled_4x4,144,impostor,25924.0
pooled_4x4,144,impostor,20717.0
pooled_4x4,144,impostor,7487.0
pooled_4x4,144,impostor,9339.0
pooled_4x4,144,impostor,7066.0
pooled_4x4,144,impostor,5680.0
pooled_4x4,144,impostor,13940.0
pooled_4x4,144,impostor,14434.0
pooled_4x4,144,impostor,14097.0
pooled_4x4,144,impostor,13794.0
pooled_4x4,144,impostor,15110.0
pooled_4x4,144,impostor,16726.0
pooled_4x4,144,impostor,23280.0
pooled_4x4,144,impostor,14855.0
pooled_4x4,144,impostor,18290.0
pooled_4x4,144,impostor,13128.0
pooled_4x4,144,impostor,18139.0
pooled_4x4,144,impostor,16120.0
pooled_4x4,144,impostor,14768.0
pooled_4x4,144,impostor,16290.0
pooled_4x4,144,impostor,14687.0
pooled_4x4,144,impostor,13101.0
pooled_4x4,144,impostor,10483.0
pooled_4x4,144,impostor,9113.0
pooled_4x4,144,impostor,10442.0
pooled_4x4,144,impostor,10757.0
pooled_4x4,144,impostor,13109.0
pooled_4x4,144,impostor,12489.0
pooled_4x4,144,impostor,13671.0
pooled_4x4,144,impostor,7188.0
pooled_4x4,144,impostor,23655.0
pooled_4x4,144,impostor,30751.0
pooled_4x4,144,impostor,19326.0
pooled_4x4,144,impostor,24237.0
pooled_4x4,144,impostor,31919.0
pooled_4x4,144,impostor,27767.0
pooled_4x4,144,impostor,28978.0
pooled_4x4,144,impostor,29888.0
pooled_4x4,144,impostor,10384.0
pooled_4x4,144,impostor,9680.0
pooled_4x4,144,impostor,9879.0
pooled_4x4,144,impostor,11844.0
pooled_4x4,144,impostor,13628.0
pooled_4x4,144,impostor,11576.0
pooled_4x4,144,impostor,5356.0
pooled_4x4,144,impostor,12139.0
pooled_4x4,144,impostor,21062.0
pooled_4x4,144,impostor,26764.0
pooled_4x4,144,impostor,19261.0
pooled_4x4,144,impostor,22056.0
pooled_4x4,144,impostor,27370.0
pooled_4x4,144,impostor,23678.0
pooled_4x4,144,impostor,25687.0
pooled_4x4,144,impostor,24301.0
pooled_4x4,144,impostor,11033.0
pooled_4x4,144,impostor,9955.0
pooled_4x4,144,impostor,10466.0
pooled_4x4,144,impostor,10289.0
pooled_4x4,144,impostor,11679.0
pooled_4x4,144,impostor,10051.0
pooled_4x4,144,impostor,5577.0
pooled_4x4,144,impostor,8862.0
pooled_4x4,144,impostor,23061.0
pooled_4x4,144,impostor,17345.0
pooled_4x4,144,impostor,26574.0
pooled_4x4,144,impostor,24109.0
pooled_4x4,144,impostor,18403.0
pooled_4x4,144,impostor,16541.0
pooled_4x4,144,impostor,18794.0
pooled_4x4,144,impostor,12840.0
pooled_4x4,144,impostor,12016.0
pooled_4x4,144,impostor,11054.0
pooled_4x4,144,impostor,10971.0
pooled_4x4,144,impostor,8760.0
pooled_4x4,144,impostor,9338.0
pooled_4x4,144,impostor,9516.0
pooled_4x4,144,impostor,13956.0
pooled_4x4,144,impostor,8143.0
pooled_4x4,144,impostor,19218.0
pooled_4x4,144,impostor,12764.0
pooled_4x4,144,impostor,20091.0
pooled_4x4,144,impostor,17294.0
pooled_4x4,144,impostor,14354.0
pooled_4x4,144,impostor,14820.0
pooled_4x4,144,impostor,14345.0
pooled_4x4,144,impostor,12143.0
pooled_4x4,144,impostor,12239.0
pooled_4x4,144,impostor,10665.0
pooled_4x4,144,impostor,12084.0
pooled_4x4,144,impostor,11675.0
pooled_4x4,144,impostor,13323.0
pooled_4x4,144,impostor,13205.0
pooled_4x4,144,impostor,15509.0
pooled_4x4,144,impostor,7042.0
pooled_4x4,144,impostor,21106.0
pooled_4x4,144,impostor,23946.0
pooled_4x4,144,impostor,21079.0
pooled_4x4,144,impostor,22648.0
pooled_4x4,144,impostor,24096.0
pooled_4x4,144,impostor,21392.0
pooled_4x4,144,impostor,23427.0
pooled_4x4,144,impostor,19599.0
pooled_4x4,144,impostor,11525.0
pooled_4x4,144,impostor,10137.0
pooled_4x4,144,impostor,10642.0
pooled_4x4,144,impostor,9503.0
pooled_4x4,144,impostor,10883.0
pooled_4x4,144,impostor,9425.0
pooled_4x4,144,impostor,6811.0
pooled_4x4,144,impostor,6662.0
pooled_4x4,144,impostor,20007.0
pooled_4x4,144,impostor,20689.0
pooled_4x4,144,impostor,19260.0
pooled_4x4,144,impostor,19407.0
pooled_4x4,144,impostor,21323.0
pooled_4x4,144,impostor,19791.0
pooled_4x4,144,impostor,20694.0
pooled_4x4,144,impostor,18514.0
pooled_4x4,144,impostor,12756.0
pooled_4x4,144,impostor,10840.0
pooled_4x4,144,impostor,12057.0
pooled_4x4,144,impostor,11518.0
pooled_4x4,144,impostor,13430.0
pooled_4x4,144,impostor,12012.0
pooled_4x4,144,impostor,10900.0
pooled_4x4,144,impostor,6851.0
pooled_4x4,144,impostor,18058.0
pooled_4x4,144,impostor,22420.0
pooled_4x4,144,impostor,17869.0
pooled_4x4,144,impostor,18522.0
pooled_4x4,144,impostor,22472.0
pooled_4x4,144,impostor,20202.0
pooled_4x4,144,impostor,22219.0
pooled_4x4,144,impostor,19577.0
pooled_4x4,144,impostor,12375.0
pooled_4x4,144,impostor,11005.0
pooled_4x4,144,impostor,12010.0
pooled_4x4,144,impostor,10971.0
pooled_4x4,144,impostor,12311.0
pooled_4x4,144,impostor,10831.0
pooled_4x4,144,impostor,9441.0
pooled_4x4,144,impostor,7338.0
pooled_4x4,144,impostor,18467.0
pooled_4x4,144,impostor,17931.0
pooled_4x4,144,impostor,20494.0
pooled_4x4,144,impostor,20969.0
pooled_4x4,144,impostor,20799.0
pooled_4x4,144,impostor,20839.0
pooled_4x4,144,impostor,21805.0
pooled_4x4,144,impostor,14028.0
pooled_4x4,144,impostor,13745.0
pooled_4x4,144,impostor,13953.0
pooled_4x4,144,impostor,15424.0
pooled_4x4,144,impostor,16821.0
pooled_4x4,144,impostor,17843.0
pooled_4x4,144,impostor,18761.0
pooled_4x4,144,impostor,24115.0
pooled_4x4,144,impostor,13034.0
pooled_4x4,144,impostor,16592.0
pooled_4x4,144,impostor,16332.0
pooled_4x4,144,impostor,18795.0
pooled_4x4,144,impostor,20310.0
pooled_4x4,144,impostor,20428.0
pooled_4x4,144,impostor,19910.0
pooled_4x4,144,impostor,20826.0
pooled_4x4,144,impostor,14571.0
pooled_4x4,144,impostor,17601.0
pooled_4x4,144,impostor,17107.0
pooled_4x4,144,impostor,20006.0
pooled_4x4,144,impostor,22005.0
pooled_4x4,144,impostor,22397.0
pooled_4x4,144,impostor,22085.0
pooled_4x4,144,impostor,23569.0
pooled_4x4,144,impostor,15740.0
pooled_4x4,144,impostor,16379.0
pooled_4x4,144,impostor,16417.0
pooled_4x4,144,impostor,18092.0
pooled_4x4,144,impostor,18877.0
pooled_4x4,144,impostor,19345.0
pooled_4x4,144,impostor,20209.0
pooled_4x4,144,impostor,25335.0
pooled_4x4,144,impostor,13414.0
pooled_4x4,144,impostor,15669.0
pooled_4x4,144,impostor,15311.0
pooled_4x4,144,impostor,16532.0
pooled_4x4,144,impostor,15903.0
pooled_4x4,144,impostor,15733.0
pooled_4x4,144,impostor,16569.0
pooled_4x4,144,impostor,21349.0
pooled_4x4,144,impostor,10720.0
pooled_4x4,144,impostor,14626.0
pooled_4x4,144,impostor,14686.0
pooled_4x4,144,impostor,16181.0
pooled_4x4,144,impostor,17060.0
pooled_4x4,144,impostor,17580.0
pooled_4x4,144,impostor,18420.0
pooled_4x4,144,impostor,23120.0
pooled_4x4,144,impostor,12745.0
pooled_4x4,144,impostor,13872.0
pooled_4x4,144,impostor,13990.0
pooled_4x4,144,impostor,14251.0
pooled_4x4,144,impostor,12844.0
pooled_4x4,144,impostor,13398.0
pooled_4x4,144,impostor,14562.0
pooled_4x4,144,impostor,20634.0
pooled_4x4,144,impostor,9737.0
